subject,skill,score,evidence,source
Mathematics,data-analysis,2,"Large data set + statistics (sampling, correlation, hypothesis testing) is a named, assessed strand, not the focus",DfE maths content https://assets.publishing.service.gov.uk/media/5a7f273a40f0b62305b85670/GCE_AS_and_A_level_subject_content_for_mathematics_with_appendices.pdf p.5-6
Mathematics,programming,0,,
Mathematics,digital-ai,1,"Graphing tools/spreadsheets 'must permeate' study (para 8) but incidental, not assessed as a digital-literacy skill",DfE maths content https://assets.publishing.service.gov.uk/media/5a7f273a40f0b62305b85670/GCE_AS_and_A_level_subject_content_for_mathematics_with_appendices.pdf p.5
Mathematics,cyber-security,0,,
Mathematics,numeracy,3,OT2/OT3 problem solving & modelling apply across 100% of content (para 11); the whole qualification is mathematical,DfE maths content https://assets.publishing.service.gov.uk/media/5a7f273a40f0b62305b85670/GCE_AS_and_A_level_subject_content_for_mathematics_with_appendices.pdf p.4-6
Mathematics,scientific-method,0,,
Mathematics,engineering,0,,
Mathematics,practical-making,0,,
Mathematics,sustainability,0,,
Mathematics,commercial,0,,
Mathematics,leadership,0,,
Mathematics,law-ethics,0,,
Mathematics,writing,1,"Students write short justifications/proofs, but written communication is not separately assessed",DfE maths content https://assets.publishing.service.gov.uk/media/5a7f273a40f0b62305b85670/GCE_AS_and_A_level_subject_content_for_mathematics_with_appendices.pdf p.4
Mathematics,speaking,0,,
Mathematics,languages,0,,
Mathematics,care-empathy,0,,
Mathematics,teamwork,0,,
Mathematics,customer-service,0,,
Mathematics,self-management,1,"Exam-only course, no NEA (rule 4)",DfE maths content https://assets.publishing.service.gov.uk/media/5a7f273a40f0b62305b85670/GCE_AS_and_A_level_subject_content_for_mathematics_with_appendices.pdf p.6
Mathematics,critical-thinking,1,"OT1.5 'comprehend and critique mathematical arguments' is about proof, not weighing general evidence",DfE maths content https://assets.publishing.service.gov.uk/media/5a7f273a40f0b62305b85670/GCE_AS_and_A_level_subject_content_for_mathematics_with_appendices.pdf p.4
Mathematics,problem-solving,3,OT2 Mathematical problem solving applies across 100% of content (anchor A1 analogue),"DfE maths content https://assets.publishing.service.gov.uk/media/5a7f273a40f0b62305b85670/GCE_AS_and_A_level_subject_content_for_mathematics_with_appendices.pdf p.4,6"
Mathematics,creativity,1,Modelling requires 'simplifying assumptions' (OT3.1) but this is not a creative-design skill,DfE maths content https://assets.publishing.service.gov.uk/media/5a7f273a40f0b62305b85670/GCE_AS_and_A_level_subject_content_for_mathematics_with_appendices.pdf p.5
Mathematics,content-production,0,,
Further Mathematics,data-analysis,0,,
Further Mathematics,programming,0,,
Further Mathematics,digital-ai,1,"Use of technology (graphing/matrices tools) permeates study as in Mathematics, incidental","DfE further maths content (gce-as-and-a-level-further-mathematics, via https://www.gov.uk/government/collections/gce-as-and-a-level-subject-content) p.4"
Further Mathematics,cyber-security,0,,
Further Mathematics,numeracy,3,"Prescribed core (~50%) plus options are entirely mathematical content, deeper than single Maths","DfE further maths content (gce-as-and-a-level-further-mathematics, via https://www.gov.uk/government/collections/gce-as-and-a-level-subject-content) p.4"
Further Mathematics,scientific-method,0,,
Further Mathematics,engineering,0,,
Further Mathematics,practical-making,0,,
Further Mathematics,sustainability,0,,
Further Mathematics,commercial,0,,
Further Mathematics,leadership,0,,
Further Mathematics,law-ethics,0,,
Further Mathematics,writing,1,As Mathematics: proofs/justifications written but not separately assessed,"DfE further maths content (gce-as-and-a-level-further-mathematics, via https://www.gov.uk/government/collections/gce-as-and-a-level-subject-content) p.3"
Further Mathematics,speaking,0,,
Further Mathematics,languages,0,,
Further Mathematics,care-empathy,0,,
Further Mathematics,teamwork,0,,
Further Mathematics,customer-service,0,,
Further Mathematics,self-management,1,"Exam-only course, no NEA (rule 4)","DfE further maths content (gce-as-and-a-level-further-mathematics, via https://www.gov.uk/government/collections/gce-as-and-a-level-subject-content) p.4"
Further Mathematics,critical-thinking,1,"Proof/argument construction is mathematical reasoning, not general evidence-weighing","DfE further maths content (gce-as-and-a-level-further-mathematics, via https://www.gov.uk/government/collections/gce-as-and-a-level-subject-content) p.3"
Further Mathematics,problem-solving,3,Overarching themes mirror A level Mathematics OT2 problem solving across the prescribed core,"DfE further maths content (gce-as-and-a-level-further-mathematics, via https://www.gov.uk/government/collections/gce-as-and-a-level-subject-content) p.3-4"
Further Mathematics,creativity,1,Selecting/constructing models involves some creative choice but is not assessed as design creativity,"DfE further maths content (gce-as-and-a-level-further-mathematics, via https://www.gov.uk/government/collections/gce-as-and-a-level-subject-content) p.3"
Further Mathematics,content-production,0,,
Statistics,data-analysis,3,"The entire content is the statistical enquiry cycle: sampling, distributions, correlation, hypothesis testing (100% of content)",DfE statistics content https://assets.publishing.service.gov.uk/media/5a803103e5274a2e8ab4eb7a/Statistics_AS_and_A_level_content_formatted.pdf p.2-4
Statistics,programming,0,,
Statistics,digital-ai,1,Must use technology/spreadsheets to explore large data sets (para 3) but incidental tool use,DfE statistics content https://assets.publishing.service.gov.uk/media/5a803103e5274a2e8ab4eb7a/Statistics_AS_and_A_level_content_formatted.pdf p.2
Statistics,cyber-security,0,,
Statistics,numeracy,3,"Whole qualification is mathematical: probability, distributions and test statistics (rule 2)",DfE statistics content https://assets.publishing.service.gov.uk/media/5a803103e5274a2e8ab4eb7a/Statistics_AS_and_A_level_content_formatted.pdf p.2-4
Statistics,scientific-method,1,Sampling and hypothesis-testing logic touches investigation design but there are no practicals,DfE statistics content https://assets.publishing.service.gov.uk/media/5a803103e5274a2e8ab4eb7a/Statistics_AS_and_A_level_content_formatted.pdf p.2
Statistics,engineering,0,,
Statistics,practical-making,0,,
Statistics,sustainability,0,,
Statistics,commercial,0,,
Statistics,leadership,0,,
Statistics,law-ethics,0,,
Statistics,writing,1,Conclusions must be justified in context but written communication is not separately assessed,DfE statistics content https://assets.publishing.service.gov.uk/media/5a803103e5274a2e8ab4eb7a/Statistics_AS_and_A_level_content_formatted.pdf p.2
Statistics,speaking,0,,
Statistics,languages,0,,
Statistics,care-empathy,0,,
Statistics,teamwork,0,,
Statistics,customer-service,0,,
Statistics,self-management,1,"Exam-only course, no NEA (rule 4)",DfE statistics content https://assets.publishing.service.gov.uk/media/5a803103e5274a2e8ab4eb7a/Statistics_AS_and_A_level_content_formatted.pdf p.2
Statistics,critical-thinking,2,"Must choose an appropriate test/approach and justify it 'in context', assessed throughout (para 3)",DfE statistics content https://assets.publishing.service.gov.uk/media/5a803103e5274a2e8ab4eb7a/Statistics_AS_and_A_level_content_formatted.pdf p.2
Statistics,problem-solving,2,Selecting the appropriate hypothesis test/technique for a context is a recurring assessed skill,DfE statistics content https://assets.publishing.service.gov.uk/media/5a803103e5274a2e8ab4eb7a/Statistics_AS_and_A_level_content_formatted.pdf p.2-3
Statistics,creativity,0,,
Statistics,content-production,0,,
Computer Science,data-analysis,2,"A level content requires databases, data modelling and data representation as a named, assessed area",DfE computer science content https://assets.publishing.service.gov.uk/media/5a7dbefb40f0b65d88634282/A_level_computer_science_subject_content.pdf p.2
Computer Science,programming,3,'Fundamentals of programming' is core content; OCR H446 assesses on-screen programming plus a 20% NEA project,"DfE computer science content https://assets.publishing.service.gov.uk/media/5a7dbefb40f0b65d88634282/A_level_computer_science_subject_content.pdf p.1, OCR A-level Computer Science H446 https://www.ocr.org.uk/qualifications/as-and-a-level/computer-science-h046-h446-from-2015/"
Computer Science,digital-ai,2,"DfE CS content: 'methods of capturing, selecting, exchanging and managing data to produce information' and the 'opportunities and risks of digital technology'.",https://assets.publishing.service.gov.uk/media/5a7dbefb40f0b65d88634282/A_level_computer_science_subject_content.pdf p.2
Computer Science,cyber-security,3,"Networks, protocols/standards and systems architecture are core assessed content across the specification",DfE computer science content https://assets.publishing.service.gov.uk/media/5a7dbefb40f0b65d88634282/A_level_computer_science_subject_content.pdf p.2
Computer Science,numeracy,2,Minimum 10% mathematics required in any accredited specification (rule 2),DfE computer science content https://assets.publishing.service.gov.uk/media/5a7dbefb40f0b65d88634282/A_level_computer_science_subject_content.pdf p.3
Computer Science,scientific-method,0,,
Computer Science,engineering,0,,
Computer Science,practical-making,0,,
Computer Science,sustainability,0,,
Computer Science,commercial,0,,
Computer Science,leadership,0,,
Computer Science,law-ethics,2,"'Individual (moral), social (ethical), legal and cultural opportunities and risks of digital technology' is assessed content (anchor A8)",DfE computer science content https://assets.publishing.service.gov.uk/media/5a7dbefb40f0b65d88634282/A_level_computer_science_subject_content.pdf p.2
Computer Science,writing,2,"OCR H446 NEA (20%) programming project is assessed through a documented written report of analysis, design, testing and evaluation.",https://www.ocr.org.uk/qualifications/as-and-a-level/computer-science-h046-h446-from-2015/
Computer Science,speaking,0,,
Computer Science,languages,0,,
Computer Science,care-empathy,0,,
Computer Science,teamwork,0,,
Computer Science,customer-service,0,,
Computer Science,self-management,2,NEA programming project is a substantial self-directed component (~20% at OCR) (rule 4),OCR A-level Computer Science H446 https://www.ocr.org.uk/qualifications/as-and-a-level/computer-science-h046-h446-from-2015/
Computer Science,critical-thinking,1,,
Computer Science,problem-solving,3,"'Take a systematic approach to problem solving' is a required, assessed skill (anchor-analogue, J2)",DfE computer science content https://assets.publishing.service.gov.uk/media/5a7dbefb40f0b65d88634282/A_level_computer_science_subject_content.pdf p.2
Computer Science,creativity,1,Program/algorithm design involves some creative choice but is not a named creativity AO,DfE computer science content https://assets.publishing.service.gov.uk/media/5a7dbefb40f0b65d88634282/A_level_computer_science_subject_content.pdf p.2
Computer Science,content-production,0,,
Biology,data-analysis,2,"AO3 'analyse and interpret data' assessed via practicals and exams, a regular but not majority focus",DfE science content (biology/chemistry/physics/psychology) https://assets.publishing.service.gov.uk/media/5a807949e5274a2e8ab50599/Science_AS_and_level_formatted.pdf p.4
Biology,programming,0,,
Biology,digital-ai,1,"Data-loggers/spreadsheets used in practicals, incidental",DfE science content (biology/chemistry/physics/psychology) https://assets.publishing.service.gov.uk/media/5a807949e5274a2e8ab50599/Science_AS_and_level_formatted.pdf p.4
Biology,cyber-security,0,,
Biology,numeracy,2,At least 10% of marks require level 2+ maths for biology (anchor A3),DfE science content (biology/chemistry/physics/psychology) https://assets.publishing.service.gov.uk/media/5a807949e5274a2e8ab50599/Science_AS_and_level_formatted.pdf p.24
Biology,scientific-method,3,"Minimum 12 practical activities contribute to the Practical Endorsement, also examined (Appendix 5)",DfE science content (biology/chemistry/physics/psychology) https://assets.publishing.service.gov.uk/media/5a807949e5274a2e8ab50599/Science_AS_and_level_formatted.pdf p.18
Biology,engineering,0,,
Biology,practical-making,2,"The 12 required practicals develop lab-equipment handling and technique, distinct from the investigative-method skill.",https://assets.publishing.service.gov.uk/media/5a807949e5274a2e8ab50599/Science_AS_and_level_formatted.pdf p.20-21
Biology,sustainability,2,Populations/ecosystems content covers biodiversity and human impact as a named assessed topic,AQA A-level Biology 7402 https://www.aqa.org.uk/subjects/biology/a-level/biology-7402
Biology,commercial,0,,
Biology,leadership,0,,
Biology,law-ethics,1,"Ethical issues (e.g. genetic technology) are studied as content, not assessed compliance practice (rule 1)",DfE science content (biology/chemistry/physics/psychology) https://assets.publishing.service.gov.uk/media/5a807949e5274a2e8ab50599/Science_AS_and_level_formatted.pdf p.4
Biology,writing,2,AQA 7402: Paper 1 includes '15 marks: extended response questions'; Paper 3 includes '25 marks: one essay from a choice of two titles'.,https://www.aqa.org.uk/subjects/biology/a-level/biology-7402/specification/specification-at-a-glance
Biology,speaking,0,,
Biology,languages,0,,
Biology,care-empathy,1,"Human health/disease topics are studied as knowledge, no caring practice (as anchor A18 logic)",DfE science content (biology/chemistry/physics/psychology) https://assets.publishing.service.gov.uk/media/5a807949e5274a2e8ab50599/Science_AS_and_level_formatted.pdf p.3
Biology,teamwork,0,,
Biology,customer-service,0,,
Biology,self-management,1,"Exam-only grading (Practical Endorsement is separately reported, not an NEA)",DfE science content (biology/chemistry/physics/psychology) https://assets.publishing.service.gov.uk/media/5a807949e5274a2e8ab50599/Science_AS_and_level_formatted.pdf p.18
Biology,critical-thinking,2,"'Evaluate methodology, evidence and data, and resolve conflicting evidence' is assessed working-scientifically content",DfE science content (biology/chemistry/physics/psychology) https://assets.publishing.service.gov.uk/media/5a807949e5274a2e8ab50599/Science_AS_and_level_formatted.pdf p.4
Biology,problem-solving,2,'Solve problems set in practical contexts' is an assessed skill (Appendix 5a),https://assets.publishing.service.gov.uk/media/5a807949e5274a2e8ab50599/Science_AS_and_level_formatted.pdf p.19
Biology,creativity,0,,
Biology,content-production,0,,
Chemistry,data-analysis,2,"AO3 data analysis assessed via practicals and exams, regular but not the qualification's focus",DfE science content (biology/chemistry/physics/psychology) https://assets.publishing.service.gov.uk/media/5a807949e5274a2e8ab50599/Science_AS_and_level_formatted.pdf p.4
Chemistry,programming,0,,
Chemistry,digital-ai,1,"Data-loggers/software used in practicals, incidental",DfE science content (biology/chemistry/physics/psychology) https://assets.publishing.service.gov.uk/media/5a807949e5274a2e8ab50599/Science_AS_and_level_formatted.pdf p.4
Chemistry,cyber-security,0,,
Chemistry,numeracy,2,At least 20% of marks require level 2+ maths for chemistry (anchor A3),DfE science content (biology/chemistry/physics/psychology) https://assets.publishing.service.gov.uk/media/5a807949e5274a2e8ab50599/Science_AS_and_level_formatted.pdf p.24
Chemistry,scientific-method,3,Minimum 12 practical activities contribute to the Practical Endorsement (anchor A5),DfE science content (biology/chemistry/physics/psychology) https://assets.publishing.service.gov.uk/media/5a807949e5274a2e8ab50599/Science_AS_and_level_formatted.pdf p.18
Chemistry,engineering,0,,
Chemistry,practical-making,2,"Required practical technique (titration, synthesis) is assessed, distinct from the investigative-method skill (rule 6).",https://assets.publishing.service.gov.uk/media/5a807949e5274a2e8ab50599/Science_AS_and_level_formatted.pdf p.20-21
Chemistry,sustainability,1,Industrial processes and atmospheric chemistry touch sustainability but are not a dedicated topic,AQA A-level Chemistry 7405 https://www.aqa.org.uk/subjects/chemistry/a-level/chemistry-7405
Chemistry,commercial,0,,
Chemistry,leadership,0,,
Chemistry,law-ethics,1,COSHH/safety procedure is followed in practicals but not assessed as compliance content,DfE science content (biology/chemistry/physics/psychology) https://assets.publishing.service.gov.uk/media/5a807949e5274a2e8ab50599/Science_AS_and_level_formatted.pdf p.19
Chemistry,writing,1,Some extended-response questions but written communication is not separately assessed,AQA A-level Chemistry 7405 https://www.aqa.org.uk/subjects/chemistry/a-level/chemistry-7405
Chemistry,speaking,0,,
Chemistry,languages,0,,
Chemistry,care-empathy,0,,
Chemistry,teamwork,0,,
Chemistry,customer-service,0,,
Chemistry,self-management,1,"Exam-only grading; Practical Endorsement is reported separately, not an NEA",DfE science content (biology/chemistry/physics/psychology) https://assets.publishing.service.gov.uk/media/5a807949e5274a2e8ab50599/Science_AS_and_level_formatted.pdf p.18
Chemistry,critical-thinking,2,"'Evaluate methodology, evidence and data' is assessed working-scientifically content",DfE science content (biology/chemistry/physics/psychology) https://assets.publishing.service.gov.uk/media/5a807949e5274a2e8ab50599/Science_AS_and_level_formatted.pdf p.4
Chemistry,problem-solving,2,'Solve problems set in practical contexts' is an assessed skill (Appendix 5a),DfE science content (biology/chemistry/physics/psychology) https://assets.publishing.service.gov.uk/media/5a807949e5274a2e8ab50599/Science_AS_and_level_formatted.pdf p.19
Chemistry,creativity,0,,
Chemistry,content-production,0,,
Physics,data-analysis,2,"AO3 data analysis assessed via practicals and exams, regular but not the qualification's focus",DfE science content (biology/chemistry/physics/psychology) https://assets.publishing.service.gov.uk/media/5a807949e5274a2e8ab50599/Science_AS_and_level_formatted.pdf p.4
Physics,programming,0,,
Physics,digital-ai,1,"Data-loggers/software used in practicals, incidental",DfE science content (biology/chemistry/physics/psychology) https://assets.publishing.service.gov.uk/media/5a807949e5274a2e8ab50599/Science_AS_and_level_formatted.pdf p.4
Physics,cyber-security,0,,
Physics,numeracy,3,At least 40% of marks require level 2+ maths for physics (anchor A2),DfE science content (biology/chemistry/physics/psychology) https://assets.publishing.service.gov.uk/media/5a807949e5274a2e8ab50599/Science_AS_and_level_formatted.pdf p.24
Physics,scientific-method,3,Minimum 12 practical activities contribute to the Practical Endorsement (anchor-analogue to A5),DfE science content (biology/chemistry/physics/psychology) https://assets.publishing.service.gov.uk/media/5a807949e5274a2e8ab50599/Science_AS_and_level_formatted.pdf p.18
Physics,engineering,2,"Forces, electricity and materials principles underpin engineering, but application to design is not required",AQA A-level Physics 7408 https://www.aqa.org.uk/subjects/physics/a-level/physics-7408
Physics,practical-making,2,"Required practical technique with apparatus is assessed, distinct from the investigative-method skill.",https://assets.publishing.service.gov.uk/media/5a807949e5274a2e8ab50599/Science_AS_and_level_formatted.pdf p.20-21
Physics,sustainability,1,Energy resources/nuclear topics touch sustainability lightly,AQA A-level Physics 7408 https://www.aqa.org.uk/subjects/physics/a-level/physics-7408
Physics,commercial,0,,
Physics,leadership,0,,
Physics,law-ethics,0,,
Physics,writing,1,Some extended-response questions but written communication is not separately assessed,AQA A-level Physics 7408 https://www.aqa.org.uk/subjects/physics/a-level/physics-7408
Physics,speaking,0,,
Physics,languages,0,,
Physics,care-empathy,0,,
Physics,teamwork,0,,
Physics,customer-service,0,,
Physics,self-management,1,"Exam-only grading; Practical Endorsement is reported separately, not an NEA",DfE science content (biology/chemistry/physics/psychology) https://assets.publishing.service.gov.uk/media/5a807949e5274a2e8ab50599/Science_AS_and_level_formatted.pdf p.18
Physics,critical-thinking,2,"'Evaluate methodology, evidence and data' is assessed working-scientifically content",DfE science content (biology/chemistry/physics/psychology) https://assets.publishing.service.gov.uk/media/5a807949e5274a2e8ab50599/Science_AS_and_level_formatted.pdf p.4
Physics,problem-solving,3,Multi-step quantitative problem solving across mechanics/fields/particles is central to assessment,"DfE science content (biology/chemistry/physics/psychology) https://assets.publishing.service.gov.uk/media/5a807949e5274a2e8ab50599/Science_AS_and_level_formatted.pdf p.3-4, AQA A-level Physics 7408 https://www.aqa.org.uk/subjects/physics/a-level/physics-7408"
Physics,creativity,0,,
Physics,content-production,0,,
Applied Science,data-analysis,3,"Unit 3 Science Investigation Skills (120/360 GLH=33%) is wholly about processing/analysing data (means, stats tests, error bars)","Pearson BTEC L3 Nat. Ext. Certificate in Applied Science spec https://qualifications.pearson.com/content/dam/pdf/BTEC-Nationals/Applied-Science/2016/specification-and-sample-assessments/BTEC-L3-Nat-ExtCert-in-Applied-Science-Spec.pdf Unit 3, p.41,49"
Applied Science,programming,0,,
Applied Science,digital-ai,1,"ICT/spreadsheets used in investigations, incidental",Pearson BTEC L3 Nat. Ext. Certificate in Applied Science spec https://qualifications.pearson.com/content/dam/pdf/BTEC-Nationals/Applied-Science/2016/specification-and-sample-assessments/BTEC-L3-Nat-ExtCert-in-Applied-Science-Spec.pdf p.4
Applied Science,cyber-security,0,,
Applied Science,numeracy,2,"Units 1 and 3 both require calculation, standard form, transposition of formulae as regular assessed content","Pearson BTEC L3 Nat. Ext. Certificate in Applied Science spec https://qualifications.pearson.com/content/dam/pdf/BTEC-Nationals/Applied-Science/2016/specification-and-sample-assessments/BTEC-L3-Nat-ExtCert-in-Applied-Science-Spec.pdf Unit 3, p.49"
Applied Science,scientific-method,3,Unit 2 Practical Scientific Procedures (25% internal) plus Unit 3 Investigation Skills (33% external) together exceed 20% and are the qualification's core,"Pearson BTEC L3 Nat. Ext. Certificate in Applied Science spec https://qualifications.pearson.com/content/dam/pdf/BTEC-Nationals/Applied-Science/2016/specification-and-sample-assessments/BTEC-L3-Nat-ExtCert-in-Applied-Science-Spec.pdf Units 2-3, p.29,39"
Applied Science,engineering,0,,
Applied Science,practical-making,2,Unit 2 'Practical Scientific Procedures and Techniques' (90 GLH=25%) develops hands-on equipment use,"Pearson BTEC L3 Nat. Ext. Certificate in Applied Science spec https://qualifications.pearson.com/content/dam/pdf/BTEC-Nationals/Applied-Science/2016/specification-and-sample-assessments/BTEC-L3-Nat-ExtCert-in-Applied-Science-Spec.pdf Unit 2, p.29"
Applied Science,sustainability,0,,
Applied Science,commercial,0,,
Applied Science,leadership,0,,
Applied Science,law-ethics,1,"Unit 3 requires understanding 'risks and hazards' of an investigation (A3), a minor sub-point","Pearson BTEC L3 Nat. Ext. Certificate in Applied Science spec https://qualifications.pearson.com/content/dam/pdf/BTEC-Nationals/Applied-Science/2016/specification-and-sample-assessments/BTEC-L3-Nat-ExtCert-in-Applied-Science-Spec.pdf Unit 3, p.41"
Applied Science,writing,2,"Mandatory internal Unit 2 (90 GLH) is evidenced by written reports, e.g. 'a report evaluating the accuracy of' procedures, plus a reflective report or presentation.",https://qualifications.pearson.com/content/dam/pdf/BTEC-Nationals/Applied-Science/2016/specification-and-sample-assessments/BTEC-L3-Nat-ExtCert-in-Applied-Science-Spec.pdf p.38
Applied Science,speaking,0,,
Applied Science,languages,0,,
Applied Science,care-empathy,0,,
Applied Science,teamwork,1,Unit 2 includes discussion/comparison of group results and 'interpersonal skills' as a minor reflective element.,https://qualifications.pearson.com/content/dam/pdf/BTEC-Nationals/Applied-Science/2016/specification-and-sample-assessments/BTEC-L3-Nat-ExtCert-in-Applied-Science-Spec.pdf p.38
Applied Science,customer-service,0,,
Applied Science,self-management,2,"Internally assessed coursework: Unit 2 (90 GLH) is internally assessed, and every optional unit is internal: 41.7% internally assessed.",https://qualifications.pearson.com/content/dam/pdf/BTEC-Nationals/Applied-Science/2016/specification-and-sample-assessments/BTEC-L3-Nat-ExtCert-in-Applied-Science-Spec.pdf p.20
Applied Science,critical-thinking,2,Unit 3 AO2/AO3 require interpreting and evaluating scientific information to reach reasoned judgements,"Pearson BTEC L3 Nat. Ext. Certificate in Applied Science spec https://qualifications.pearson.com/content/dam/pdf/BTEC-Nationals/Applied-Science/2016/specification-and-sample-assessments/BTEC-L3-Nat-ExtCert-in-Applied-Science-Spec.pdf Unit 3, p.40"
Applied Science,problem-solving,2,Unit 3 requires formulating a hypothesis and selecting appropriate equipment/techniques (A1-A2),"Pearson BTEC L3 Nat. Ext. Certificate in Applied Science spec https://qualifications.pearson.com/content/dam/pdf/BTEC-Nationals/Applied-Science/2016/specification-and-sample-assessments/BTEC-L3-Nat-ExtCert-in-Applied-Science-Spec.pdf Unit 3, p.41"
Applied Science,creativity,0,,
Applied Science,content-production,0,,
Environmental Science,data-analysis,2,"'Analyse and interpret quantitative and qualitative data' is assessed content, not the qualification's sole focus",DfE environmental science content https://assets.publishing.service.gov.uk/media/5a817b4ae5274a2e87dbddd8/Environmental_Science_A_level.pdf p.4
Environmental Science,programming,0,,
Environmental Science,digital-ai,1,"ICT used to answer scientific questions (para 9), incidental",DfE environmental science content https://assets.publishing.service.gov.uk/media/5a817b4ae5274a2e87dbddd8/Environmental_Science_A_level.pdf p.4
Environmental Science,cyber-security,0,,
Environmental Science,numeracy,2,At least 10% of assessment marks require mathematical skills (AQA 7447 Appendix B),"AQA A-level Environmental Science 7447 specification, Appendix B maths requirements https://www.aqa.org.uk/subjects/environmental-science/a-level/environmental-science-7447/specification/appendix-b-maths-requirements-and-examples"
Environmental Science,scientific-method,3,DfE requires 4 days' fieldwork (or 2 days + 12 lab activities) with 6 sampling techniques and 6 methodologies; research methods are examined in both papers.,https://assets.publishing.service.gov.uk/media/5a817b4ae5274a2e87dbddd8/Environmental_Science_A_level.pdf p.13-14; https://www.aqa.org.uk/subjects/environmental-science/a-level/environmental-science-7447/specification/specification-at-a-glance
Environmental Science,engineering,0,,
Environmental Science,practical-making,1,Fieldwork/lab technique is practised but sits mainly under scientific-method (rule 6),DfE environmental science content https://assets.publishing.service.gov.uk/media/5a817b4ae5274a2e87dbddd8/Environmental_Science_A_level.pdf p.13
Environmental Science,sustainability,3,One of six named areas of study is 'Sustainability'; the whole subject is about sustainable use of resources,"DfE environmental science content https://assets.publishing.service.gov.uk/media/5a817b4ae5274a2e87dbddd8/Environmental_Science_A_level.pdf p.3,5"
Environmental Science,commercial,0,,
Environmental Science,leadership,0,,
Environmental Science,law-ethics,2,"Legislation/protocols for habitat and species protection (e.g. trade controls) are named, assessed content",DfE environmental science content https://assets.publishing.service.gov.uk/media/5a817b4ae5274a2e87dbddd8/Environmental_Science_A_level.pdf p.6
Environmental Science,writing,2,Both papers include an 'extended writing' question type alongside multiple choice and short answer.,https://www.aqa.org.uk/subjects/environmental-science/a-level/environmental-science-7447/specification/specification-at-a-glance
Environmental Science,speaking,0,,
Environmental Science,languages,0,,
Environmental Science,care-empathy,0,,
Environmental Science,teamwork,0,,
Environmental Science,customer-service,0,,
Environmental Science,self-management,1,Exam-only structure; fieldwork requirement does not constitute an NEA (rule 4),DfE environmental science content https://assets.publishing.service.gov.uk/media/5a817b4ae5274a2e87dbddd8/Environmental_Science_A_level.pdf p.13
Environmental Science,critical-thinking,2,'Investigate and critically evaluate the quality...of scientific evidence for human impact' is assessed (para 14),DfE environmental science content https://assets.publishing.service.gov.uk/media/5a817b4ae5274a2e87dbddd8/Environmental_Science_A_level.pdf p.5
Environmental Science,problem-solving,2,DfE: practical skills assessed in the written papers include 'solve problems set in practical contexts' and applying knowledge to practical contexts.,https://assets.publishing.service.gov.uk/media/5a817b4ae5274a2e87dbddd8/Environmental_Science_A_level.pdf p.14
Environmental Science,creativity,0,,
Environmental Science,content-production,0,,
Psychology,data-analysis,2,"Descriptive and inferential statistics are required (AS/A level, anchor A6 context) but confined to research methods, not the whole course",DfE science content (biology/chemistry/physics/psychology) https://assets.publishing.service.gov.uk/media/5a807949e5274a2e8ab50599/Science_AS_and_level_formatted.pdf p.16-17
Psychology,programming,0,,
Psychology,digital-ai,0,,
Psychology,cyber-security,0,,
Psychology,numeracy,2,At least 10% of marks require level 2+ maths for psychology (anchor A3),DfE science content (biology/chemistry/physics/psychology) https://assets.publishing.service.gov.uk/media/5a807949e5274a2e8ab50599/Science_AS_and_level_formatted.pdf p.24
Psychology,scientific-method,2,"Design/reporting of investigations and inferential statistics required, but no required practicals/endorsement (anchor A6)",DfE science content (biology/chemistry/physics/psychology) https://assets.publishing.service.gov.uk/media/5a807949e5274a2e8ab50599/Science_AS_and_level_formatted.pdf p.17
Psychology,engineering,0,,
Psychology,practical-making,0,,
Psychology,sustainability,0,,
Psychology,commercial,0,,
Psychology,leadership,0,,
Psychology,law-ethics,2,"'Ethical issues in psychology' is a required, regularly assessed content area",DfE science content (biology/chemistry/physics/psychology) https://assets.publishing.service.gov.uk/media/5a807949e5274a2e8ab50599/Science_AS_and_level_formatted.pdf p.17
Psychology,writing,2,AQA 7182 assessment includes extended (e.g. 16-mark) essay questions across all three papers.,https://www.aqa.org.uk/subjects/psychology/a-level/psychology-7182/specification/specification-at-a-glance
Psychology,speaking,0,,
Psychology,languages,0,,
Psychology,care-empathy,1,"Mental health/development studied as knowledge, no caring practice (anchor A18)",DfE science content (biology/chemistry/physics/psychology) https://assets.publishing.service.gov.uk/media/5a807949e5274a2e8ab50599/Science_AS_and_level_formatted.pdf p.16
Psychology,teamwork,0,,
Psychology,customer-service,0,,
Psychology,self-management,1,Exam-only course; ethical investigative activities are not directly assessed (para 50),DfE science content (biology/chemistry/physics/psychology) https://assets.publishing.service.gov.uk/media/5a807949e5274a2e8ab50599/Science_AS_and_level_formatted.pdf p.16
Psychology,critical-thinking,3,"AQA 7182 AO3 (36–38% of marks, all three papers): 'analyse, interpret and evaluate scientific information, ideas and evidence…to make judgements and reach conclusions'.",https://www.aqa.org.uk/subjects/psychology/a-level/psychology-7182/specification/scheme-of-assessment
Psychology,problem-solving,1,Applying theories/approaches to novel scenarios occurs but is not a distinct problem-solving AO,DfE science content (biology/chemistry/physics/psychology) https://assets.publishing.service.gov.uk/media/5a807949e5274a2e8ab50599/Science_AS_and_level_formatted.pdf p.17
Psychology,creativity,0,,
Psychology,content-production,0,,
Engineering,data-analysis,1,Interpreting graphs (e.g. stress-strain) occurs within Engineering Principles but is not a dedicated strand,Pearson BTEC L3 Nat. Ext. Certificate in Engineering spec https://qualifications.pearson.com/content/dam/pdf/BTEC-Nationals/Engineering/2016/specification-and-sample-assessments/spec-btec-nat-eng-extcert.pdf Unit 1
Engineering,programming,0,,
Engineering,digital-ai,1,"Unit 2 requires 2D computer-aided drawing (CAD), a specific design tool rather than general digital literacy","Pearson BTEC L3 Nat. Ext. Certificate in Engineering spec https://qualifications.pearson.com/content/dam/pdf/BTEC-Nationals/Engineering/2016/specification-and-sample-assessments/spec-btec-nat-eng-extcert.pdf Unit 2, p.37-38"
Engineering,cyber-security,0,,
Engineering,numeracy,2,"Unit 1 Engineering Principles (120/360 GLH=33%) is calculation-heavy (forces, circuits, mechanics)",Pearson BTEC L3 Nat. Ext. Certificate in Engineering spec https://qualifications.pearson.com/content/dam/pdf/BTEC-Nationals/Engineering/2016/specification-and-sample-assessments/spec-btec-nat-eng-extcert.pdf Unit 1
Engineering,scientific-method,1,Engineering science applies theory but has no dedicated investigation/practical-endorsement unit,Pearson BTEC L3 Nat. Ext. Certificate in Engineering spec https://qualifications.pearson.com/content/dam/pdf/BTEC-Nationals/Engineering/2016/specification-and-sample-assessments/spec-btec-nat-eng-extcert.pdf Unit 1
Engineering,engineering,3,"Units 1 and 3 (Engineering Principles + Product Design and Manufacture, 66% of GLH) are the qualification's core","Pearson BTEC L3 Nat. Ext. Certificate in Engineering spec https://qualifications.pearson.com/content/dam/pdf/BTEC-Nationals/Engineering/2016/specification-and-sample-assessments/spec-btec-nat-eng-extcert.pdf Units 1,3"
Engineering,practical-making,2,Unit 2 Learning aim C: 'Carry out engineering processes safely to manufacture a product...as a team' (internally assessed).,https://qualifications.pearson.com/content/dam/pdf/BTEC-Nationals/Engineering/2016/specification-and-sample-assessments/spec-btec-nat-eng-extcert.pdf p.48
Engineering,sustainability,2,Unit 3 names 'sustainability (carbon footprint)' and 'sustainability issues throughout the product lifecycle' as assessed design-trigger content.,"https://qualifications.pearson.com/content/dam/pdf/BTEC-Nationals/Engineering/2016/specification-and-sample-assessments/spec-btec-nat-eng-extcert.pdf p.61, p.65"
Engineering,commercial,0,,
Engineering,leadership,2,Unit 2 requires learners to 'work as a team member and team leader' as assessed content (17% of GLH),"Pearson BTEC L3 Nat. Ext. Certificate in Engineering spec https://qualifications.pearson.com/content/dam/pdf/BTEC-Nationals/Engineering/2016/specification-and-sample-assessments/spec-btec-nat-eng-extcert.pdf Unit 2, p.37-38"
Engineering,law-ethics,2,"Unit 2 Learning aim A2 'Health and safety requirements' is named, assessed content","Pearson BTEC L3 Nat. Ext. Certificate in Engineering spec https://qualifications.pearson.com/content/dam/pdf/BTEC-Nationals/Engineering/2016/specification-and-sample-assessments/spec-btec-nat-eng-extcert.pdf Unit 2, p.38"
Engineering,writing,2,Unit 2 requires a written report on engineering processes; Unit 3 AO5 requires learners to 'communicate and justify' a design solution.,"https://qualifications.pearson.com/content/dam/pdf/BTEC-Nationals/Engineering/2016/specification-and-sample-assessments/spec-btec-nat-eng-extcert.pdf p.48, p.60"
Engineering,speaking,0,,
Engineering,languages,0,,
Engineering,care-empathy,0,,
Engineering,teamwork,2,"Unit 2 (60/360 GLH=17%) requires working 'as a team member and team leader' to manufacture a product, directly assessed (rule 5)","Pearson BTEC L3 Nat. Ext. Certificate in Engineering spec https://qualifications.pearson.com/content/dam/pdf/BTEC-Nationals/Engineering/2016/specification-and-sample-assessments/spec-btec-nat-eng-extcert.pdf Unit 2, p.37-38"
Engineering,customer-service,0,,
Engineering,self-management,2,Internally assessed coursework: Unit 2 (60 GLH) plus the optional unit (all internal) = 33% internally assessed; the Unit 3 set task counts as an exam.,https://qualifications.pearson.com/content/dam/pdf/BTEC-Nationals/Engineering/2016/specification-and-sample-assessments/spec-btec-nat-eng-extcert.pdf p.29
Engineering,critical-thinking,2,"Unit 3 AO4: 'evaluate engineering product design ideas, manufacturing processes and other design choices.'",https://qualifications.pearson.com/content/dam/pdf/BTEC-Nationals/Engineering/2016/specification-and-sample-assessments/spec-btec-nat-eng-extcert.pdf p.60
Engineering,problem-solving,3,Engineering Principles and the Unit 3 case-study design/manufacture task are centrally about solving technical problems,"Pearson BTEC L3 Nat. Ext. Certificate in Engineering spec https://qualifications.pearson.com/content/dam/pdf/BTEC-Nationals/Engineering/2016/specification-and-sample-assessments/spec-btec-nat-eng-extcert.pdf Units 1,3"
Engineering,creativity,2,"Unit 3 (33%) requires learners to research and design a solution to a case study, a substantial design component",Pearson BTEC L3 Nat. Ext. Certificate in Engineering spec https://qualifications.pearson.com/content/dam/pdf/BTEC-Nationals/Engineering/2016/specification-and-sample-assessments/spec-btec-nat-eng-extcert.pdf Unit 3
Engineering,content-production,0,,
Design & Technology (Product Design),data-analysis,1,Evaluation/testing generates data but this is not a dedicated assessed strand,DfE design and technology content https://assets.publishing.service.gov.uk/media/5a7f437eed915d74e622964d/D_and_T_A_level.pdf p.6
Design & Technology (Product Design),programming,0,,
Design & Technology (Product Design),digital-ai,1,"CAD/CAM is required content (para 12) but as a design tool, not general digital-AI literacy",DfE design and technology content https://assets.publishing.service.gov.uk/media/5a7f437eed915d74e622964d/D_and_T_A_level.pdf p.5
Design & Technology (Product Design),cyber-security,0,,
Design & Technology (Product Design),numeracy,1,"Appendix 1 requires mathematical skills in theoretical and practical contexts, but no minimum % is set (rule 2)",DfE design and technology content https://assets.publishing.service.gov.uk/media/5a7f437eed915d74e622964d/D_and_T_A_level.pdf p.11
Design & Technology (Product Design),scientific-method,1,Scientific knowledge is applied to material/structural decisions but there is no required practical investigation,DfE design and technology content https://assets.publishing.service.gov.uk/media/5a7f437eed915d74e622964d/D_and_T_A_level.pdf p.13
Design & Technology (Product Design),engineering,2,"DfE (product design): 'performance characteristics of woods, metals, and polymers…in relation to specific product applications' and production processes, applied in the NEA.",https://assets.publishing.service.gov.uk/media/5a7f437eed915d74e622964d/D_and_T_A_level.pdf p.8
Design & Technology (Product Design),practical-making,3,"NEA (50%, AQA 7552) is a substantial design-and-make project; 'work safely and skilfully to produce high-quality prototypes' (anchor A11)","DfE design and technology content https://assets.publishing.service.gov.uk/media/5a7f437eed915d74e622964d/D_and_T_A_level.pdf p.4, AQA A-level D&T: Product Design 7552 scheme of assessment https://www.aqa.org.uk/subjects/design-and-technology/a-level/design-and-technology-7552/specification/scheme-of-assessment"
Design & Technology (Product Design),sustainability,2,"'Environmental factors affecting disposal...sustainability' and product life cycle are named, assessed A level content",DfE design and technology content https://assets.publishing.service.gov.uk/media/5a7f437eed915d74e622964d/D_and_T_A_level.pdf p.7
Design & Technology (Product Design),commercial,2,"'Role of marketing, enterprise, innovation and collaboration' and cost/scale of production are named A level content",DfE design and technology content https://assets.publishing.service.gov.uk/media/5a7f437eed915d74e622964d/D_and_T_A_level.pdf p.6
Design & Technology (Product Design),leadership,2,"'Approaches to project management, such as critical path analysis, scrum or six sigma' is examined content (anchor A12)",DfE design and technology content https://assets.publishing.service.gov.uk/media/5a7f437eed915d74e622964d/D_and_T_A_level.pdf p.7
Design & Technology (Product Design),law-ethics,2,"Regulatory/legislative framework for health and safety, IP/patents and BSI/ISO standards are named A level content",DfE design and technology content https://assets.publishing.service.gov.uk/media/5a7f437eed915d74e622964d/D_and_T_A_level.pdf p.6-7
Design & Technology (Product Design),writing,1,Design portfolios include written justification but writing itself is not the assessed focus,AQA A-level D&T: Product Design 7552 scheme of assessment https://www.aqa.org.uk/subjects/design-and-technology/a-level/design-and-technology-7552/specification/scheme-of-assessment
Design & Technology (Product Design),speaking,0,,
Design & Technology (Product Design),languages,0,,
Design & Technology (Product Design),care-empathy,0,,
Design & Technology (Product Design),teamwork,1,"'Work collaboratively...responding to feedback from users, peers' is an aim, not separately assessed group work (rule 5)",DfE design and technology content https://assets.publishing.service.gov.uk/media/5a7f437eed915d74e622964d/D_and_T_A_level.pdf p.4
Design & Technology (Product Design),customer-service,1,,
Design & Technology (Product Design),self-management,3,"NEA is 50% of the A level, a substantial design-and-make project (rule 4 explicitly names D&T's 50% NEA)",AQA A-level D&T: Product Design 7552 scheme of assessment https://www.aqa.org.uk/subjects/design-and-technology/a-level/design-and-technology-7552/specification/scheme-of-assessment
Design & Technology (Product Design),critical-thinking,2,"'Critically analyse and evaluate their own ideas and decisions' is required, assessed content",DfE design and technology content https://assets.publishing.service.gov.uk/media/5a7f437eed915d74e622964d/D_and_T_A_level.pdf p.7
Design & Technology (Product Design),problem-solving,3,Iterative design process to solve real-world problems is central to the whole qualification and the NEA,DfE design and technology content https://assets.publishing.service.gov.uk/media/5a7f437eed915d74e622964d/D_and_T_A_level.pdf p.3-4
Design & Technology (Product Design),creativity,3,'Applying iterative design processes' and NEA design-and-make project are core to the qualification (anchor A11),"DfE design and technology content https://assets.publishing.service.gov.uk/media/5a7f437eed915d74e622964d/D_and_T_A_level.pdf p.3-4, AQA A-level D&T: Product Design 7552 scheme of assessment https://www.aqa.org.uk/subjects/design-and-technology/a-level/design-and-technology-7552/specification/scheme-of-assessment"
Design & Technology (Product Design),content-production,0,,
Health & Social Care,data-analysis,1,Little dedicated data-analysis content across the mandatory units,Pearson BTEC L3 Nat. Ext. Certificate in Health and Social Care spec https://qualifications.pearson.com/content/dam/pdf/BTEC-Nationals/Health-and-Social-Care/2016/specification-and-sample-assessments/9781446938003-btec-nat-excert-hsc-ag-spec-iss3c.pdf
Health & Social Care,programming,0,,
Health & Social Care,digital-ai,0,,
Health & Social Care,cyber-security,0,,
Health & Social Care,numeracy,0,,
Health & Social Care,scientific-method,0,,
Health & Social Care,engineering,0,,
Health & Social Care,practical-making,0,,
Health & Social Care,sustainability,0,,
Health & Social Care,commercial,0,,
Health & Social Care,leadership,0,,
Health & Social Care,law-ethics,3,"Unit 2 (120/360 GLH=33% external) is substantially about safeguarding, safety, regulation and accountability (anchor-analogue)","Pearson BTEC L3 Nat. Ext. Certificate in Health and Social Care spec https://qualifications.pearson.com/content/dam/pdf/BTEC-Nationals/Health-and-Social-Care/2016/specification-and-sample-assessments/9781446938003-btec-nat-excert-hsc-ag-spec-iss3c.pdf Unit 2, p.29-30"
Health & Social Care,writing,2,Mandatory internal Unit 5 (90 GLH) is assessed through written reports responding to case studies; Unit 2 exam includes long-answer questions.,https://qualifications.pearson.com/content/dam/pdf/BTEC-Nationals/Health-and-Social-Care/2016/specification-and-sample-assessments/9781446938003-btec-nat-excert-hsc-ag-spec-iss3c.pdf p.46
Health & Social Care,speaking,0,,
Health & Social Care,languages,0,,
Health & Social Care,care-empathy,3,Unit 5 (25% internal) content 'Empathy and establishing trust with individuals' assesses care values directly (anchor A18 comparison),"Pearson BTEC L3 Nat. Ext. Certificate in Health and Social Care spec https://qualifications.pearson.com/content/dam/pdf/BTEC-Nationals/Health-and-Social-Care/2016/specification-and-sample-assessments/9781446938003-btec-nat-excert-hsc-ag-spec-iss3c.pdf Unit 5, p.38"
Health & Social Care,teamwork,1,"Unit 5 covers multi-agency working as knowledge, not the student's own assessed collaboration (rule 5)",Pearson BTEC L3 Nat. Ext. Certificate in Health and Social Care spec https://qualifications.pearson.com/content/dam/pdf/BTEC-Nationals/Health-and-Social-Care/2016/specification-and-sample-assessments/9781446938003-btec-nat-excert-hsc-ag-spec-iss3c.pdf Unit 5
Health & Social Care,customer-service,2,Units 2 and 5 assess responsibilities towards service users/individuals seeking care and support as a core vocational context,"Pearson BTEC L3 Nat. Ext. Certificate in Health and Social Care spec https://qualifications.pearson.com/content/dam/pdf/BTEC-Nationals/Health-and-Social-Care/2016/specification-and-sample-assessments/9781446938003-btec-nat-excert-hsc-ag-spec-iss3c.pdf Unit 2, p.29-30"
Health & Social Care,self-management,2,"Internally assessed coursework: Unit 5 (90 GLH) is internally assessed, and every optional unit is internal: 41.7% internally assessed.",https://qualifications.pearson.com/content/dam/pdf/BTEC-Nationals/Health-and-Social-Care/2016/specification-and-sample-assessments/9781446938003-btec-nat-excert-hsc-ag-spec-iss3c.pdf p.21
Health & Social Care,critical-thinking,2,AO3 'analyse and evaluate information' is assessed across Units 1 and 2,Pearson BTEC L3 Nat. Ext. Certificate in Health and Social Care spec https://qualifications.pearson.com/content/dam/pdf/BTEC-Nationals/Health-and-Social-Care/2016/specification-and-sample-assessments/9781446938003-btec-nat-excert-hsc-ag-spec-iss3c.pdf Units 1-2
Health & Social Care,problem-solving,1,Working through care scenarios to identify appropriate support is present but not a distinct AO,Pearson BTEC L3 Nat. Ext. Certificate in Health and Social Care spec https://qualifications.pearson.com/content/dam/pdf/BTEC-Nationals/Health-and-Social-Care/2016/specification-and-sample-assessments/9781446938003-btec-nat-excert-hsc-ag-spec-iss3c.pdf Unit 5
Health & Social Care,creativity,0,,
Health & Social Care,content-production,0,,
Construction & the Built Environment,data-analysis,1,"Some calculation/graph interpretation in Unit 1, not a dedicated analysis strand",Pearson BTEC L3 Nat. Ext. Certificate in Construction and the Built Environment spec https://qualifications.pearson.com/content/dam/pdf/BTEC-Nationals/Construction-and-the-Built-Environment/2017/specification/btec-l3-nat-ext-cert-in-const-and-the-built-environ-spec.pdf Unit 1
Construction & the Built Environment,programming,0,,
Construction & the Built Environment,digital-ai,1,"Unit 2 requires sketching and CAD for design, a specific design tool","Pearson BTEC L3 Nat. Ext. Certificate in Construction and the Built Environment spec https://qualifications.pearson.com/content/dam/pdf/BTEC-Nationals/Construction-and-the-Built-Environment/2017/specification/btec-l3-nat-ext-cert-in-const-and-the-built-environ-spec.pdf Unit 2, p.35"
Construction & the Built Environment,cyber-security,0,,
Construction & the Built Environment,numeracy,2,Unit 1 Construction Principles (120/360 GLH=33%) is explicitly assessed on 'application of mathematics in construction contexts',"Pearson BTEC L3 Nat. Ext. Certificate in Construction and the Built Environment spec https://qualifications.pearson.com/content/dam/pdf/BTEC-Nationals/Construction-and-the-Built-Environment/2017/specification/btec-l3-nat-ext-cert-in-const-and-the-built-environ-spec.pdf Unit 1, p.23-24"
Construction & the Built Environment,scientific-method,1,Unit 1 applies scientific knowledge to materials/comfort but there is no investigation/practical component,"Pearson BTEC L3 Nat. Ext. Certificate in Construction and the Built Environment spec https://qualifications.pearson.com/content/dam/pdf/BTEC-Nationals/Construction-and-the-Built-Environment/2017/specification/btec-l3-nat-ext-cert-in-const-and-the-built-environ-spec.pdf Unit 1, p.23"
Construction & the Built Environment,engineering,3,"Unit 1 (120 GLH, exam) applies forces/materials maths to structural members; Unit 2 (120 GLH set task) assesses designing a building to meet a client brief.","https://qualifications.pearson.com/content/dam/pdf/BTEC-Nationals/Construction-and-the-Built-Environment/2017/specification/btec-l3-nat-ext-cert-in-const-and-the-built-environ-spec.pdf p.31, p.44"
Construction & the Built Environment,practical-making,1,The qualification is knowledge/design-based; no dedicated hands-on site-building component is assessed,Pearson BTEC L3 Nat. Ext. Certificate in Construction and the Built Environment spec https://qualifications.pearson.com/content/dam/pdf/BTEC-Nationals/Construction-and-the-Built-Environment/2017/specification/btec-l3-nat-ext-cert-in-const-and-the-built-environ-spec.pdf
Construction & the Built Environment,sustainability,2,"Unit 2 (120 GLH) content area 'C4 Sustainability': alternative energy, energy-efficient services, low embodied energy materials, SuDS, BREEAM.",https://qualifications.pearson.com/content/dam/pdf/BTEC-Nationals/Construction-and-the-Built-Environment/2017/specification/btec-l3-nat-ext-cert-in-const-and-the-built-environ-spec.pdf p.51
Construction & the Built Environment,commercial,1,Client requirements and cost are touched in Unit 2 design content but there is no dedicated financial unit in this Extended Certificate,Pearson BTEC L3 Nat. Ext. Certificate in Construction and the Built Environment spec https://qualifications.pearson.com/content/dam/pdf/BTEC-Nationals/Construction-and-the-Built-Environment/2017/specification/btec-l3-nat-ext-cert-in-const-and-the-built-environ-spec.pdf Unit 2
Construction & the Built Environment,leadership,0,,
Construction & the Built Environment,law-ethics,2,"Unit 5 (60/360 GLH=17%, internal) is wholly about UK health and safety legislation for construction","Pearson BTEC L3 Nat. Ext. Certificate in Construction and the Built Environment spec https://qualifications.pearson.com/content/dam/pdf/BTEC-Nationals/Construction-and-the-Built-Environment/2017/specification/btec-l3-nat-ext-cert-in-const-and-the-built-environ-spec.pdf Unit 5, p.57-58"
Construction & the Built Environment,writing,2,"Mandatory internal Units 4 and 5 are evidenced by written reports (e.g. 'a report to a client', 'a report evaluating how safe'); Unit 2 needs justified written proposals.","https://qualifications.pearson.com/content/dam/pdf/BTEC-Nationals/Construction-and-the-Built-Environment/2017/specification/btec-l3-nat-ext-cert-in-const-and-the-built-environ-spec.pdf p.56, p.66"
Construction & the Built Environment,speaking,0,,
Construction & the Built Environment,languages,0,,
Construction & the Built Environment,care-empathy,0,,
Construction & the Built Environment,teamwork,1,"Built-environment teamwork is described as sector knowledge, not the student's own assessed collaboration (rule 5)","Pearson BTEC L3 Nat. Ext. Certificate in Construction and the Built Environment spec https://qualifications.pearson.com/content/dam/pdf/BTEC-Nationals/Construction-and-the-Built-Environment/2017/specification/btec-l3-nat-ext-cert-in-const-and-the-built-environ-spec.pdf Unit 2, p.35"
Construction & the Built Environment,customer-service,1,"Meeting 'client requirements' is central to Unit 2's design brief, a professional/B2B context","Pearson BTEC L3 Nat. Ext. Certificate in Construction and the Built Environment spec https://qualifications.pearson.com/content/dam/pdf/BTEC-Nationals/Construction-and-the-Built-Environment/2017/specification/btec-l3-nat-ext-cert-in-const-and-the-built-environ-spec.pdf Unit 2, p.35"
Construction & the Built Environment,self-management,2,Internally assessed coursework: Units 4 and 5 (60 + 60 GLH) = 33% internally assessed; the Unit 2 set task counts as an exam.,https://qualifications.pearson.com/content/dam/pdf/BTEC-Nationals/Construction-and-the-Built-Environment/2017/specification/btec-l3-nat-ext-cert-in-const-and-the-built-environ-spec.pdf p.23
Construction & the Built Environment,critical-thinking,2,AO3 'analyse and evaluate information...to recommend and justify' technologies/methods is assessed in Unit 1,"Pearson BTEC L3 Nat. Ext. Certificate in Construction and the Built Environment spec https://qualifications.pearson.com/content/dam/pdf/BTEC-Nationals/Construction-and-the-Built-Environment/2017/specification/btec-l3-nat-ext-cert-in-const-and-the-built-environ-spec.pdf Unit 1, p.24"
Construction & the Built Environment,problem-solving,2,Unit 1 develops skills to 'solve a variety of practical construction problems' using science and maths,"Pearson BTEC L3 Nat. Ext. Certificate in Construction and the Built Environment spec https://qualifications.pearson.com/content/dam/pdf/BTEC-Nationals/Construction-and-the-Built-Environment/2017/specification/btec-l3-nat-ext-cert-in-const-and-the-built-environ-spec.pdf Unit 1, p.23"
Construction & the Built Environment,creativity,2,Unit 2 (33%) requires producing designs to meet client requirements using CAD/sketching,"Pearson BTEC L3 Nat. Ext. Certificate in Construction and the Built Environment spec https://qualifications.pearson.com/content/dam/pdf/BTEC-Nationals/Construction-and-the-Built-Environment/2017/specification/btec-l3-nat-ext-cert-in-const-and-the-built-environ-spec.pdf Unit 2, p.35"
Construction & the Built Environment,content-production,0,,
Business Studies,data-analysis,2,"'Business analysis' area of study names data analysis, forecasting and market analysis as core content",DfE business content https://assets.publishing.service.gov.uk/media/5a7ec510ed915d74e33f24ee/A_level_business_subject_content.pdf p.4
Business Studies,programming,0,,
Business Studies,digital-ai,1,"Technological factors are named as an external influence, a minor sub-point",DfE business content https://assets.publishing.service.gov.uk/media/5a7ec510ed915d74e33f24ee/A_level_business_subject_content.pdf p.4
Business Studies,cyber-security,0,,
Business Studies,numeracy,2,Quantitative skills assessed at a minimum of 10% of AS and A level marks (anchor A14),DfE business content https://assets.publishing.service.gov.uk/media/5a7ec510ed915d74e33f24ee/A_level_business_subject_content.pdf p.5
Business Studies,scientific-method,0,,
Business Studies,engineering,0,,
Business Studies,practical-making,0,No practical-making content (anchor A14),DfE business content https://assets.publishing.service.gov.uk/media/5a7ec510ed915d74e33f24ee/A_level_business_subject_content.pdf p.2-4
Business Studies,sustainability,0,,
Business Studies,commercial,3,"The whole content is marketing, finance, operations and people across three equally-weighted papers (anchor A14)",DfE business content https://assets.publishing.service.gov.uk/media/5a7ec510ed915d74e33f24ee/A_level_business_subject_content.pdf p.2-4
Business Studies,leadership,2,"Motivation and leadership are examined via case studies (anchor A14, rule 1)",DfE business content https://assets.publishing.service.gov.uk/media/5a7ec510ed915d74e33f24ee/A_level_business_subject_content.pdf p.2-3
Business Studies,law-ethics,2,"'Ethical dilemmas and responsibilities' and legal/regulatory external influences are named, assessed content","DfE business content https://assets.publishing.service.gov.uk/media/5a7ec510ed915d74e33f24ee/A_level_business_subject_content.pdf p.2,4"
Business Studies,writing,2,Extended written analysis/evaluation questions (typically 20-25 marks) are a substantial assessed component,DfE business content https://assets.publishing.service.gov.uk/media/5a7ec510ed915d74e33f24ee/A_level_business_subject_content.pdf p.2
Business Studies,speaking,0,,
Business Studies,languages,0,,
Business Studies,care-empathy,0,,
Business Studies,teamwork,1,"People-in-organisations content covers teamwork theory, not the student's own assessed collaboration (rule 1/5)",DfE business content https://assets.publishing.service.gov.uk/media/5a7ec510ed915d74e33f24ee/A_level_business_subject_content.pdf p.2
Business Studies,customer-service,2,'Identifying and anticipating customer needs' recurs across marketing content in both AS and A level cores,DfE business content https://assets.publishing.service.gov.uk/media/5a7ec510ed915d74e33f24ee/A_level_business_subject_content.pdf p.2-3
Business Studies,self-management,1,"Exam-only course, no NEA (rule 4)",DfE business content https://assets.publishing.service.gov.uk/media/5a7ec510ed915d74e33f24ee/A_level_business_subject_content.pdf p.4
Business Studies,critical-thinking,3,"AQA 7132 AO4 (23–26%, all papers): 'evaluate quantitative and qualitative information to make informed judgements and propose evidence-based solutions'.",https://www.aqa.org.uk/subjects/business/a-level/business-7132/specification/scheme-of-assessment
Business Studies,problem-solving,2,"DfE content: students must 'identify business opportunities and problems', 'investigate, analyse and evaluate' them and 'make justifiable decisions'.",https://assets.publishing.service.gov.uk/media/5a7ec510ed915d74e33f24ee/A_level_business_subject_content.pdf p.2
Business Studies,creativity,1,"'Generate enterprising and creative approaches to business opportunities' is an aim, not heavily assessed",DfE business content https://assets.publishing.service.gov.uk/media/5a7ec510ed915d74e33f24ee/A_level_business_subject_content.pdf p.1
Business Studies,content-production,0,,
Economics,data-analysis,2,"'Analytical and quantitative skills in selecting, interpreting and using...data' is an assessed skill throughout",DfE economics content https://assets.publishing.service.gov.uk/media/5a75c42540f0b6488c78ecb5/A_level_economics_subject_content.pdf p.2
Economics,programming,0,,
Economics,digital-ai,0,,
Economics,cyber-security,0,,
Economics,numeracy,2,Quantitative skills assessed at a minimum of 20% of A level marks (rule 2),DfE economics content https://assets.publishing.service.gov.uk/media/5a75c42540f0b6488c78ecb5/A_level_economics_subject_content.pdf p.5
Economics,scientific-method,0,,
Economics,engineering,0,,
Economics,practical-making,0,,
Economics,sustainability,1,"Externalities/environmental change appear under market failure, a named sub-point only",DfE economics content https://assets.publishing.service.gov.uk/media/5a75c42540f0b6488c78ecb5/A_level_economics_subject_content.pdf p.3
Economics,commercial,2,"Market structures, firms and pricing are core content, though theoretical rather than applied business practice",DfE economics content https://assets.publishing.service.gov.uk/media/5a75c42540f0b6488c78ecb5/A_level_economics_subject_content.pdf p.2-3
Economics,leadership,0,,
Economics,law-ethics,1,"Government intervention/regulation is covered as policy, not compliance/safety content",DfE economics content https://assets.publishing.service.gov.uk/media/5a75c42540f0b6488c78ecb5/A_level_economics_subject_content.pdf p.3-4
Economics,writing,2,Extended essay questions (~25 marks) evaluating economic arguments are a substantial assessed component,DfE economics content https://assets.publishing.service.gov.uk/media/5a75c42540f0b6488c78ecb5/A_level_economics_subject_content.pdf p.2
Economics,speaking,0,,
Economics,languages,0,,
Economics,care-empathy,0,,
Economics,teamwork,0,,
Economics,customer-service,0,,
Economics,self-management,1,"Exam-only course, no NEA (rule 4)",DfE economics content https://assets.publishing.service.gov.uk/media/5a75c42540f0b6488c78ecb5/A_level_economics_subject_content.pdf p.2
Economics,critical-thinking,3,"AQA 7136 AO4 (22–25%, all papers): 'evaluate economic arguments and use qualitative and quantitative evidence to support informed judgements'.",https://www.aqa.org.uk/subjects/economics/a-level/economics-7136/specification/scheme-of-assessment
Economics,problem-solving,1,Applying models to analyse economic problems occurs but is not a distinct named AO,DfE economics content https://assets.publishing.service.gov.uk/media/5a75c42540f0b6488c78ecb5/A_level_economics_subject_content.pdf p.2
Economics,creativity,0,,
Economics,content-production,0,,
Accounting,data-analysis,2,'Calculation and interpretation of financial measures and ratios' and variance analysis are regularly assessed content.,https://assets.publishing.service.gov.uk/media/5a757b46e5274a1622e22221/Accounting_AS_A_level_subject_content.pdf p.9
Accounting,programming,0,,
Accounting,digital-ai,0,,
Accounting,cyber-security,0,,
Accounting,numeracy,3,"Double-entry bookkeeping, ratios, budgeting, variance and investment appraisal calculations pervade the whole qualification",DfE accounting content https://assets.publishing.service.gov.uk/media/5a757b46e5274a1622e22221/Accounting_AS_A_level_subject_content.pdf p.4-10
Accounting,scientific-method,0,,
Accounting,engineering,0,,
Accounting,practical-making,0,,
Accounting,sustainability,0,,
Accounting,commercial,3,The whole qualification is recording and interpreting financial information to support business decisions across 18 content sections.,https://assets.publishing.service.gov.uk/media/5a757b46e5274a1622e22221/Accounting_AS_A_level_subject_content.pdf p.4-11
Accounting,leadership,0,,
Accounting,law-ethics,2,"'The impact of ethical considerations' and legal/regulatory requirements form a named, assessed content area",DfE accounting content https://assets.publishing.service.gov.uk/media/5a757b46e5274a1622e22221/Accounting_AS_A_level_subject_content.pdf p.9-10
Accounting,writing,1,Written evaluation of financial information is required but calculation dominates assessment,DfE accounting content https://assets.publishing.service.gov.uk/media/5a757b46e5274a1622e22221/Accounting_AS_A_level_subject_content.pdf p.9
Accounting,speaking,0,,
Accounting,languages,0,,
Accounting,care-empathy,0,,
Accounting,teamwork,0,,
Accounting,customer-service,0,,
Accounting,self-management,1,"Exam-only course, no NEA (rule 4)",DfE accounting content https://assets.publishing.service.gov.uk/media/5a757b46e5274a1622e22221/Accounting_AS_A_level_subject_content.pdf p.3
Accounting,critical-thinking,3,"AQA 7127 AO3 (40–42%, both papers): 'analyse and evaluate accounting data to present information, make judgements and draw conclusions'.",https://www.aqa.org.uk/subjects/accounting/a-level/accounting-7127/specification/scheme-of-assessment
Accounting,problem-solving,2,DfE content requires students to 'develop a logical and methodical approach to problem solving through the analysis and evaluation of financial…information'.,https://assets.publishing.service.gov.uk/media/5a757b46e5274a1622e22221/Accounting_AS_A_level_subject_content.pdf p.9
Accounting,creativity,0,,
Accounting,content-production,0,,
Law,data-analysis,0,,
Law,programming,0,,
Law,digital-ai,0,,
Law,cyber-security,0,,
Law,numeracy,0,,
Law,scientific-method,0,,
Law,engineering,0,,
Law,practical-making,0,,
Law,sustainability,0,,
Law,commercial,1,"Law of contract touches business transactions, a minor sub-point",DfE law content (2022) https://assets.publishing.service.gov.uk/media/6287a72e8fa8f55624b69c75/GCE_subject_content_law_May_2022.pdf p.4
Law,leadership,0,,
Law,law-ethics,3,"The qualification is definitionally about law, regulation and (for public law) ethics/justice (rule: subject is the skill)",DfE law content (2022) https://assets.publishing.service.gov.uk/media/6287a72e8fa8f55624b69c75/GCE_subject_content_law_May_2022.pdf p.3-6
Law,writing,3,"All assessment is extended, evidenced legal argument; A level requires 'persuasive' written arguments (para 18)",DfE law content (2022) https://assets.publishing.service.gov.uk/media/6287a72e8fa8f55624b69c75/GCE_subject_content_law_May_2022.pdf p.7
Law,speaking,0,,
Law,languages,0,,
Law,care-empathy,0,,
Law,teamwork,0,,
Law,customer-service,0,,
Law,self-management,1,"Exam-only course, no NEA (rule 4)",DfE law content (2022) https://assets.publishing.service.gov.uk/media/6287a72e8fa8f55624b69c75/GCE_subject_content_law_May_2022.pdf p.3
Law,critical-thinking,3,'Analyse and critically evaluate legal issues...support the strongest viewpoint...counter alternative viewpoints' is a core A level AO,DfE law content (2022) https://assets.publishing.service.gov.uk/media/6287a72e8fa8f55624b69c75/GCE_subject_content_law_May_2022.pdf p.7
Law,problem-solving,2,Applying legal rules/principles to hypothetical scenarios ('problem questions') is an explicit assessed skill,https://assets.publishing.service.gov.uk/media/6287a72e8fa8f55624b69c75/GCE_subject_content_law_May_2022.pdf p.7
Law,creativity,0,,
Law,content-production,0,,
Geography,data-analysis,2,"DfE geography requires 'quantitative and qualitative skills and approaches' and geospatial data (p.4), assessed across papers and the NEA.",https://assets.publishing.service.gov.uk/media/5a7cf7f6e5274a2af0ae2927/GCE_AS_and_A_level_subject_content_for_geography.pdf p.4; https://www.aqa.org.uk/subjects/geography/a-level/geography-7037/specification/specification-at-a-glance
Geography,programming,0,,DfE geography content (gov.uk/gce-as-and-a-level-geography) + AQA Geography 7037 spec-at-a-glance
Geography,digital-ai,1,,DfE geography content (gov.uk/gce-as-and-a-level-geography) + AQA Geography 7037 spec-at-a-glance
Geography,cyber-security,0,,DfE geography content (gov.uk/gce-as-and-a-level-geography) + AQA Geography 7037 spec-at-a-glance
Geography,numeracy,2,"AO3 (20-30% of A-level) assesses quantitative/fieldwork skills incl. descriptive/inferential statistics, sampling (DfE p.12-13).",https://assets.publishing.service.gov.uk/media/5a7cf7f6e5274a2af0ae2927/GCE_AS_and_A_level_subject_content_for_geography.pdf p.12-13; https://www.aqa.org.uk/subjects/geography/a-level/geography-7037/specification/specification-at-a-glance scheme of assessment
Geography,scientific-method,2,"NEA fieldwork requires devising/justifying practical field methodology, sampling, data collection (20% NEA)",https://assets.publishing.service.gov.uk/media/5a7cf7f6e5274a2af0ae2927/GCE_AS_and_A_level_subject_content_for_geography.pdf p.13-14
Geography,engineering,0,,DfE geography content (gov.uk/gce-as-and-a-level-geography) + AQA Geography 7037 spec-at-a-glance
Geography,practical-making,1,,DfE geography content (gov.uk/gce-as-and-a-level-geography) + AQA Geography 7037 spec-at-a-glance
Geography,sustainability,2,"Core theme requires study of climate, resilience, mitigation/adaptation as specialised concepts (p.3-4); half of non-core content addresses people-environment issues (p.5).",https://assets.publishing.service.gov.uk/media/5a7cf7f6e5274a2af0ae2927/GCE_AS_and_A_level_subject_content_for_geography.pdf p.3-5
Geography,commercial,0,,
Geography,leadership,0,,DfE geography content (gov.uk/gce-as-and-a-level-geography) + AQA Geography 7037 spec-at-a-glance
Geography,law-ethics,1,,DfE geography content (gov.uk/gce-as-and-a-level-geography) + AQA Geography 7037 spec-at-a-glance
Geography,writing,3,NEA (20%) requires 'a coherent analysis of fieldwork findings' via extended writing (p.14-15); AO requires 'construct extended written argument' (p.12).,https://assets.publishing.service.gov.uk/media/5a7cf7f6e5274a2af0ae2927/GCE_AS_and_A_level_subject_content_for_geography.pdf p.12-15; https://www.aqa.org.uk/subjects/geography/a-level/geography-7037/specification/specification-at-a-glance
Geography,speaking,0,,DfE geography content (gov.uk/gce-as-and-a-level-geography) + AQA Geography 7037 spec-at-a-glance
Geography,languages,0,,DfE geography content (gov.uk/gce-as-and-a-level-geography) + AQA Geography 7037 spec-at-a-glance
Geography,care-empathy,0,,DfE geography content (gov.uk/gce-as-and-a-level-geography) + AQA Geography 7037 spec-at-a-glance
Geography,teamwork,1,,DfE geography content (gov.uk/gce-as-and-a-level-geography) + AQA Geography 7037 spec-at-a-glance
Geography,customer-service,0,,DfE geography content (gov.uk/gce-as-and-a-level-geography) + AQA Geography 7037 spec-at-a-glance
Geography,self-management,2,"NEA (20%, AQA Component 3): independent investigation 'defined and developed by the student individually' (p.14).",https://assets.publishing.service.gov.uk/media/5a7cf7f6e5274a2af0ae2927/GCE_AS_and_A_level_subject_content_for_geography.pdf p.14; https://www.aqa.org.uk/subjects/geography/a-level/geography-7037/specification/specification-at-a-glance
Geography,critical-thinking,3,"AQA 7037 NEA (20%): an individual investigation of 3,000-4,000 words on 'a question or issue defined and developed by the student', including 'data collected in the field'.",https://www.aqa.org.uk/subjects/geography/a-level/geography-7037/specification/specification-at-a-glance; https://assets.publishing.service.gov.uk/media/5a7cf7f6e5274a2af0ae2927/GCE_AS_and_A_level_subject_content_for_geography.pdf p.14
Geography,problem-solving,1,,DfE geography content (gov.uk/gce-as-and-a-level-geography) + AQA Geography 7037 spec-at-a-glance
Geography,creativity,1,,DfE geography content (gov.uk/gce-as-and-a-level-geography) + AQA Geography 7037 spec-at-a-glance
Geography,content-production,0,,
History,data-analysis,0,,
History,programming,0,,DfE history content (gov.uk/gce-as-and-a-level-for-history) + AQA History 7042 spec-at-a-glance
History,digital-ai,0,,DfE history content (gov.uk/gce-as-and-a-level-for-history) + AQA History 7042 spec-at-a-glance
History,cyber-security,0,,DfE history content (gov.uk/gce-as-and-a-level-for-history) + AQA History 7042 spec-at-a-glance
History,numeracy,0,,DfE history content (gov.uk/gce-as-and-a-level-for-history) + AQA History 7042 spec-at-a-glance
History,scientific-method,0,,DfE history content (gov.uk/gce-as-and-a-level-for-history) + AQA History 7042 spec-at-a-glance
History,engineering,0,,DfE history content (gov.uk/gce-as-and-a-level-for-history) + AQA History 7042 spec-at-a-glance
History,practical-making,0,,DfE history content (gov.uk/gce-as-and-a-level-for-history) + AQA History 7042 spec-at-a-glance
History,sustainability,0,,DfE history content (gov.uk/gce-as-and-a-level-for-history) + AQA History 7042 spec-at-a-glance
History,commercial,0,,DfE history content (gov.uk/gce-as-and-a-level-for-history) + AQA History 7042 spec-at-a-glance
History,leadership,0,,DfE history content (gov.uk/gce-as-and-a-level-for-history) + AQA History 7042 spec-at-a-glance
History,law-ethics,1,,DfE history content (gov.uk/gce-as-and-a-level-for-history) + AQA History 7042 spec-at-a-glance
History,writing,3,"DfE history: 'use historical sources critically', plus 'a historical enquiry that is independently researched' (p.3). All assessment is extended written argument.",https://assets.publishing.service.gov.uk/media/5a7e5050ed915d74e33f1704/A_level_history_subject_content.pdf p.3; https://www.aqa.org.uk/subjects/history/a-level/history-7042/specification/specification-at-a-glance
History,speaking,0,,DfE history content (gov.uk/gce-as-and-a-level-for-history) + AQA History 7042 spec-at-a-glance
History,languages,0,,DfE history content (gov.uk/gce-as-and-a-level-for-history) + AQA History 7042 spec-at-a-glance
History,care-empathy,0,,DfE history content (gov.uk/gce-as-and-a-level-for-history) + AQA History 7042 spec-at-a-glance
History,teamwork,0,,DfE history content (gov.uk/gce-as-and-a-level-for-history) + AQA History 7042 spec-at-a-glance
History,customer-service,0,,DfE history content (gov.uk/gce-as-and-a-level-for-history) + AQA History 7042 spec-at-a-glance
History,self-management,2,"AQA 7042 Historical Investigation NEA (20%, 3500-4500 words), independently researched (DfE p.3).",https://assets.publishing.service.gov.uk/media/5a7e5050ed915d74e33f1704/A_level_history_subject_content.pdf p.3; https://www.aqa.org.uk/subjects/history/a-level/history-7042/specification/specification-at-a-glance
History,critical-thinking,3,"DfE history: 'use historical sources critically', plus 'a historical enquiry that is independently researched' (p.3). All assessment is extended written argument.",https://assets.publishing.service.gov.uk/media/5a7e5050ed915d74e33f1704/A_level_history_subject_content.pdf p.3; https://www.aqa.org.uk/subjects/history/a-level/history-7042/specification/specification-at-a-glance
History,problem-solving,1,,DfE history content (gov.uk/gce-as-and-a-level-for-history) + AQA History 7042 spec-at-a-glance
History,creativity,0,,DfE history content (gov.uk/gce-as-and-a-level-for-history) + AQA History 7042 spec-at-a-glance
History,content-production,0,,DfE history content (gov.uk/gce-as-and-a-level-for-history) + AQA History 7042 spec-at-a-glance
Politics,data-analysis,1,,DfE politics content May 2022 (gov.uk/gce-as-and-a-level-politics) + AQA Politics 7152 spec-at-a-glance
Politics,programming,0,,DfE politics content May 2022 (gov.uk/gce-as-and-a-level-politics) + AQA Politics 7152 spec-at-a-glance
Politics,digital-ai,0,,DfE politics content May 2022 (gov.uk/gce-as-and-a-level-politics) + AQA Politics 7152 spec-at-a-glance
Politics,cyber-security,0,,DfE politics content May 2022 (gov.uk/gce-as-and-a-level-politics) + AQA Politics 7152 spec-at-a-glance
Politics,numeracy,0,,DfE politics content May 2022 (gov.uk/gce-as-and-a-level-politics) + AQA Politics 7152 spec-at-a-glance
Politics,scientific-method,0,,DfE politics content May 2022 (gov.uk/gce-as-and-a-level-politics) + AQA Politics 7152 spec-at-a-glance
Politics,engineering,0,,DfE politics content May 2022 (gov.uk/gce-as-and-a-level-politics) + AQA Politics 7152 spec-at-a-glance
Politics,practical-making,0,,DfE politics content May 2022 (gov.uk/gce-as-and-a-level-politics) + AQA Politics 7152 spec-at-a-glance
Politics,sustainability,0,,DfE politics content May 2022 (gov.uk/gce-as-and-a-level-politics) + AQA Politics 7152 spec-at-a-glance
Politics,commercial,0,,DfE politics content May 2022 (gov.uk/gce-as-and-a-level-politics) + AQA Politics 7152 spec-at-a-glance
Politics,leadership,0,,DfE politics content May 2022 (gov.uk/gce-as-and-a-level-politics) + AQA Politics 7152 spec-at-a-glance
Politics,law-ethics,2,"DfE politics requires debate on 'the main sources of rights in the UK...how individual and collective rights may conflict' (p.5), examined via essays.",https://assets.publishing.service.gov.uk/media/6287a7bed3bf7f1f40ca5111/GCE_subject_content_politics_May_2022.pdf p.5
Politics,writing,3,"AQA 7152: three exam papers (100%) require students to 'construct and communicate arguments and explanations with relevance, clarity and coherence' (DfE p.12).",https://assets.publishing.service.gov.uk/media/6287a7bed3bf7f1f40ca5111/GCE_subject_content_politics_May_2022.pdf p.12; https://www.aqa.org.uk/subjects/politics/a-level/politics-7152/specification/specification-at-a-glance
Politics,speaking,0,,DfE politics content May 2022 (gov.uk/gce-as-and-a-level-politics) + AQA Politics 7152 spec-at-a-glance
Politics,languages,0,,DfE politics content May 2022 (gov.uk/gce-as-and-a-level-politics) + AQA Politics 7152 spec-at-a-glance
Politics,care-empathy,0,,DfE politics content May 2022 (gov.uk/gce-as-and-a-level-politics) + AQA Politics 7152 spec-at-a-glance
Politics,teamwork,0,,DfE politics content May 2022 (gov.uk/gce-as-and-a-level-politics) + AQA Politics 7152 spec-at-a-glance
Politics,customer-service,0,,DfE politics content May 2022 (gov.uk/gce-as-and-a-level-politics) + AQA Politics 7152 spec-at-a-glance
Politics,self-management,1,"Exam-only course, no NEA (AQA 7152: 3 written papers, 100% exam)",AQA 7152 spec-at-a-glance
Politics,critical-thinking,3,"DfE politics: 'develop the ability to critically analyse, interpret and evaluate political information to form arguments and make judgments' (p.3); all 3 exam papers assess this.","https://assets.publishing.service.gov.uk/media/6287a7bed3bf7f1f40ca5111/GCE_subject_content_politics_May_2022.pdf p.3, p.12; https://www.aqa.org.uk/subjects/politics/a-level/politics-7152/specification/specification-at-a-glance"
Politics,problem-solving,0,,
Politics,creativity,0,,DfE politics content May 2022 (gov.uk/gce-as-and-a-level-politics) + AQA Politics 7152 spec-at-a-glance
Politics,content-production,0,,DfE politics content May 2022 (gov.uk/gce-as-and-a-level-politics) + AQA Politics 7152 spec-at-a-glance
Sociology,data-analysis,2,"DfE requires 'collection of primary and secondary data' and 'analysis of quantitative and qualitative data' (p.1), assessed in Theory & Methods sections of Papers 1 and 3.",https://assets.publishing.service.gov.uk/media/5a7db91240f0b65d8863403a/A_level_sociology_subject_content.pdf p.1; https://www.aqa.org.uk/subjects/sociology/a-level/sociology-7192/specification/specification-at-a-glance
Sociology,programming,0,,DfE sociology content (gov.uk/gce-as-and-a-level-for-sociology) + AQA Sociology 7192 spec-at-a-glance
Sociology,digital-ai,0,,DfE sociology content (gov.uk/gce-as-and-a-level-for-sociology) + AQA Sociology 7192 spec-at-a-glance
Sociology,cyber-security,0,,DfE sociology content (gov.uk/gce-as-and-a-level-for-sociology) + AQA Sociology 7192 spec-at-a-glance
Sociology,numeracy,1,,DfE sociology content (gov.uk/gce-as-and-a-level-for-sociology) + AQA Sociology 7192 spec-at-a-glance
Sociology,scientific-method,2,"DfE 'Methods of sociological enquiry' requires research design, primary/secondary data collection and research ethics (p.1-2), examined in Theory & Methods sections.",https://assets.publishing.service.gov.uk/media/5a7db91240f0b65d8863403a/A_level_sociology_subject_content.pdf p.1-2; https://www.aqa.org.uk/subjects/sociology/a-level/sociology-7192/specification/specification-at-a-glance
Sociology,engineering,0,,DfE sociology content (gov.uk/gce-as-and-a-level-for-sociology) + AQA Sociology 7192 spec-at-a-glance
Sociology,practical-making,0,,DfE sociology content (gov.uk/gce-as-and-a-level-for-sociology) + AQA Sociology 7192 spec-at-a-glance
Sociology,sustainability,0,,DfE sociology content (gov.uk/gce-as-and-a-level-for-sociology) + AQA Sociology 7192 spec-at-a-glance
Sociology,commercial,0,,DfE sociology content (gov.uk/gce-as-and-a-level-for-sociology) + AQA Sociology 7192 spec-at-a-glance
Sociology,leadership,0,,DfE sociology content (gov.uk/gce-as-and-a-level-for-sociology) + AQA Sociology 7192 spec-at-a-glance
Sociology,law-ethics,1,,DfE sociology content (gov.uk/gce-as-and-a-level-for-sociology) + AQA Sociology 7192 spec-at-a-glance
Sociology,writing,3,"AQA 7192: three exam papers (100%, exam-only) require students to 'organise evidence and communicate arguments in a coherent manner' (DfE p.2).",https://assets.publishing.service.gov.uk/media/5a7db91240f0b65d8863403a/A_level_sociology_subject_content.pdf p.2; https://www.aqa.org.uk/subjects/sociology/a-level/sociology-7192/specification/specification-at-a-glance
Sociology,speaking,0,,DfE sociology content (gov.uk/gce-as-and-a-level-for-sociology) + AQA Sociology 7192 spec-at-a-glance
Sociology,languages,0,,DfE sociology content (gov.uk/gce-as-and-a-level-for-sociology) + AQA Sociology 7192 spec-at-a-glance
Sociology,care-empathy,0,,
Sociology,teamwork,0,,DfE sociology content (gov.uk/gce-as-and-a-level-for-sociology) + AQA Sociology 7192 spec-at-a-glance
Sociology,customer-service,0,,DfE sociology content (gov.uk/gce-as-and-a-level-for-sociology) + AQA Sociology 7192 spec-at-a-glance
Sociology,self-management,1,"Exam-only course, no NEA (AQA 7192: 3 written papers, 100% exam)",AQA 7192 spec-at-a-glance
Sociology,critical-thinking,3,"DfE sociology: 'evaluate theories, arguments and evidence' and 'identify and evaluate significant social trends shown in evidence' (p.2); core to 100% exam assessment.",https://assets.publishing.service.gov.uk/media/5a7db91240f0b65d8863403a/A_level_sociology_subject_content.pdf p.2; https://www.aqa.org.uk/subjects/sociology/a-level/sociology-7192/specification/specification-at-a-glance
Sociology,problem-solving,0,,
Sociology,creativity,0,,DfE sociology content (gov.uk/gce-as-and-a-level-for-sociology) + AQA Sociology 7192 spec-at-a-glance
Sociology,content-production,0,,DfE sociology content (gov.uk/gce-as-and-a-level-for-sociology) + AQA Sociology 7192 spec-at-a-glance
Philosophy,data-analysis,0,,DfE philosophy content (gov.uk/gce-as-and-a-level-philosophy) + AQA Philosophy 7172 spec-at-a-glance
Philosophy,programming,0,,DfE philosophy content (gov.uk/gce-as-and-a-level-philosophy) + AQA Philosophy 7172 spec-at-a-glance
Philosophy,digital-ai,0,,DfE philosophy content (gov.uk/gce-as-and-a-level-philosophy) + AQA Philosophy 7172 spec-at-a-glance
Philosophy,cyber-security,0,,DfE philosophy content (gov.uk/gce-as-and-a-level-philosophy) + AQA Philosophy 7172 spec-at-a-glance
Philosophy,numeracy,0,,DfE philosophy content (gov.uk/gce-as-and-a-level-philosophy) + AQA Philosophy 7172 spec-at-a-glance
Philosophy,scientific-method,0,,DfE philosophy content (gov.uk/gce-as-and-a-level-philosophy) + AQA Philosophy 7172 spec-at-a-glance
Philosophy,engineering,0,,DfE philosophy content (gov.uk/gce-as-and-a-level-philosophy) + AQA Philosophy 7172 spec-at-a-glance
Philosophy,practical-making,0,,DfE philosophy content (gov.uk/gce-as-and-a-level-philosophy) + AQA Philosophy 7172 spec-at-a-glance
Philosophy,sustainability,0,,DfE philosophy content (gov.uk/gce-as-and-a-level-philosophy) + AQA Philosophy 7172 spec-at-a-glance
Philosophy,commercial,0,,DfE philosophy content (gov.uk/gce-as-and-a-level-philosophy) + AQA Philosophy 7172 spec-at-a-glance
Philosophy,leadership,0,,DfE philosophy content (gov.uk/gce-as-and-a-level-philosophy) + AQA Philosophy 7172 spec-at-a-glance
Philosophy,law-ethics,2,"Moral philosophy is 1 of 4 equal A-level topics (25%): meta-ethics, normative and applied ethics 'to address/resolve issues within...specified controversial issues' (DfE p.5).",https://assets.publishing.service.gov.uk/media/5a7f4e37ed915d74e6229a70/Philosophy_AS_and_A_level_formatted.pdf p.5; https://www.aqa.org.uk/subjects/philosophy/a-level/philosophy-7172/specification/specification-at-a-glance
Philosophy,writing,3,"AQA 7172: 100% exam, two 3-hour essay papers; DfE aim: 'develop and refine their writing skills, demonstrating the ability to be precise, concise and accurate' (p.3).",https://assets.publishing.service.gov.uk/media/5a7f4e37ed915d74e6229a70/Philosophy_AS_and_A_level_formatted.pdf p.3; https://www.aqa.org.uk/subjects/philosophy/a-level/philosophy-7172/specification/specification-at-a-glance
Philosophy,speaking,0,,DfE philosophy content (gov.uk/gce-as-and-a-level-philosophy) + AQA Philosophy 7172 spec-at-a-glance
Philosophy,languages,0,,DfE philosophy content (gov.uk/gce-as-and-a-level-philosophy) + AQA Philosophy 7172 spec-at-a-glance
Philosophy,care-empathy,0,,DfE philosophy content (gov.uk/gce-as-and-a-level-philosophy) + AQA Philosophy 7172 spec-at-a-glance
Philosophy,teamwork,0,,DfE philosophy content (gov.uk/gce-as-and-a-level-philosophy) + AQA Philosophy 7172 spec-at-a-glance
Philosophy,customer-service,0,,DfE philosophy content (gov.uk/gce-as-and-a-level-philosophy) + AQA Philosophy 7172 spec-at-a-glance
Philosophy,self-management,1,"Exam-only course, no NEA (AQA 7172: 2 written papers, 100% exam)",AQA 7172 spec-at-a-glance
Philosophy,critical-thinking,3,"DfE philosophy: 'develop their ability to identify argument forms, and analyse and evaluate arguments' (p.3); 'articulating arguments and counter-arguments' (p.4). Core to 100% exam.",https://assets.publishing.service.gov.uk/media/5a7f4e37ed915d74e6229a70/Philosophy_AS_and_A_level_formatted.pdf p.3-4; https://www.aqa.org.uk/subjects/philosophy/a-level/philosophy-7172/specification/specification-at-a-glance
Philosophy,problem-solving,0,,
Philosophy,creativity,0,,DfE philosophy content (gov.uk/gce-as-and-a-level-philosophy) + AQA Philosophy 7172 spec-at-a-glance
Philosophy,content-production,0,,DfE philosophy content (gov.uk/gce-as-and-a-level-philosophy) + AQA Philosophy 7172 spec-at-a-glance
Religious Studies,data-analysis,0,,DfE religious studies content (gov.uk/gce-as-and-a-level-religious-studies) + AQA Religious Studies 7062 spec-at-a-glance
Religious Studies,programming,0,,DfE religious studies content (gov.uk/gce-as-and-a-level-religious-studies) + AQA Religious Studies 7062 spec-at-a-glance
Religious Studies,digital-ai,0,,DfE religious studies content (gov.uk/gce-as-and-a-level-religious-studies) + AQA Religious Studies 7062 spec-at-a-glance
Religious Studies,cyber-security,0,,DfE religious studies content (gov.uk/gce-as-and-a-level-religious-studies) + AQA Religious Studies 7062 spec-at-a-glance
Religious Studies,numeracy,0,,DfE religious studies content (gov.uk/gce-as-and-a-level-religious-studies) + AQA Religious Studies 7062 spec-at-a-glance
Religious Studies,scientific-method,0,,DfE religious studies content (gov.uk/gce-as-and-a-level-religious-studies) + AQA Religious Studies 7062 spec-at-a-glance
Religious Studies,engineering,0,,DfE religious studies content (gov.uk/gce-as-and-a-level-religious-studies) + AQA Religious Studies 7062 spec-at-a-glance
Religious Studies,practical-making,0,,DfE religious studies content (gov.uk/gce-as-and-a-level-religious-studies) + AQA Religious Studies 7062 spec-at-a-glance
Religious Studies,sustainability,0,,DfE religious studies content (gov.uk/gce-as-and-a-level-religious-studies) + AQA Religious Studies 7062 spec-at-a-glance
Religious Studies,commercial,0,,DfE religious studies content (gov.uk/gce-as-and-a-level-religious-studies) + AQA Religious Studies 7062 spec-at-a-glance
Religious Studies,leadership,0,,DfE religious studies content (gov.uk/gce-as-and-a-level-religious-studies) + AQA Religious Studies 7062 spec-at-a-glance
Religious Studies,law-ethics,2,"Religion and ethics is a compulsory approach (AQA 7062 Component 1, 50%): 3 normative ethical theories applied to 'personal, societal or global issues' (DfE p.5).",https://assets.publishing.service.gov.uk/media/5a756b46e5274a1baf95e6dd/Religious_Studies_AS_and_A_level_subject_content.pdf p.5; https://www.aqa.org.uk/subjects/religious-studies/a-level/religious-studies-7062/specification/specification-at-a-glance
Religious Studies,writing,3,AQA 7062: 100% exam; DfE requires students to 'construct well informed and reasoned arguments substantiated by relevant evidence' and 'present responses...clear and coherent' (p.7).,https://assets.publishing.service.gov.uk/media/5a756b46e5274a1baf95e6dd/Religious_Studies_AS_and_A_level_subject_content.pdf p.7; https://www.aqa.org.uk/subjects/religious-studies/a-level/religious-studies-7062/specification/specification-at-a-glance
Religious Studies,speaking,0,,DfE religious studies content (gov.uk/gce-as-and-a-level-religious-studies) + AQA Religious Studies 7062 spec-at-a-glance
Religious Studies,languages,0,,DfE religious studies content (gov.uk/gce-as-and-a-level-religious-studies) + AQA Religious Studies 7062 spec-at-a-glance
Religious Studies,care-empathy,0,,DfE religious studies content (gov.uk/gce-as-and-a-level-religious-studies) + AQA Religious Studies 7062 spec-at-a-glance
Religious Studies,teamwork,0,,DfE religious studies content (gov.uk/gce-as-and-a-level-religious-studies) + AQA Religious Studies 7062 spec-at-a-glance
Religious Studies,customer-service,0,,DfE religious studies content (gov.uk/gce-as-and-a-level-religious-studies) + AQA Religious Studies 7062 spec-at-a-glance
Religious Studies,self-management,1,"Exam-only course, no NEA (AQA 7062: 2 written components, 100% exam)",AQA 7062 spec-at-a-glance
Religious Studies,critical-thinking,3,"DfE RS: 'adopt an enquiring, critical and reflective approach' (p.3); A level requires students to 'critically analyse and evaluate the views and arguments of scholars/academics' (p.8).","https://assets.publishing.service.gov.uk/media/5a756b46e5274a1baf95e6dd/Religious_Studies_AS_and_A_level_subject_content.pdf p.3, p.8; https://www.aqa.org.uk/subjects/religious-studies/a-level/religious-studies-7062/specification/specification-at-a-glance"
Religious Studies,problem-solving,0,,
Religious Studies,creativity,0,,DfE religious studies content (gov.uk/gce-as-and-a-level-religious-studies) + AQA Religious Studies 7062 spec-at-a-glance
Religious Studies,content-production,0,,DfE religious studies content (gov.uk/gce-as-and-a-level-religious-studies) + AQA Religious Studies 7062 spec-at-a-glance
Criminology,data-analysis,2,"Unit 1 'Changing awareness of crime' covers how crime is measured (crime statistics, victim surveys), an internally-assessed unit (1 of 4).",https://www.eduqas.co.uk/media/yzqlsmq4/wjec-applied-diploma-in-criminology-spec-e-22-06-22-2.pdf Unit 1
Criminology,programming,0,,WJEC L3 Applied Diploma in Criminology spec (wjec.co.uk/media/21xjkr24)
Criminology,digital-ai,0,,WJEC L3 Applied Diploma in Criminology spec (wjec.co.uk/media/21xjkr24)
Criminology,cyber-security,0,,WJEC L3 Applied Diploma in Criminology spec (wjec.co.uk/media/21xjkr24)
Criminology,numeracy,1,,WJEC L3 Applied Diploma in Criminology spec (wjec.co.uk/media/21xjkr24)
Criminology,scientific-method,1,,
Criminology,engineering,0,,WJEC L3 Applied Diploma in Criminology spec (wjec.co.uk/media/21xjkr24)
Criminology,practical-making,0,,WJEC L3 Applied Diploma in Criminology spec (wjec.co.uk/media/21xjkr24)
Criminology,sustainability,0,,WJEC L3 Applied Diploma in Criminology spec (wjec.co.uk/media/21xjkr24)
Criminology,commercial,0,,WJEC L3 Applied Diploma in Criminology spec (wjec.co.uk/media/21xjkr24)
Criminology,leadership,0,,WJEC L3 Applied Diploma in Criminology spec (wjec.co.uk/media/21xjkr24)
Criminology,law-ethics,3,"Units 3-4 (of 4, ~50% of content) cover the criminal justice process, courts, sentencing and punishment, both externally/internally assessed — core to the qualification.",https://www.eduqas.co.uk/media/yzqlsmq4/wjec-applied-diploma-in-criminology-spec-e-22-06-22-2.pdf Units 3-4
Criminology,writing,2,"Written controlled-assessment reports (Units 1 and 3, internal) and exam essays (Units 2 and 4) are regularly assessed.",https://www.eduqas.co.uk/media/yzqlsmq4/wjec-applied-diploma-in-criminology-spec-e-22-06-22-2.pdf
Criminology,speaking,0,,WJEC L3 Applied Diploma in Criminology spec (wjec.co.uk/media/21xjkr24)
Criminology,languages,0,,WJEC L3 Applied Diploma in Criminology spec (wjec.co.uk/media/21xjkr24)
Criminology,care-empathy,1,,WJEC L3 Applied Diploma in Criminology spec (wjec.co.uk/media/21xjkr24)
Criminology,teamwork,0,,WJEC L3 Applied Diploma in Criminology spec (wjec.co.uk/media/21xjkr24)
Criminology,customer-service,0,,WJEC L3 Applied Diploma in Criminology spec (wjec.co.uk/media/21xjkr24)
Criminology,self-management,2,"Units 1 and 3 (40% of the qualification, from Sept 2026 weighting) are internally-assessed extended controlled-assessment tasks.",https://www.eduqas.co.uk/media/yzqlsmq4/wjec-applied-diploma-in-criminology-spec-e-22-06-22-2.pdf
Criminology,critical-thinking,3,'Evaluate'/'assess usefulness'/'analyse' are the core command words across all 4 units' assessment criteria,https://www.eduqas.co.uk/media/yzqlsmq4/wjec-applied-diploma-in-criminology-spec-e-22-06-22-2.pdf Units 1-4
Criminology,problem-solving,1,,WJEC L3 Applied Diploma in Criminology spec (wjec.co.uk/media/21xjkr24)
Criminology,creativity,0,,WJEC L3 Applied Diploma in Criminology spec (wjec.co.uk/media/21xjkr24)
Criminology,content-production,1,,
English Language,data-analysis,2,DfE requires analysing language 'data' systematically (p.1-2); NEA Language Investigation (part of 20% NEA) is a data-based independent study.,https://assets.publishing.service.gov.uk/media/5a7ea47040f0b6230268a9be/A_level_English_language_subject_content.pdf p.1-2; https://www.aqa.org.uk/subjects/english/a-level/english-7702/specification/specification-at-a-glance
English Language,programming,0,,DfE English language content (gov.uk/gce-as-and-a-levels-for-english-language) + AQA English Language 7702 spec-at-a-glance
English Language,digital-ai,1,"DfE para 5: study 'spoken and written forms of English, including electronic and multimodal forms' (compulsory); digital communication is studied as content.",https://assets.publishing.service.gov.uk/media/5a7ea47040f0b6230268a9be/A_level_English_language_subject_content.pdf p.1
English Language,cyber-security,0,,DfE English language content (gov.uk/gce-as-and-a-levels-for-english-language) + AQA English Language 7702 spec-at-a-glance
English Language,numeracy,0,,DfE English language content (gov.uk/gce-as-and-a-levels-for-english-language) + AQA English Language 7702 spec-at-a-glance
English Language,scientific-method,0,,DfE English language content (gov.uk/gce-as-and-a-levels-for-english-language) + AQA English Language 7702 spec-at-a-glance
English Language,engineering,0,,DfE English language content (gov.uk/gce-as-and-a-levels-for-english-language) + AQA English Language 7702 spec-at-a-glance
English Language,practical-making,0,,DfE English language content (gov.uk/gce-as-and-a-levels-for-english-language) + AQA English Language 7702 spec-at-a-glance
English Language,sustainability,0,,DfE English language content (gov.uk/gce-as-and-a-levels-for-english-language) + AQA English Language 7702 spec-at-a-glance
English Language,commercial,0,,DfE English language content (gov.uk/gce-as-and-a-levels-for-english-language) + AQA English Language 7702 spec-at-a-glance
English Language,leadership,0,,DfE English language content (gov.uk/gce-as-and-a-levels-for-english-language) + AQA English Language 7702 spec-at-a-glance
English Language,law-ethics,0,,DfE English language content (gov.uk/gce-as-and-a-levels-for-english-language) + AQA English Language 7702 spec-at-a-glance
English Language,writing,3,DfE aim: 'develop their skills as producers...of language' (p.1); NEA 'Language in Action' (20%) includes an original writing task marked out of 50.,https://assets.publishing.service.gov.uk/media/5a7ea47040f0b6230268a9be/A_level_English_language_subject_content.pdf p.1; https://www.aqa.org.uk/subjects/english/a-level/english-7702/specification/specification-at-a-glance
English Language,speaking,1,,DfE English language content (gov.uk/gce-as-and-a-levels-for-english-language) + AQA English Language 7702 spec-at-a-glance
English Language,languages,1,"Studies language itself (phonetics, grammar, discourse) but is not a foreign language",DFE englang para7 p.1-2
English Language,care-empathy,0,,DfE English language content (gov.uk/gce-as-and-a-levels-for-english-language) + AQA English Language 7702 spec-at-a-glance
English Language,teamwork,0,,DfE English language content (gov.uk/gce-as-and-a-levels-for-english-language) + AQA English Language 7702 spec-at-a-glance
English Language,customer-service,0,,DfE English language content (gov.uk/gce-as-and-a-levels-for-english-language) + AQA English Language 7702 spec-at-a-glance
English Language,self-management,2,"NEA (20%) requires students to 'undertake independent investigations of language, selecting appropriate methods and techniques' (DfE p.2).",https://assets.publishing.service.gov.uk/media/5a7ea47040f0b6230268a9be/A_level_English_language_subject_content.pdf p.2; https://www.aqa.org.uk/subjects/english/a-level/english-7702/specification/specification-at-a-glance
English Language,critical-thinking,3,"DfE: 'critically evaluate attitudes towards language and its users' (p.2); 'apply critical and creative skills in...evaluation, analysis, interpretation' (p.2).",https://assets.publishing.service.gov.uk/media/5a7ea47040f0b6230268a9be/A_level_English_language_subject_content.pdf p.2; https://www.aqa.org.uk/subjects/english/a-level/english-7702/specification/specification-at-a-glance
English Language,problem-solving,0,,DfE English language content (gov.uk/gce-as-and-a-levels-for-english-language) + AQA English Language 7702 spec-at-a-glance
English Language,creativity,2,"NEA original writing task (part of 20% NEA, marked out of 25) requires creative production; DfE aim: 'engage creatively and critically' (p.1).",https://assets.publishing.service.gov.uk/media/5a7ea47040f0b6230268a9be/A_level_English_language_subject_content.pdf p.1; https://www.aqa.org.uk/subjects/english/a-level/english-7702/specification/specification-at-a-glance NEA guidance
English Language,content-production,1,Compulsory analysis of 'electronic and multimodal forms' of English (DfE para 5) without producing media content; written tasks count under writing/creativity.,https://assets.publishing.service.gov.uk/media/5a7ea47040f0b6230268a9be/A_level_English_language_subject_content.pdf p.1
English Literature,data-analysis,0,,DfE English literature content (gov.uk/gce-as-and-a-level-for-english-literature) + AQA English Literature A 7712 scheme-of-assessment
English Literature,programming,0,,DfE English literature content (gov.uk/gce-as-and-a-level-for-english-literature) + AQA English Literature A 7712 scheme-of-assessment
English Literature,digital-ai,0,,DfE English literature content (gov.uk/gce-as-and-a-level-for-english-literature) + AQA English Literature A 7712 scheme-of-assessment
English Literature,cyber-security,0,,DfE English literature content (gov.uk/gce-as-and-a-level-for-english-literature) + AQA English Literature A 7712 scheme-of-assessment
English Literature,numeracy,0,,DfE English literature content (gov.uk/gce-as-and-a-level-for-english-literature) + AQA English Literature A 7712 scheme-of-assessment
English Literature,scientific-method,0,,DfE English literature content (gov.uk/gce-as-and-a-level-for-english-literature) + AQA English Literature A 7712 scheme-of-assessment
English Literature,engineering,0,,DfE English literature content (gov.uk/gce-as-and-a-level-for-english-literature) + AQA English Literature A 7712 scheme-of-assessment
English Literature,practical-making,0,,DfE English literature content (gov.uk/gce-as-and-a-level-for-english-literature) + AQA English Literature A 7712 scheme-of-assessment
English Literature,sustainability,0,,DfE English literature content (gov.uk/gce-as-and-a-level-for-english-literature) + AQA English Literature A 7712 scheme-of-assessment
English Literature,commercial,0,,DfE English literature content (gov.uk/gce-as-and-a-level-for-english-literature) + AQA English Literature A 7712 scheme-of-assessment
English Literature,leadership,0,,DfE English literature content (gov.uk/gce-as-and-a-level-for-english-literature) + AQA English Literature A 7712 scheme-of-assessment
English Literature,law-ethics,0,,DfE English literature content (gov.uk/gce-as-and-a-level-for-english-literature) + AQA English Literature A 7712 scheme-of-assessment
English Literature,writing,3,"DfE: students must 'communicate fluently, accurately and effectively their knowledge, understanding and judgement of texts' (p.2-3); assessed via two 40% exams plus 20% NEA essay.",https://assets.publishing.service.gov.uk/media/5a7eb05740f0b6230268ae6b/A_level_English_literature_content.pdf p.2-3; https://www.aqa.org.uk/subjects/english/a-level/english-7712/specification/specification-at-a-glance
English Literature,speaking,0,,DfE English literature content (gov.uk/gce-as-and-a-level-for-english-literature) + AQA English Literature A 7712 scheme-of-assessment
English Literature,languages,0,,DfE English literature content (gov.uk/gce-as-and-a-level-for-english-literature) + AQA English Literature A 7712 scheme-of-assessment
English Literature,care-empathy,0,,DfE English literature content (gov.uk/gce-as-and-a-level-for-english-literature) + AQA English Literature A 7712 scheme-of-assessment
English Literature,teamwork,0,,DfE English literature content (gov.uk/gce-as-and-a-level-for-english-literature) + AQA English Literature A 7712 scheme-of-assessment
English Literature,customer-service,0,,DfE English literature content (gov.uk/gce-as-and-a-level-for-english-literature) + AQA English Literature A 7712 scheme-of-assessment
English Literature,self-management,2,"AQA 7712 NEA (20%) 'Independent critical study: texts across time': one extended essay plus bibliography, independently researched.",https://assets.publishing.service.gov.uk/media/5a7eb05740f0b6230268ae6b/A_level_English_literature_content.pdf; https://www.aqa.org.uk/subjects/english/a-level/english-7712/specification/specification-at-a-glance
English Literature,critical-thinking,3,DfE: 'read texts...respond critically and creatively' (p.2); 'draw on their understanding of different interpretations in responding to and evaluating texts' (p.2); core to 100% assessment.,https://assets.publishing.service.gov.uk/media/5a7eb05740f0b6230268ae6b/A_level_English_literature_content.pdf p.2; https://www.aqa.org.uk/subjects/english/a-level/english-7712/specification/specification-at-a-glance
English Literature,problem-solving,0,,DfE English literature content (gov.uk/gce-as-and-a-level-for-english-literature) + AQA English Literature A 7712 scheme-of-assessment
English Literature,creativity,1,,https://www.aqa.org.uk/subjects/english/a-level/english-7712/specification/scheme-of-assessment
English Literature,content-production,0,,DfE English literature content (gov.uk/gce-as-and-a-level-for-english-literature) + AQA English Literature A 7712 scheme-of-assessment
English Language & Literature,data-analysis,1,,DfE English language & literature content (gov.uk/gce-as-and-a-level-for-english-language-and-literature) + AQA English Language & Literature 7707 spec-at-a-glance
English Language & Literature,programming,0,,DfE English language & literature content (gov.uk/gce-as-and-a-level-for-english-language-and-literature) + AQA English Language & Literature 7707 spec-at-a-glance
English Language & Literature,digital-ai,0,,DfE English language & literature content (gov.uk/gce-as-and-a-level-for-english-language-and-literature) + AQA English Language & Literature 7707 spec-at-a-glance
English Language & Literature,cyber-security,0,,DfE English language & literature content (gov.uk/gce-as-and-a-level-for-english-language-and-literature) + AQA English Language & Literature 7707 spec-at-a-glance
English Language & Literature,numeracy,0,,DfE English language & literature content (gov.uk/gce-as-and-a-level-for-english-language-and-literature) + AQA English Language & Literature 7707 spec-at-a-glance
English Language & Literature,scientific-method,0,,DfE English language & literature content (gov.uk/gce-as-and-a-level-for-english-language-and-literature) + AQA English Language & Literature 7707 spec-at-a-glance
English Language & Literature,engineering,0,,DfE English language & literature content (gov.uk/gce-as-and-a-level-for-english-language-and-literature) + AQA English Language & Literature 7707 spec-at-a-glance
English Language & Literature,practical-making,0,,DfE English language & literature content (gov.uk/gce-as-and-a-level-for-english-language-and-literature) + AQA English Language & Literature 7707 spec-at-a-glance
English Language & Literature,sustainability,0,,DfE English language & literature content (gov.uk/gce-as-and-a-level-for-english-language-and-literature) + AQA English Language & Literature 7707 spec-at-a-glance
English Language & Literature,commercial,0,,DfE English language & literature content (gov.uk/gce-as-and-a-level-for-english-language-and-literature) + AQA English Language & Literature 7707 spec-at-a-glance
English Language & Literature,leadership,0,,DfE English language & literature content (gov.uk/gce-as-and-a-level-for-english-language-and-literature) + AQA English Language & Literature 7707 spec-at-a-glance
English Language & Literature,law-ethics,0,,DfE English language & literature content (gov.uk/gce-as-and-a-level-for-english-language-and-literature) + AQA English Language & Literature 7707 spec-at-a-glance
English Language & Literature,writing,3,DfE: 'use a range of techniques to produce and evaluate the effectiveness of texts for different audiences and purposes' (p.2); AQA 7707: two 40% exams + 20% NEA.,https://assets.publishing.service.gov.uk/media/5a75afd7e5274a545822d70b/A_level_English_language_and_literature_content.pdf p.2; https://www.aqa.org.uk/subjects/english/a-level/english-7707/specification/specification-at-a-glance
English Language & Literature,speaking,0,,DfE English language & literature content (gov.uk/gce-as-and-a-level-for-english-language-and-literature) + AQA English Language & Literature 7707 spec-at-a-glance
English Language & Literature,languages,1,Studies language as a discipline (linguistics) but is not a foreign language,DFE engll para8 p.2
English Language & Literature,care-empathy,0,,DfE English language & literature content (gov.uk/gce-as-and-a-level-for-english-language-and-literature) + AQA English Language & Literature 7707 spec-at-a-glance
English Language & Literature,teamwork,0,,DfE English language & literature content (gov.uk/gce-as-and-a-level-for-english-language-and-literature) + AQA English Language & Literature 7707 spec-at-a-glance
English Language & Literature,customer-service,0,,DfE English language & literature content (gov.uk/gce-as-and-a-level-for-english-language-and-literature) + AQA English Language & Literature 7707 spec-at-a-glance
English Language & Literature,self-management,2,"AQA 7707 NEA 'Making connections' (20%): a personal investigation of a technique or theme across literary and non-literary discourse, 2,500–3,000 words.",https://www.aqa.org.uk/subjects/english/a-level/english-7707/specification/specification-at-a-glance; https://assets.publishing.service.gov.uk/media/5a75afd7e5274a545822d70b/A_level_English_language_and_literature_content.pdf p.1
English Language & Literature,critical-thinking,3,DfE: 'explore connections across a wide range of literary and non-literary texts' (p.2); AQA 7707 NEA 'Making connections' (20%) is a personal investigation.,https://assets.publishing.service.gov.uk/media/5a75afd7e5274a545822d70b/A_level_English_language_and_literature_content.pdf p.2; https://www.aqa.org.uk/subjects/english/a-level/english-7707/specification/specification-at-a-glance
English Language & Literature,problem-solving,0,,DfE English language & literature content (gov.uk/gce-as-and-a-level-for-english-language-and-literature) + AQA English Language & Literature 7707 spec-at-a-glance
English Language & Literature,creativity,2,AQA 7707 Paper 2 Section A: one piece of re-creative writing using a set text (25 marks) plus a critical commentary; DfE: 'use English…creatively' (p.2).,https://www.aqa.org.uk/subjects/english/a-level/english-7707/specification/specification-at-a-glance; https://assets.publishing.service.gov.uk/media/5a75afd7e5274a545822d70b/A_level_English_language_and_literature_content.pdf p.2
English Language & Literature,content-production,0,,DfE English language & literature content (gov.uk/gce-as-and-a-level-for-english-language-and-literature) + AQA English Language & Literature 7707 spec-at-a-glance
French,data-analysis,0,,DfE modern foreign languages content (gov.uk/gce-as-and-a-level-modern-foreign-languages) + AQA French 7652 spec-at-a-glance
French,programming,0,,DfE modern foreign languages content (gov.uk/gce-as-and-a-level-modern-foreign-languages) + AQA French 7652 spec-at-a-glance
French,digital-ai,1,,DfE modern foreign languages content (gov.uk/gce-as-and-a-level-modern-foreign-languages) + AQA French 7652 spec-at-a-glance
French,cyber-security,0,,DfE modern foreign languages content (gov.uk/gce-as-and-a-level-modern-foreign-languages) + AQA French 7652 spec-at-a-glance
French,numeracy,0,,DfE modern foreign languages content (gov.uk/gce-as-and-a-level-modern-foreign-languages) + AQA French 7652 spec-at-a-glance
French,scientific-method,0,,DfE modern foreign languages content (gov.uk/gce-as-and-a-level-modern-foreign-languages) + AQA French 7652 spec-at-a-glance
French,engineering,0,,DfE modern foreign languages content (gov.uk/gce-as-and-a-level-modern-foreign-languages) + AQA French 7652 spec-at-a-glance
French,practical-making,0,,DfE modern foreign languages content (gov.uk/gce-as-and-a-level-modern-foreign-languages) + AQA French 7652 spec-at-a-glance
French,sustainability,0,,DfE modern foreign languages content (gov.uk/gce-as-and-a-level-modern-foreign-languages) + AQA French 7652 spec-at-a-glance
French,commercial,0,,DfE modern foreign languages content (gov.uk/gce-as-and-a-level-modern-foreign-languages) + AQA French 7652 spec-at-a-glance
French,leadership,0,,DfE modern foreign languages content (gov.uk/gce-as-and-a-level-modern-foreign-languages) + AQA French 7652 spec-at-a-glance
French,law-ethics,0,,DfE modern foreign languages content (gov.uk/gce-as-and-a-level-modern-foreign-languages) + AQA French 7652 spec-at-a-glance
French,writing,3,"AQA 7652 Paper 2 (Writing, 20%) plus Paper 1 writing tasks; DfE requires 'develop arguments; persuade; and analyse and evaluate' in writing, and translation both ways (p.4-5).",https://assets.publishing.service.gov.uk/media/64aebaa0fe36e0000d6fa848/GCE_AS_and_A_level_subject_content_for_modern_foreign_languages.pdf p.4-5; https://www.aqa.org.uk/subjects/french/a-level/french-7652/specification/specification-at-a-glance
French,speaking,3,"AQA 7652 Paper 3: a speaking exam worth 30%, including presentation and discussion of an individual research project. DfE MFL: communicate 'through oral presentation and discussion' (p.6).",https://assets.publishing.service.gov.uk/media/64aebaa0fe36e0000d6fa848/GCE_AS_and_A_level_subject_content_for_modern_foreign_languages.pdf p.6; https://www.aqa.org.uk/subjects/french/a-level/french-7652/specification/specification-at-a-glance
French,languages,3,"AQA 7652 Paper 3: a speaking exam worth 30%, including presentation and discussion of an individual research project. DfE MFL: communicate 'through oral presentation and discussion' (p.6).",https://assets.publishing.service.gov.uk/media/64aebaa0fe36e0000d6fa848/GCE_AS_and_A_level_subject_content_for_modern_foreign_languages.pdf p.6; https://www.aqa.org.uk/subjects/french/a-level/french-7652/specification/specification-at-a-glance
French,care-empathy,0,,DfE modern foreign languages content (gov.uk/gce-as-and-a-level-modern-foreign-languages) + AQA French 7652 spec-at-a-glance
French,teamwork,0,,DfE modern foreign languages content (gov.uk/gce-as-and-a-level-modern-foreign-languages) + AQA French 7652 spec-at-a-glance
French,customer-service,0,,DfE modern foreign languages content (gov.uk/gce-as-and-a-level-modern-foreign-languages) + AQA French 7652 spec-at-a-glance
French,self-management,2,"A level requires an independent research project ('identify a key question...select relevant information...analyse and summarise', DfE p.6), assessed as a live oral performance in Paper 3 (30%).",https://assets.publishing.service.gov.uk/media/64aebaa0fe36e0000d6fa848/GCE_AS_and_A_level_subject_content_for_modern_foreign_languages.pdf p.6; https://www.aqa.org.uk/subjects/french/a-level/french-7652/specification/specification-at-a-glance
French,critical-thinking,2,"DfE: 'develop their capacity for critical and analytical thinking through the language of study' (p.4, A-level only); assessed via 2 literary/film works and the research project.",https://assets.publishing.service.gov.uk/media/64aebaa0fe36e0000d6fa848/GCE_AS_and_A_level_subject_content_for_modern_foreign_languages.pdf p.4; https://www.aqa.org.uk/subjects/french/a-level/french-7652/specification/specification-at-a-glance
French,problem-solving,0,,DfE modern foreign languages content (gov.uk/gce-as-and-a-level-modern-foreign-languages) + AQA French 7652 spec-at-a-glance
French,creativity,1,,DfE modern foreign languages content (gov.uk/gce-as-and-a-level-modern-foreign-languages) + AQA French 7652 spec-at-a-glance
French,content-production,0,,DfE modern foreign languages content (gov.uk/gce-as-and-a-level-modern-foreign-languages) + AQA French 7652 spec-at-a-glance
Spanish,data-analysis,0,,DfE modern foreign languages content (gov.uk/gce-as-and-a-level-modern-foreign-languages) + AQA Spanish 7692 (same structure as French 7652)
Spanish,programming,0,,DfE modern foreign languages content (gov.uk/gce-as-and-a-level-modern-foreign-languages) + AQA Spanish 7692 (same structure as French 7652)
Spanish,digital-ai,1,,DfE modern foreign languages content (gov.uk/gce-as-and-a-level-modern-foreign-languages) + AQA Spanish 7692 (same structure as French 7652)
Spanish,cyber-security,0,,DfE modern foreign languages content (gov.uk/gce-as-and-a-level-modern-foreign-languages) + AQA Spanish 7692 (same structure as French 7652)
Spanish,numeracy,0,,DfE modern foreign languages content (gov.uk/gce-as-and-a-level-modern-foreign-languages) + AQA Spanish 7692 (same structure as French 7652)
Spanish,scientific-method,0,,DfE modern foreign languages content (gov.uk/gce-as-and-a-level-modern-foreign-languages) + AQA Spanish 7692 (same structure as French 7652)
Spanish,engineering,0,,DfE modern foreign languages content (gov.uk/gce-as-and-a-level-modern-foreign-languages) + AQA Spanish 7692 (same structure as French 7652)
Spanish,practical-making,0,,DfE modern foreign languages content (gov.uk/gce-as-and-a-level-modern-foreign-languages) + AQA Spanish 7692 (same structure as French 7652)
Spanish,sustainability,0,,DfE modern foreign languages content (gov.uk/gce-as-and-a-level-modern-foreign-languages) + AQA Spanish 7692 (same structure as French 7652)
Spanish,commercial,0,,DfE modern foreign languages content (gov.uk/gce-as-and-a-level-modern-foreign-languages) + AQA Spanish 7692 (same structure as French 7652)
Spanish,leadership,0,,DfE modern foreign languages content (gov.uk/gce-as-and-a-level-modern-foreign-languages) + AQA Spanish 7692 (same structure as French 7652)
Spanish,law-ethics,0,,DfE modern foreign languages content (gov.uk/gce-as-and-a-level-modern-foreign-languages) + AQA Spanish 7692 (same structure as French 7652)
Spanish,writing,3,"AQA 7692 Paper 2 (Writing, 20%) plus Paper 1 writing tasks; DfE requires 'develop arguments; persuade; and analyse and evaluate' in writing, and translation both ways (p.4-5).",https://assets.publishing.service.gov.uk/media/64aebaa0fe36e0000d6fa848/GCE_AS_and_A_level_subject_content_for_modern_foreign_languages.pdf p.4-5; https://www.aqa.org.uk/subjects/spanish/a-level/spanish-7692/specification/specification-at-a-glance
Spanish,speaking,3,"AQA 7652 Paper 3: a speaking exam worth 30%, including presentation and discussion of an individual research project. DfE MFL: communicate 'through oral presentation and discussion' (p.6).",https://assets.publishing.service.gov.uk/media/64aebaa0fe36e0000d6fa848/GCE_AS_and_A_level_subject_content_for_modern_foreign_languages.pdf p.6; https://www.aqa.org.uk/subjects/spanish/a-level/spanish-7692/specification/specification-at-a-glance
Spanish,languages,3,"AQA 7652 Paper 3: a speaking exam worth 30%, including presentation and discussion of an individual research project. DfE MFL: communicate 'through oral presentation and discussion' (p.6).",https://assets.publishing.service.gov.uk/media/64aebaa0fe36e0000d6fa848/GCE_AS_and_A_level_subject_content_for_modern_foreign_languages.pdf p.6; https://www.aqa.org.uk/subjects/spanish/a-level/spanish-7692/specification/specification-at-a-glance
Spanish,care-empathy,0,,DfE modern foreign languages content (gov.uk/gce-as-and-a-level-modern-foreign-languages) + AQA Spanish 7692 (same structure as French 7652)
Spanish,teamwork,0,,DfE modern foreign languages content (gov.uk/gce-as-and-a-level-modern-foreign-languages) + AQA Spanish 7692 (same structure as French 7652)
Spanish,customer-service,0,,DfE modern foreign languages content (gov.uk/gce-as-and-a-level-modern-foreign-languages) + AQA Spanish 7692 (same structure as French 7652)
Spanish,self-management,2,"A level requires an independent research project ('identify a key question...select relevant information...analyse and summarise', DfE p.6), assessed as a live oral performance in Paper 3 (30%).",https://assets.publishing.service.gov.uk/media/64aebaa0fe36e0000d6fa848/GCE_AS_and_A_level_subject_content_for_modern_foreign_languages.pdf p.6; https://www.aqa.org.uk/subjects/spanish/a-level/spanish-7692/specification/specification-at-a-glance
Spanish,critical-thinking,2,"DfE: 'develop their capacity for critical and analytical thinking through the language of study' (p.4, A-level only); assessed via 2 literary/film works and the research project.",https://assets.publishing.service.gov.uk/media/64aebaa0fe36e0000d6fa848/GCE_AS_and_A_level_subject_content_for_modern_foreign_languages.pdf p.4; https://www.aqa.org.uk/subjects/spanish/a-level/spanish-7692/specification/specification-at-a-glance
Spanish,problem-solving,0,,DfE modern foreign languages content (gov.uk/gce-as-and-a-level-modern-foreign-languages) + AQA Spanish 7692 (same structure as French 7652)
Spanish,creativity,1,,DfE modern foreign languages content (gov.uk/gce-as-and-a-level-modern-foreign-languages) + AQA Spanish 7692 (same structure as French 7652)
Spanish,content-production,0,,DfE modern foreign languages content (gov.uk/gce-as-and-a-level-modern-foreign-languages) + AQA Spanish 7692 (same structure as French 7652)
German,data-analysis,0,,DfE modern foreign languages content (gov.uk/gce-as-and-a-level-modern-foreign-languages) + AQA German 7662 (same structure as French 7652)
German,programming,0,,DfE modern foreign languages content (gov.uk/gce-as-and-a-level-modern-foreign-languages) + AQA German 7662 (same structure as French 7652)
German,digital-ai,1,,DfE modern foreign languages content (gov.uk/gce-as-and-a-level-modern-foreign-languages) + AQA German 7662 (same structure as French 7652)
German,cyber-security,0,,DfE modern foreign languages content (gov.uk/gce-as-and-a-level-modern-foreign-languages) + AQA German 7662 (same structure as French 7652)
German,numeracy,0,,DfE modern foreign languages content (gov.uk/gce-as-and-a-level-modern-foreign-languages) + AQA German 7662 (same structure as French 7652)
German,scientific-method,0,,DfE modern foreign languages content (gov.uk/gce-as-and-a-level-modern-foreign-languages) + AQA German 7662 (same structure as French 7652)
German,engineering,0,,DfE modern foreign languages content (gov.uk/gce-as-and-a-level-modern-foreign-languages) + AQA German 7662 (same structure as French 7652)
German,practical-making,0,,DfE modern foreign languages content (gov.uk/gce-as-and-a-level-modern-foreign-languages) + AQA German 7662 (same structure as French 7652)
German,sustainability,0,,DfE modern foreign languages content (gov.uk/gce-as-and-a-level-modern-foreign-languages) + AQA German 7662 (same structure as French 7652)
German,commercial,0,,DfE modern foreign languages content (gov.uk/gce-as-and-a-level-modern-foreign-languages) + AQA German 7662 (same structure as French 7652)
German,leadership,0,,DfE modern foreign languages content (gov.uk/gce-as-and-a-level-modern-foreign-languages) + AQA German 7662 (same structure as French 7652)
German,law-ethics,0,,DfE modern foreign languages content (gov.uk/gce-as-and-a-level-modern-foreign-languages) + AQA German 7662 (same structure as French 7652)
German,writing,3,"AQA 7662 Paper 2 (Writing, 20%) plus Paper 1 writing tasks; DfE requires 'develop arguments; persuade; and analyse and evaluate' in writing, and translation both ways (p.4-5).",https://assets.publishing.service.gov.uk/media/64aebaa0fe36e0000d6fa848/GCE_AS_and_A_level_subject_content_for_modern_foreign_languages.pdf p.4-5; https://www.aqa.org.uk/subjects/german/a-level/german-7662/specification/specification-at-a-glance
German,speaking,3,"AQA 7652 Paper 3: a speaking exam worth 30%, including presentation and discussion of an individual research project. DfE MFL: communicate 'through oral presentation and discussion' (p.6).",https://assets.publishing.service.gov.uk/media/64aebaa0fe36e0000d6fa848/GCE_AS_and_A_level_subject_content_for_modern_foreign_languages.pdf p.6; https://www.aqa.org.uk/subjects/german/a-level/german-7662/specification/specification-at-a-glance
German,languages,3,"AQA 7652 Paper 3: a speaking exam worth 30%, including presentation and discussion of an individual research project. DfE MFL: communicate 'through oral presentation and discussion' (p.6).",https://assets.publishing.service.gov.uk/media/64aebaa0fe36e0000d6fa848/GCE_AS_and_A_level_subject_content_for_modern_foreign_languages.pdf p.6; https://www.aqa.org.uk/subjects/german/a-level/german-7662/specification/specification-at-a-glance
German,care-empathy,0,,DfE modern foreign languages content (gov.uk/gce-as-and-a-level-modern-foreign-languages) + AQA German 7662 (same structure as French 7652)
German,teamwork,0,,DfE modern foreign languages content (gov.uk/gce-as-and-a-level-modern-foreign-languages) + AQA German 7662 (same structure as French 7652)
German,customer-service,0,,DfE modern foreign languages content (gov.uk/gce-as-and-a-level-modern-foreign-languages) + AQA German 7662 (same structure as French 7652)
German,self-management,2,"A level requires an independent research project ('identify a key question...select relevant information...analyse and summarise', DfE p.6), assessed as a live oral performance in Paper 3 (30%).",https://assets.publishing.service.gov.uk/media/64aebaa0fe36e0000d6fa848/GCE_AS_and_A_level_subject_content_for_modern_foreign_languages.pdf p.6; https://www.aqa.org.uk/subjects/german/a-level/german-7662/specification/specification-at-a-glance
German,critical-thinking,2,"DfE: 'develop their capacity for critical and analytical thinking through the language of study' (p.4, A-level only); assessed via 2 literary/film works and the research project.",https://assets.publishing.service.gov.uk/media/64aebaa0fe36e0000d6fa848/GCE_AS_and_A_level_subject_content_for_modern_foreign_languages.pdf p.4; https://www.aqa.org.uk/subjects/german/a-level/german-7662/specification/specification-at-a-glance
German,problem-solving,0,,DfE modern foreign languages content (gov.uk/gce-as-and-a-level-modern-foreign-languages) + AQA German 7662 (same structure as French 7652)
German,creativity,1,,DfE modern foreign languages content (gov.uk/gce-as-and-a-level-modern-foreign-languages) + AQA German 7662 (same structure as French 7652)
German,content-production,0,,DfE modern foreign languages content (gov.uk/gce-as-and-a-level-modern-foreign-languages) + AQA German 7662 (same structure as French 7652)
Chinese (Mandarin),data-analysis,0,,DfE modern foreign languages content (gov.uk/gce-as-and-a-level-modern-foreign-languages) + Pearson Edexcel Chinese 9CN0 spec + savemyexams summary
Chinese (Mandarin),programming,0,,DfE modern foreign languages content (gov.uk/gce-as-and-a-level-modern-foreign-languages) + Pearson Edexcel Chinese 9CN0 spec + savemyexams summary
Chinese (Mandarin),digital-ai,1,,
Chinese (Mandarin),cyber-security,0,,DfE modern foreign languages content (gov.uk/gce-as-and-a-level-modern-foreign-languages) + Pearson Edexcel Chinese 9CN0 spec + savemyexams summary
Chinese (Mandarin),numeracy,0,,DfE modern foreign languages content (gov.uk/gce-as-and-a-level-modern-foreign-languages) + Pearson Edexcel Chinese 9CN0 spec + savemyexams summary
Chinese (Mandarin),scientific-method,0,,DfE modern foreign languages content (gov.uk/gce-as-and-a-level-modern-foreign-languages) + Pearson Edexcel Chinese 9CN0 spec + savemyexams summary
Chinese (Mandarin),engineering,0,,DfE modern foreign languages content (gov.uk/gce-as-and-a-level-modern-foreign-languages) + Pearson Edexcel Chinese 9CN0 spec + savemyexams summary
Chinese (Mandarin),practical-making,0,,DfE modern foreign languages content (gov.uk/gce-as-and-a-level-modern-foreign-languages) + Pearson Edexcel Chinese 9CN0 spec + savemyexams summary
Chinese (Mandarin),sustainability,0,,DfE modern foreign languages content (gov.uk/gce-as-and-a-level-modern-foreign-languages) + Pearson Edexcel Chinese 9CN0 spec + savemyexams summary
Chinese (Mandarin),commercial,0,,DfE modern foreign languages content (gov.uk/gce-as-and-a-level-modern-foreign-languages) + Pearson Edexcel Chinese 9CN0 spec + savemyexams summary
Chinese (Mandarin),leadership,0,,DfE modern foreign languages content (gov.uk/gce-as-and-a-level-modern-foreign-languages) + Pearson Edexcel Chinese 9CN0 spec + savemyexams summary
Chinese (Mandarin),law-ethics,0,,DfE modern foreign languages content (gov.uk/gce-as-and-a-level-modern-foreign-languages) + Pearson Edexcel Chinese 9CN0 spec + savemyexams summary
Chinese (Mandarin),writing,3,Pearson 9CN0 Paper 2 (30%): translation into Chinese plus two extended written responses to a literary text/film; DfE requires critical written response.,https://qualifications.pearson.com/content/dam/pdf/A%20Level/Chinese/2017/specification-and-sample-assessments/Specification_GCE_A_level_L3_in_Chinese.pdf p.8; https://assets.publishing.service.gov.uk/media/64aebaa0fe36e0000d6fa848/GCE_AS_and_A_level_subject_content_for_modern_foreign_languages.pdf p.5
Chinese (Mandarin),speaking,3,"Pearson Edexcel 9CN0 Paper 3 Speaking = 30% (72 marks), including presentation and discussion of an individual research project.",https://qualifications.pearson.com/en/qualifications/edexcel-a-levels/chinese-2017.html
Chinese (Mandarin),languages,3,"Chinese is a defining foreign-language A level; DfE MFL Chinese annex retains full oral assessment (Edexcel Paper 3 Speaking, 30%, 72 marks) despite comprehension exceptions.",https://assets.publishing.service.gov.uk/media/64aebaa0fe36e0000d6fa848/GCE_AS_and_A_level_subject_content_for_modern_foreign_languages.pdf p.7; https://qualifications.pearson.com/en/qualifications/edexcel-a-levels/chinese-2017.html
Chinese (Mandarin),care-empathy,0,,DfE modern foreign languages content (gov.uk/gce-as-and-a-level-modern-foreign-languages) + Pearson Edexcel Chinese 9CN0 spec + savemyexams summary
Chinese (Mandarin),teamwork,0,,DfE modern foreign languages content (gov.uk/gce-as-and-a-level-modern-foreign-languages) + Pearson Edexcel Chinese 9CN0 spec + savemyexams summary
Chinese (Mandarin),customer-service,0,,DfE modern foreign languages content (gov.uk/gce-as-and-a-level-modern-foreign-languages) + Pearson Edexcel Chinese 9CN0 spec + savemyexams summary
Chinese (Mandarin),self-management,2,"A level research-skills requirement (DfE p.6, applies to Chinese) feeds into an individual research project assessed as a live oral performance.",https://assets.publishing.service.gov.uk/media/64aebaa0fe36e0000d6fa848/GCE_AS_and_A_level_subject_content_for_modern_foreign_languages.pdf p.6; https://qualifications.pearson.com/en/qualifications/edexcel-a-levels/chinese-2017.html
Chinese (Mandarin),critical-thinking,2,"Literary/film works are studied critically with responses required 'in the language of study' (DfE p.7 exceptions annex), regularly assessed.",https://assets.publishing.service.gov.uk/media/64aebaa0fe36e0000d6fa848/GCE_AS_and_A_level_subject_content_for_modern_foreign_languages.pdf p.7; https://qualifications.pearson.com/en/qualifications/edexcel-a-levels/chinese-2017.html
Chinese (Mandarin),problem-solving,0,,DfE modern foreign languages content (gov.uk/gce-as-and-a-level-modern-foreign-languages) + Pearson Edexcel Chinese 9CN0 spec + savemyexams summary
Chinese (Mandarin),creativity,1,,DfE modern foreign languages content (gov.uk/gce-as-and-a-level-modern-foreign-languages) + Pearson Edexcel Chinese 9CN0 spec + savemyexams summary
Chinese (Mandarin),content-production,0,,DfE modern foreign languages content (gov.uk/gce-as-and-a-level-modern-foreign-languages) + Pearson Edexcel Chinese 9CN0 spec + savemyexams summary
Art & Design (Fine Art),data-analysis,0,,DfE art and design content (gov.uk/gce-as-and-a-level-for-art-and-design) + AQA Art & Design 7202 scheme-of-assessment
Art & Design (Fine Art),programming,0,,DfE art and design content (gov.uk/gce-as-and-a-level-for-art-and-design) + AQA Art & Design 7202 scheme-of-assessment
Art & Design (Fine Art),digital-ai,1,,DfE art and design content (gov.uk/gce-as-and-a-level-for-art-and-design) + AQA Art & Design 7202 scheme-of-assessment
Art & Design (Fine Art),cyber-security,0,,DfE art and design content (gov.uk/gce-as-and-a-level-for-art-and-design) + AQA Art & Design 7202 scheme-of-assessment
Art & Design (Fine Art),numeracy,0,,DfE art and design content (gov.uk/gce-as-and-a-level-for-art-and-design) + AQA Art & Design 7202 scheme-of-assessment
Art & Design (Fine Art),scientific-method,0,,DfE art and design content (gov.uk/gce-as-and-a-level-for-art-and-design) + AQA Art & Design 7202 scheme-of-assessment
Art & Design (Fine Art),engineering,0,,DfE art and design content (gov.uk/gce-as-and-a-level-for-art-and-design) + AQA Art & Design 7202 scheme-of-assessment
Art & Design (Fine Art),practical-making,3,"100% NEA: Personal Investigation (60%) + Externally Set Assignment (40%), both practical portfolio work. DfE: 'apply knowledge and understanding in making images and artefacts' (p.2).",https://assets.publishing.service.gov.uk/media/5a7ec531ed915d74e33f24fd/A_level_art_and_design_subject_content.pdf p.2; https://www.aqa.org.uk/subjects/art-and-design/a-level/art-and-design-7202/specification/specification-at-a-glance
Art & Design (Fine Art),sustainability,0,,DfE art and design content (gov.uk/gce-as-and-a-level-for-art-and-design) + AQA Art & Design 7202 scheme-of-assessment
Art & Design (Fine Art),commercial,0,,DfE art and design content (gov.uk/gce-as-and-a-level-for-art-and-design) + AQA Art & Design 7202 scheme-of-assessment
Art & Design (Fine Art),leadership,0,,DfE art and design content (gov.uk/gce-as-and-a-level-for-art-and-design) + AQA Art & Design 7202 scheme-of-assessment
Art & Design (Fine Art),law-ethics,0,,DfE art and design content (gov.uk/gce-as-and-a-level-for-art-and-design) + AQA Art & Design 7202 scheme-of-assessment
Art & Design (Fine Art),writing,2,"Personal Investigation NEA requires 'between 1000 and 3000 words of continuous prose' (Component 1, 60% of A-level).",https://www.aqa.org.uk/subjects/art-and-design/a-level/art-and-design-7202/specification/specification-at-a-glance
Art & Design (Fine Art),speaking,0,,DfE art and design content (gov.uk/gce-as-and-a-level-for-art-and-design) + AQA Art & Design 7202 scheme-of-assessment
Art & Design (Fine Art),languages,0,,DfE art and design content (gov.uk/gce-as-and-a-level-for-art-and-design) + AQA Art & Design 7202 scheme-of-assessment
Art & Design (Fine Art),care-empathy,0,,DfE art and design content (gov.uk/gce-as-and-a-level-for-art-and-design) + AQA Art & Design 7202 scheme-of-assessment
Art & Design (Fine Art),teamwork,0,,DfE art and design content (gov.uk/gce-as-and-a-level-for-art-and-design) + AQA Art & Design 7202 scheme-of-assessment
Art & Design (Fine Art),customer-service,0,,DfE art and design content (gov.uk/gce-as-and-a-level-for-art-and-design) + AQA Art & Design 7202 scheme-of-assessment
Art & Design (Fine Art),self-management,3,"Rule 4 anchor: the Personal Investigation (60% NEA, Component 1) is a self-directed extended project >=50% of the qualification.",https://www.aqa.org.uk/subjects/art-and-design/a-level/art-and-design-7202/specification/specification-at-a-glance
Art & Design (Fine Art),critical-thinking,2,"DfE: 'explore relevant resources; analyse, discuss and evaluate images, objects and artefacts; and make and record independent judgements' (p.2), assessed within the personal investigation.",https://assets.publishing.service.gov.uk/media/5a7ec531ed915d74e33f24fd/A_level_art_and_design_subject_content.pdf p.2; https://www.aqa.org.uk/subjects/art-and-design/a-level/art-and-design-7202/specification/specification-at-a-glance
Art & Design (Fine Art),problem-solving,1,,DfE art and design content (gov.uk/gce-as-and-a-level-for-art-and-design) + AQA Art & Design 7202 scheme-of-assessment
Art & Design (Fine Art),creativity,3,"DfE: 'intellectual, imaginative, creative and intuitive capabilities' and 'independence of mind in developing...own ideas' (p.1); 100% of the A-level is NEA personal/externally-set projects.",https://assets.publishing.service.gov.uk/media/5a7ec531ed915d74e33f24fd/A_level_art_and_design_subject_content.pdf p.1; https://www.aqa.org.uk/subjects/art-and-design/a-level/art-and-design-7202/specification/specification-at-a-glance
Art & Design (Fine Art),content-production,1,,DfE art and design content (gov.uk/gce-as-and-a-level-for-art-and-design) + AQA Art & Design 7202 scheme-of-assessment
Graphic Communication,data-analysis,0,,DfE art and design content (gov.uk/gce-as-and-a-level-for-art-and-design) + AQA Art & Design 7202 scheme-of-assessment
Graphic Communication,programming,0,,DfE art and design content (gov.uk/gce-as-and-a-level-for-art-and-design) + AQA Art & Design 7202 scheme-of-assessment
Graphic Communication,digital-ai,1,,
Graphic Communication,cyber-security,0,,DfE art and design content (gov.uk/gce-as-and-a-level-for-art-and-design) + AQA Art & Design 7202 scheme-of-assessment
Graphic Communication,numeracy,0,,DfE art and design content (gov.uk/gce-as-and-a-level-for-art-and-design) + AQA Art & Design 7202 scheme-of-assessment
Graphic Communication,scientific-method,0,,DfE art and design content (gov.uk/gce-as-and-a-level-for-art-and-design) + AQA Art & Design 7202 scheme-of-assessment
Graphic Communication,engineering,0,,DfE art and design content (gov.uk/gce-as-and-a-level-for-art-and-design) + AQA Art & Design 7202 scheme-of-assessment
Graphic Communication,practical-making,2,"Title-specific skills with equipment and materials are assessed throughout, but work may be wholly digital; the making counts at 3 under content-production (rule 6).",https://assets.publishing.service.gov.uk/media/5a7ec531ed915d74e33f24fd/A_level_art_and_design_subject_content.pdf p.2; https://www.aqa.org.uk/subjects/art-and-design/a-level/art-and-design-7203/specification/specification-at-a-glance
Graphic Communication,sustainability,0,,DfE art and design content (gov.uk/gce-as-and-a-level-for-art-and-design) + AQA Art & Design 7202 scheme-of-assessment
Graphic Communication,commercial,1,,DfE art and design content (gov.uk/gce-as-and-a-level-for-art-and-design) + AQA Art & Design 7202 scheme-of-assessment
Graphic Communication,leadership,0,,DfE art and design content (gov.uk/gce-as-and-a-level-for-art-and-design) + AQA Art & Design 7202 scheme-of-assessment
Graphic Communication,law-ethics,0,,DfE art and design content (gov.uk/gce-as-and-a-level-for-art-and-design) + AQA Art & Design 7202 scheme-of-assessment
Graphic Communication,writing,2,"Personal Investigation NEA requires 'between 1000 and 3000 words of continuous prose' (Component 1, 60% of A-level).",https://www.aqa.org.uk/subjects/art-and-design/a-level/art-and-design-7203/specification/specification-at-a-glance
Graphic Communication,speaking,0,,DfE art and design content (gov.uk/gce-as-and-a-level-for-art-and-design) + AQA Art & Design 7202 scheme-of-assessment
Graphic Communication,languages,0,,DfE art and design content (gov.uk/gce-as-and-a-level-for-art-and-design) + AQA Art & Design 7202 scheme-of-assessment
Graphic Communication,care-empathy,0,,DfE art and design content (gov.uk/gce-as-and-a-level-for-art-and-design) + AQA Art & Design 7202 scheme-of-assessment
Graphic Communication,teamwork,0,,DfE art and design content (gov.uk/gce-as-and-a-level-for-art-and-design) + AQA Art & Design 7202 scheme-of-assessment
Graphic Communication,customer-service,0,,DfE art and design content (gov.uk/gce-as-and-a-level-for-art-and-design) + AQA Art & Design 7202 scheme-of-assessment
Graphic Communication,self-management,3,"Rule 4 anchor: the Personal Investigation (60% NEA, Component 1) is a self-directed extended project >=50% of the qualification.",https://www.aqa.org.uk/subjects/art-and-design/a-level/art-and-design-7203/specification/specification-at-a-glance
Graphic Communication,critical-thinking,2,"DfE: 'explore relevant resources; analyse, discuss and evaluate images, objects and artefacts; and make and record independent judgements' (p.2), assessed within the personal investigation.",https://assets.publishing.service.gov.uk/media/5a7ec531ed915d74e33f24fd/A_level_art_and_design_subject_content.pdf p.2; https://www.aqa.org.uk/subjects/art-and-design/a-level/art-and-design-7203/specification/specification-at-a-glance
Graphic Communication,problem-solving,1,,DfE art and design content (gov.uk/gce-as-and-a-level-for-art-and-design) + AQA Art & Design 7202 scheme-of-assessment
Graphic Communication,creativity,3,"DfE: 'intellectual, imaginative, creative and intuitive capabilities' and 'independence of mind in developing...own ideas' (p.1); 100% of the A-level is NEA personal/externally-set projects.",https://assets.publishing.service.gov.uk/media/5a7ec531ed915d74e33f24fd/A_level_art_and_design_subject_content.pdf p.1; https://www.aqa.org.uk/subjects/art-and-design/a-level/art-and-design-7203/specification/specification-at-a-glance
Graphic Communication,content-production,3,"DfE title: 'illustration, web and app design, advertising, packaging,...animation and game design' (p.3); 100% NEA portfolio (AQA 7203); rubric aid lists this as typical 3.",https://assets.publishing.service.gov.uk/media/5a7ec531ed915d74e33f24fd/A_level_art_and_design_subject_content.pdf p.3; https://www.aqa.org.uk/subjects/art-and-design/a-level/art-and-design-7203/specification/specification-at-a-glance
Photography,data-analysis,0,,DfE art and design content (gov.uk/gce-as-and-a-level-for-art-and-design) + AQA Art & Design 7202 scheme-of-assessment
Photography,programming,0,,DfE art and design content (gov.uk/gce-as-and-a-level-for-art-and-design) + AQA Art & Design 7202 scheme-of-assessment
Photography,digital-ai,1,,
Photography,cyber-security,0,,DfE art and design content (gov.uk/gce-as-and-a-level-for-art-and-design) + AQA Art & Design 7202 scheme-of-assessment
Photography,numeracy,0,,DfE art and design content (gov.uk/gce-as-and-a-level-for-art-and-design) + AQA Art & Design 7202 scheme-of-assessment
Photography,scientific-method,0,,DfE art and design content (gov.uk/gce-as-and-a-level-for-art-and-design) + AQA Art & Design 7202 scheme-of-assessment
Photography,engineering,0,,DfE art and design content (gov.uk/gce-as-and-a-level-for-art-and-design) + AQA Art & Design 7202 scheme-of-assessment
Photography,practical-making,2,"Title-specific skills with equipment and materials are assessed throughout, but work may be wholly digital; the making counts at 3 under content-production (rule 6).",https://assets.publishing.service.gov.uk/media/5a7ec531ed915d74e33f24fd/A_level_art_and_design_subject_content.pdf p.2; https://www.aqa.org.uk/subjects/art-and-design/a-level/art-and-design-7206/specification/specification-at-a-glance
Photography,sustainability,0,,DfE art and design content (gov.uk/gce-as-and-a-level-for-art-and-design) + AQA Art & Design 7202 scheme-of-assessment
Photography,commercial,0,,DfE art and design content (gov.uk/gce-as-and-a-level-for-art-and-design) + AQA Art & Design 7202 scheme-of-assessment
Photography,leadership,0,,DfE art and design content (gov.uk/gce-as-and-a-level-for-art-and-design) + AQA Art & Design 7202 scheme-of-assessment
Photography,law-ethics,0,,DfE art and design content (gov.uk/gce-as-and-a-level-for-art-and-design) + AQA Art & Design 7202 scheme-of-assessment
Photography,writing,2,"Personal Investigation NEA requires 'between 1000 and 3000 words of continuous prose' (Component 1, 60% of A-level).",https://www.aqa.org.uk/subjects/art-and-design/a-level/art-and-design-7206/specification/specification-at-a-glance
Photography,speaking,0,,DfE art and design content (gov.uk/gce-as-and-a-level-for-art-and-design) + AQA Art & Design 7202 scheme-of-assessment
Photography,languages,0,,DfE art and design content (gov.uk/gce-as-and-a-level-for-art-and-design) + AQA Art & Design 7202 scheme-of-assessment
Photography,care-empathy,0,,DfE art and design content (gov.uk/gce-as-and-a-level-for-art-and-design) + AQA Art & Design 7202 scheme-of-assessment
Photography,teamwork,0,,DfE art and design content (gov.uk/gce-as-and-a-level-for-art-and-design) + AQA Art & Design 7202 scheme-of-assessment
Photography,customer-service,0,,DfE art and design content (gov.uk/gce-as-and-a-level-for-art-and-design) + AQA Art & Design 7202 scheme-of-assessment
Photography,self-management,3,"Rule 4 anchor: the Personal Investigation (60% NEA, Component 1) is a self-directed extended project >=50% of the qualification.",https://www.aqa.org.uk/subjects/art-and-design/a-level/art-and-design-7206/specification/specification-at-a-glance
Photography,critical-thinking,2,"DfE: 'explore relevant resources; analyse, discuss and evaluate images, objects and artefacts; and make and record independent judgements' (p.2), assessed within the personal investigation.",https://assets.publishing.service.gov.uk/media/5a7ec531ed915d74e33f24fd/A_level_art_and_design_subject_content.pdf p.2; https://www.aqa.org.uk/subjects/art-and-design/a-level/art-and-design-7206/specification/specification-at-a-glance
Photography,problem-solving,1,,DfE art and design content (gov.uk/gce-as-and-a-level-for-art-and-design) + AQA Art & Design 7202 scheme-of-assessment
Photography,creativity,3,"DfE: 'intellectual, imaginative, creative and intuitive capabilities' and 'independence of mind in developing...own ideas' (p.1); 100% of the A-level is NEA personal/externally-set projects.",https://assets.publishing.service.gov.uk/media/5a7ec531ed915d74e33f24fd/A_level_art_and_design_subject_content.pdf p.1; https://www.aqa.org.uk/subjects/art-and-design/a-level/art-and-design-7206/specification/specification-at-a-glance
Photography,content-production,3,"DfE title example: 'documentary, photojournalism,...moving image (video, film, animation)' (p.3); 100% NEA portfolio (AQA 7206). Rubric aid lists Photography as typical 3 for content-production.",https://assets.publishing.service.gov.uk/media/5a7ec531ed915d74e33f24fd/A_level_art_and_design_subject_content.pdf p.3; https://www.aqa.org.uk/subjects/art-and-design/a-level/art-and-design-7206/specification/specification-at-a-glance
Textile Design,data-analysis,0,,DfE art and design content (gov.uk/gce-as-and-a-level-for-art-and-design) + AQA Art & Design 7202 scheme-of-assessment
Textile Design,programming,0,,DfE art and design content (gov.uk/gce-as-and-a-level-for-art-and-design) + AQA Art & Design 7202 scheme-of-assessment
Textile Design,digital-ai,1,,DfE art and design content (gov.uk/gce-as-and-a-level-for-art-and-design) + AQA Art & Design 7202 scheme-of-assessment
Textile Design,cyber-security,0,,DfE art and design content (gov.uk/gce-as-and-a-level-for-art-and-design) + AQA Art & Design 7202 scheme-of-assessment
Textile Design,numeracy,0,,DfE art and design content (gov.uk/gce-as-and-a-level-for-art-and-design) + AQA Art & Design 7202 scheme-of-assessment
Textile Design,scientific-method,0,,DfE art and design content (gov.uk/gce-as-and-a-level-for-art-and-design) + AQA Art & Design 7202 scheme-of-assessment
Textile Design,engineering,0,,DfE art and design content (gov.uk/gce-as-and-a-level-for-art-and-design) + AQA Art & Design 7202 scheme-of-assessment
Textile Design,practical-making,3,"DfE title example: 'printed and/or dyed fabrics, constructed textiles' (p.3) — hands-on making with materials; 100% NEA (AQA 7208).",https://assets.publishing.service.gov.uk/media/5a7ec531ed915d74e33f24fd/A_level_art_and_design_subject_content.pdf p.3; https://www.aqa.org.uk/subjects/art-and-design/a-level/art-and-design-7208/specification/specification-at-a-glance
Textile Design,sustainability,0,,DfE art and design content (gov.uk/gce-as-and-a-level-for-art-and-design) + AQA Art & Design 7202 scheme-of-assessment
Textile Design,commercial,0,,DfE art and design content (gov.uk/gce-as-and-a-level-for-art-and-design) + AQA Art & Design 7202 scheme-of-assessment
Textile Design,leadership,0,,DfE art and design content (gov.uk/gce-as-and-a-level-for-art-and-design) + AQA Art & Design 7202 scheme-of-assessment
Textile Design,law-ethics,0,,DfE art and design content (gov.uk/gce-as-and-a-level-for-art-and-design) + AQA Art & Design 7202 scheme-of-assessment
Textile Design,writing,2,"Personal Investigation NEA requires 'between 1000 and 3000 words of continuous prose' (Component 1, 60% of A-level).",https://www.aqa.org.uk/subjects/art-and-design/a-level/art-and-design-7208/specification/specification-at-a-glance
Textile Design,speaking,0,,DfE art and design content (gov.uk/gce-as-and-a-level-for-art-and-design) + AQA Art & Design 7202 scheme-of-assessment
Textile Design,languages,0,,DfE art and design content (gov.uk/gce-as-and-a-level-for-art-and-design) + AQA Art & Design 7202 scheme-of-assessment
Textile Design,care-empathy,0,,DfE art and design content (gov.uk/gce-as-and-a-level-for-art-and-design) + AQA Art & Design 7202 scheme-of-assessment
Textile Design,teamwork,0,,DfE art and design content (gov.uk/gce-as-and-a-level-for-art-and-design) + AQA Art & Design 7202 scheme-of-assessment
Textile Design,customer-service,0,,DfE art and design content (gov.uk/gce-as-and-a-level-for-art-and-design) + AQA Art & Design 7202 scheme-of-assessment
Textile Design,self-management,3,"Rule 4 anchor: the Personal Investigation (60% NEA, Component 1) is a self-directed extended project >=50% of the qualification.",https://www.aqa.org.uk/subjects/art-and-design/a-level/art-and-design-7208/specification/specification-at-a-glance
Textile Design,critical-thinking,2,"DfE: 'explore relevant resources; analyse, discuss and evaluate images, objects and artefacts; and make and record independent judgements' (p.2), assessed within the personal investigation.",https://assets.publishing.service.gov.uk/media/5a7ec531ed915d74e33f24fd/A_level_art_and_design_subject_content.pdf p.2; https://www.aqa.org.uk/subjects/art-and-design/a-level/art-and-design-7208/specification/specification-at-a-glance
Textile Design,problem-solving,1,,DfE art and design content (gov.uk/gce-as-and-a-level-for-art-and-design) + AQA Art & Design 7202 scheme-of-assessment
Textile Design,creativity,3,"DfE: 'intellectual, imaginative, creative and intuitive capabilities' and 'independence of mind in developing...own ideas' (p.1); 100% of the A-level is NEA personal/externally-set projects.",https://assets.publishing.service.gov.uk/media/5a7ec531ed915d74e33f24fd/A_level_art_and_design_subject_content.pdf p.1; https://www.aqa.org.uk/subjects/art-and-design/a-level/art-and-design-7208/specification/specification-at-a-glance
Textile Design,content-production,1,,DfE art and design content (gov.uk/gce-as-and-a-level-for-art-and-design) + AQA Art & Design 7202 scheme-of-assessment
Film Studies,data-analysis,0,,DfE film studies content (gov.uk/gce-as-and-a-level-film-studies) + WJEC Eduqas A-level Film Studies spec (eduqas.co.uk)
Film Studies,programming,0,,DfE film studies content (gov.uk/gce-as-and-a-level-film-studies) + WJEC Eduqas A-level Film Studies spec (eduqas.co.uk)
Film Studies,digital-ai,1,,DfE film studies content (gov.uk/gce-as-and-a-level-film-studies) + WJEC Eduqas A-level Film Studies spec (eduqas.co.uk)
Film Studies,cyber-security,0,,DfE film studies content (gov.uk/gce-as-and-a-level-film-studies) + WJEC Eduqas A-level Film Studies spec (eduqas.co.uk)
Film Studies,numeracy,0,,DfE film studies content (gov.uk/gce-as-and-a-level-film-studies) + WJEC Eduqas A-level Film Studies spec (eduqas.co.uk)
Film Studies,scientific-method,0,,DfE film studies content (gov.uk/gce-as-and-a-level-film-studies) + WJEC Eduqas A-level Film Studies spec (eduqas.co.uk)
Film Studies,engineering,0,,DfE film studies content (gov.uk/gce-as-and-a-level-film-studies) + WJEC Eduqas A-level Film Studies spec (eduqas.co.uk)
Film Studies,practical-making,1,,DfE film studies content (gov.uk/gce-as-and-a-level-film-studies) + WJEC Eduqas A-level Film Studies spec (eduqas.co.uk)
Film Studies,sustainability,0,,DfE film studies content (gov.uk/gce-as-and-a-level-film-studies) + WJEC Eduqas A-level Film Studies spec (eduqas.co.uk)
Film Studies,commercial,0,,DfE film studies content (gov.uk/gce-as-and-a-level-film-studies) + WJEC Eduqas A-level Film Studies spec (eduqas.co.uk)
Film Studies,leadership,0,,DfE film studies content (gov.uk/gce-as-and-a-level-film-studies) + WJEC Eduqas A-level Film Studies spec (eduqas.co.uk)
Film Studies,law-ethics,0,,DfE film studies content (gov.uk/gce-as-and-a-level-film-studies) + WJEC Eduqas A-level Film Studies spec (eduqas.co.uk)
Film Studies,writing,3,Two written exams (70% of A-level) are assessed via 'discursive argument' (p.11); NEA also includes a written evaluative analysis (Eduqas Component 3).,https://assets.publishing.service.gov.uk/media/5a7f74e0e5274a2e87db5f79/Film_studies_AS_A_level_subject_content.pdf p.11; https://www.eduqas.co.uk/qualifications/film-studies-asa-level/
Film Studies,speaking,0,,DfE film studies content (gov.uk/gce-as-and-a-level-film-studies) + WJEC Eduqas A-level Film Studies spec (eduqas.co.uk)
Film Studies,languages,0,,DfE film studies content (gov.uk/gce-as-and-a-level-film-studies) + WJEC Eduqas A-level Film Studies spec (eduqas.co.uk)
Film Studies,care-empathy,0,,DfE film studies content (gov.uk/gce-as-and-a-level-film-studies) + WJEC Eduqas A-level Film Studies spec (eduqas.co.uk)
Film Studies,teamwork,0,,DfE film studies content (gov.uk/gce-as-and-a-level-film-studies) + WJEC Eduqas A-level Film Studies spec (eduqas.co.uk)
Film Studies,customer-service,0,,DfE film studies content (gov.uk/gce-as-and-a-level-film-studies) + WJEC Eduqas A-level Film Studies spec (eduqas.co.uk)
Film Studies,self-management,2,"NEA Production (30%): a short film or screenplay that must be 'individually produced' (DfE p.12, footnote 17; Eduqas Component 3).",https://assets.publishing.service.gov.uk/media/5a7f74e0e5274a2e87db5f79/Film_studies_AS_A_level_subject_content.pdf p.12; https://www.eduqas.co.uk/qualifications/film-studies-asa-level/
Film Studies,critical-thinking,3,"DfE: 'apply critical approaches to film' (p.1) and 'analyse, interpret and compare films critically' (p.11); core to the 70% exam assessment.","https://assets.publishing.service.gov.uk/media/5a7f74e0e5274a2e87db5f79/Film_studies_AS_A_level_subject_content.pdf p.1, p.11; https://www.eduqas.co.uk/qualifications/film-studies-asa-level/"
Film Studies,problem-solving,1,,DfE film studies content (gov.uk/gce-as-and-a-level-film-studies) + WJEC Eduqas A-level Film Studies spec (eduqas.co.uk)
Film Studies,creativity,2,NEA Production (30%) requires devising an original short film or screenplay to a set brief (Eduqas Component 3; DfE p.12).,https://assets.publishing.service.gov.uk/media/5a7f74e0e5274a2e87db5f79/Film_studies_AS_A_level_subject_content.pdf p.12; https://www.eduqas.co.uk/qualifications/film-studies-asa-level/
Film Studies,content-production,3,NEA Production (30%): produce a short film (4-5 min) or screenplay to a brief (Eduqas Component 3; DfE p.12) - core practical filmmaking. Rubric aid lists Film Studies as typical 3.,https://assets.publishing.service.gov.uk/media/5a7f74e0e5274a2e87db5f79/Film_studies_AS_A_level_subject_content.pdf p.12; https://www.eduqas.co.uk/qualifications/film-studies-asa-level/
Media Studies,data-analysis,0,,DfE media studies content (gov.uk/gce-as-and-a-level-media-studies) + AQA Media Studies 7572 spec-at-a-glance
Media Studies,programming,0,,DfE media studies content (gov.uk/gce-as-and-a-level-media-studies) + AQA Media Studies 7572 spec-at-a-glance
Media Studies,digital-ai,1,,DfE media studies content (gov.uk/gce-as-and-a-level-media-studies) + AQA Media Studies 7572 spec-at-a-glance
Media Studies,cyber-security,0,,DfE media studies content (gov.uk/gce-as-and-a-level-media-studies) + AQA Media Studies 7572 spec-at-a-glance
Media Studies,numeracy,0,,DfE media studies content (gov.uk/gce-as-and-a-level-media-studies) + AQA Media Studies 7572 spec-at-a-glance
Media Studies,scientific-method,0,,DfE media studies content (gov.uk/gce-as-and-a-level-media-studies) + AQA Media Studies 7572 spec-at-a-glance
Media Studies,engineering,0,,DfE media studies content (gov.uk/gce-as-and-a-level-media-studies) + AQA Media Studies 7572 spec-at-a-glance
Media Studies,practical-making,0,,DfE media studies content (gov.uk/gce-as-and-a-level-media-studies) + AQA Media Studies 7572 spec-at-a-glance
Media Studies,sustainability,0,,DfE media studies content (gov.uk/gce-as-and-a-level-media-studies) + AQA Media Studies 7572 spec-at-a-glance
Media Studies,commercial,2,"DfE Media Industries (compulsory): 'patterns of ownership and control', 'economic factors, including commercial and not-for-profit public funding', marketing.",https://assets.publishing.service.gov.uk/media/5a80ec6840f0b62305b8de9a/Media_studies_AS_A_level_subject_content.pdf p.8
Media Studies,leadership,0,,DfE media studies content (gov.uk/gce-as-and-a-level-media-studies) + AQA Media Studies 7572 spec-at-a-glance
Media Studies,law-ethics,1,,DfE media studies content (gov.uk/gce-as-and-a-level-media-studies) + AQA Media Studies 7572 spec-at-a-glance
Media Studies,writing,3,DfE: A level students must 'debate critically key questions...through sustained discursive writing' (p.10); two written exam papers = 70% of the A-level.,https://assets.publishing.service.gov.uk/media/5a80ec6840f0b62305b8de9a/Media_studies_AS_A_level_subject_content.pdf p.10; https://www.aqa.org.uk/subjects/media-studies/a-level/media-studies-7572/specification/specification-at-a-glance
Media Studies,speaking,0,,DfE media studies content (gov.uk/gce-as-and-a-level-media-studies) + AQA Media Studies 7572 spec-at-a-glance
Media Studies,languages,0,,DfE media studies content (gov.uk/gce-as-and-a-level-media-studies) + AQA Media Studies 7572 spec-at-a-glance
Media Studies,care-empathy,0,,DfE media studies content (gov.uk/gce-as-and-a-level-media-studies) + AQA Media Studies 7572 spec-at-a-glance
Media Studies,teamwork,0,,DfE media studies content (gov.uk/gce-as-and-a-level-media-studies) + AQA Media Studies 7572 spec-at-a-glance
Media Studies,customer-service,0,,DfE media studies content (gov.uk/gce-as-and-a-level-media-studies) + AQA Media Studies 7572 spec-at-a-glance
Media Studies,self-management,2,"NEA cross-media production (30%) is independently created ('In independently creating media...', DfE p.9-10; AQA 7572).",https://assets.publishing.service.gov.uk/media/5a80ec6840f0b62305b8de9a/Media_studies_AS_A_level_subject_content.pdf p.9-10; https://www.aqa.org.uk/subjects/media-studies/a-level/media-studies-7572/specification/specification-at-a-glance
Media Studies,critical-thinking,3,"DfE first aim: 'demonstrate skills of enquiry, critical thinking, decision-making and analysis' (p.1); A level requires 'reflect critically upon...complex theories' (p.10).","https://assets.publishing.service.gov.uk/media/5a80ec6840f0b62305b8de9a/Media_studies_AS_A_level_subject_content.pdf p.1, p.10; https://www.aqa.org.uk/subjects/media-studies/a-level/media-studies-7572/specification/specification-at-a-glance"
Media Studies,problem-solving,1,,DfE media studies content (gov.uk/gce-as-and-a-level-media-studies) + AQA Media Studies 7572 spec-at-a-glance
Media Studies,creativity,2,NEA cross-media production (30%) requires devising original media content for an intended audience to an AQA-set brief.,https://assets.publishing.service.gov.uk/media/5a80ec6840f0b62305b8de9a/Media_studies_AS_A_level_subject_content.pdf p.9-10; https://www.aqa.org.uk/subjects/media-studies/a-level/media-studies-7572/specification/specification-at-a-glance
Media Studies,content-production,3,"NEA (30%): cross-media production (e.g. TV programme + website); 'apply knowledge...of media language, representation, industries and audiences to a cross-media production' (DfE p.10).",https://assets.publishing.service.gov.uk/media/5a80ec6840f0b62305b8de9a/Media_studies_AS_A_level_subject_content.pdf p.10; https://www.aqa.org.uk/subjects/media-studies/a-level/media-studies-7572/specification/specification-at-a-glance
Music,data-analysis,0,,"DfE music content (docx, gov.uk/gce-as-and-a-level-music) + AQA Music 7272 scheme-of-assessment / subject-content"
Music,programming,0,,"DfE music content (docx, gov.uk/gce-as-and-a-level-music) + AQA Music 7272 scheme-of-assessment / subject-content"
Music,digital-ai,1,,
Music,cyber-security,0,,"DfE music content (docx, gov.uk/gce-as-and-a-level-music) + AQA Music 7272 scheme-of-assessment / subject-content"
Music,numeracy,0,,"DfE music content (docx, gov.uk/gce-as-and-a-level-music) + AQA Music 7272 scheme-of-assessment / subject-content"
Music,scientific-method,0,,"DfE music content (docx, gov.uk/gce-as-and-a-level-music) + AQA Music 7272 scheme-of-assessment / subject-content"
Music,engineering,0,,"DfE music content (docx, gov.uk/gce-as-and-a-level-music) + AQA Music 7272 scheme-of-assessment / subject-content"
Music,practical-making,1,,"DfE music content (docx, gov.uk/gce-as-and-a-level-music) + AQA Music 7272 scheme-of-assessment / subject-content"
Music,sustainability,0,,"DfE music content (docx, gov.uk/gce-as-and-a-level-music) + AQA Music 7272 scheme-of-assessment / subject-content"
Music,commercial,0,,"DfE music content (docx, gov.uk/gce-as-and-a-level-music) + AQA Music 7272 scheme-of-assessment / subject-content"
Music,leadership,0,,"DfE music content (docx, gov.uk/gce-as-and-a-level-music) + AQA Music 7272 scheme-of-assessment / subject-content"
Music,law-ethics,0,,"DfE music content (docx, gov.uk/gce-as-and-a-level-music) + AQA Music 7272 scheme-of-assessment / subject-content"
Music,writing,2,"AQA 7272 Component 1 Appraising (40%, written exam): listening, analysis (34 marks) and a 30-mark essay on set works.",https://www.aqa.org.uk/subjects/music/a-level/music-7272/specification/specification-at-a-glance; https://assets.publishing.service.gov.uk/media/5a7d701340f0b64a5813f01b/GCE_AS_and_A_level_subject_content_for_music.docx
Music,speaking,0,,"DfE music content (docx, gov.uk/gce-as-and-a-level-music) + AQA Music 7272 scheme-of-assessment / subject-content"
Music,languages,0,,"DfE music content (docx, gov.uk/gce-as-and-a-level-music) + AQA Music 7272 scheme-of-assessment / subject-content"
Music,care-empathy,0,,"DfE music content (docx, gov.uk/gce-as-and-a-level-music) + AQA Music 7272 scheme-of-assessment / subject-content"
Music,teamwork,1,"Ensemble performance is allowed but optional (up to 8 musicians); not required of every student, so rule 5 threshold not met",AQA 7272 subject-content/performance
Music,customer-service,0,,"DfE music content (docx, gov.uk/gce-as-and-a-level-music) + AQA Music 7272 scheme-of-assessment / subject-content"
Music,self-management,2,"Composition (25% NEA) plus Performance (35% NEA/practical) = 60% of the A-level, independently prepared over the course (AQA 7272 Components 2-3).",https://www.aqa.org.uk/subjects/music/a-level/music-7272/specification/specification-at-a-glance
Music,critical-thinking,2,Appraising Music (40% exam) requires students to 'analyse and evaluate music...to make critical judgements'; a substantial but not dominant part of the qualification.,https://assets.publishing.service.gov.uk/media/5a7d701340f0b64a5813f01b/GCE_AS_and_A_level_subject_content_for_music.docx; https://www.aqa.org.uk/subjects/music/a-level/music-7272/specification/specification-at-a-glance
Music,problem-solving,0,,"DfE music content (docx, gov.uk/gce-as-and-a-level-music) + AQA Music 7272 scheme-of-assessment / subject-content"
Music,creativity,3,Rubric aid lists Music (composing) as typical 3 for creativity. DfE aim: 'develop composing skills to demonstrate the manipulation of musical ideas'; Composition NEA = 25% (AQA 7272 Component 3).,https://assets.publishing.service.gov.uk/media/5a7d701340f0b64a5813f01b/GCE_AS_and_A_level_subject_content_for_music.docx; https://www.aqa.org.uk/subjects/music/a-level/music-7272/specification/specification-at-a-glance
Music,content-production,0,,
Music Technology,data-analysis,1,,DfE music technology content (gov.uk/gce-as-and-a-level-music-technology) + Pearson Edexcel Music Technology 9MT0 spec
Music Technology,programming,0,,DfE music technology content (gov.uk/gce-as-and-a-level-music-technology) + Pearson Edexcel Music Technology 9MT0 spec
Music Technology,digital-ai,1,,DfE music technology content (gov.uk/gce-as-and-a-level-music-technology) + Pearson Edexcel Music Technology 9MT0 spec
Music Technology,cyber-security,0,,DfE music technology content (gov.uk/gce-as-and-a-level-music-technology) + Pearson Edexcel Music Technology 9MT0 spec
Music Technology,numeracy,2,"DfE names a 'Numeracy' area: 'technical numeracy incl. binary, formulae, logarithms', calculations on waveforms/frequency/phase (p.8); examined in Components 3-4 (60%).",https://assets.publishing.service.gov.uk/media/5a750aeae5274a59fa716f10/Music_Technology_A_level.pdf p.8; https://qualifications.pearson.com/content/dam/pdf/A%20Level/Music-Technology/2017/specification-and-sample-assessments/Pearson_Edexcel_Level_3_Advanced_GCE_in_Music_Technology_Specification_issue3.pdf
Music Technology,scientific-method,0,,
Music Technology,engineering,1,,DfE music technology content (gov.uk/gce-as-and-a-level-music-technology) + Pearson Edexcel Music Technology 9MT0 spec
Music Technology,practical-making,1,,DfE music technology content (gov.uk/gce-as-and-a-level-music-technology) + Pearson Edexcel Music Technology 9MT0 spec
Music Technology,sustainability,0,,DfE music technology content (gov.uk/gce-as-and-a-level-music-technology) + Pearson Edexcel Music Technology 9MT0 spec
Music Technology,commercial,0,,DfE music technology content (gov.uk/gce-as-and-a-level-music-technology) + Pearson Edexcel Music Technology 9MT0 spec
Music Technology,leadership,0,,DfE music technology content (gov.uk/gce-as-and-a-level-music-technology) + Pearson Edexcel Music Technology 9MT0 spec
Music Technology,law-ethics,0,,DfE music technology content (gov.uk/gce-as-and-a-level-music-technology) + Pearson Edexcel Music Technology 9MT0 spec
Music Technology,writing,2,Component 3 (25%): 'Extended written responses (35 marks) – two essay questions'; Component 4 (35%): 'Extended written response (20 marks) – one essay'.,https://qualifications.pearson.com/content/dam/pdf/A%20Level/Music-Technology/2017/specification-and-sample-assessments/Pearson_Edexcel_Level_3_Advanced_GCE_in_Music_Technology_Specification_issue3.pdf p.9
Music Technology,speaking,0,,DfE music technology content (gov.uk/gce-as-and-a-level-music-technology) + Pearson Edexcel Music Technology 9MT0 spec
Music Technology,languages,0,,DfE music technology content (gov.uk/gce-as-and-a-level-music-technology) + Pearson Edexcel Music Technology 9MT0 spec
Music Technology,care-empathy,0,,DfE music technology content (gov.uk/gce-as-and-a-level-music-technology) + Pearson Edexcel Music Technology 9MT0 spec
Music Technology,teamwork,0,,DfE music technology content (gov.uk/gce-as-and-a-level-music-technology) + Pearson Edexcel Music Technology 9MT0 spec
Music Technology,customer-service,0,,DfE music technology content (gov.uk/gce-as-and-a-level-music-technology) + Pearson Edexcel Music Technology 9MT0 spec
Music Technology,self-management,2,"Components 1-2 (Recording + Composition, 40% NEA, Pearson Edexcel 9MT0) are independently produced over time; DfE aim: 'manage music technology projects from inception to completion'.",https://assets.publishing.service.gov.uk/media/5a750aeae5274a59fa716f10/Music_Technology_A_level.pdf; https://qualifications.pearson.com/content/dam/pdf/A%20Level/Music-Technology/2017/specification-and-sample-assessments/Pearson_Edexcel_Level_3_Advanced_GCE_in_Music_Technology_Specification_issue3.pdf
Music Technology,critical-thinking,2,Component 3 'Listening and analysing' (25% exam); DfE aim: 'develop skills in critical and analytical listening to evaluate the use of sound and audio technology' (p.3).,https://assets.publishing.service.gov.uk/media/5a750aeae5274a59fa716f10/Music_Technology_A_level.pdf p.3; https://qualifications.pearson.com/content/dam/pdf/A%20Level/Music-Technology/2017/specification-and-sample-assessments/Pearson_Edexcel_Level_3_Advanced_GCE_in_Music_Technology_Specification_issue3.pdf
Music Technology,problem-solving,2,"Component 4 (35%) requires students to 'correct and then combine the audio and MIDI materials'; content: 'correcting problems including sibilance, noise and resonances'.","https://qualifications.pearson.com/content/dam/pdf/A%20Level/Music-Technology/2017/specification-and-sample-assessments/Pearson_Edexcel_Level_3_Advanced_GCE_in_Music_Technology_Specification_issue3.pdf p.9, p.14"
Music Technology,creativity,2,DfE aim: 'develop the skills to create and manipulate sound in imaginative and creative ways'; Composition is a 20% NEA component (9MT0 Component 2).,https://assets.publishing.service.gov.uk/media/5a750aeae5274a59fa716f10/Music_Technology_A_level.pdf; https://qualifications.pearson.com/content/dam/pdf/A%20Level/Music-Technology/2017/specification-and-sample-assessments/Pearson_Edexcel_Level_3_Advanced_GCE_in_Music_Technology_Specification_issue3.pdf
Music Technology,content-production,3,Rubric aid lists Music Technology as typical 3. Components 1-2 (40% NEA) are recording and technology-based composition (Pearson Edexcel 9MT0); DfE content is entirely production technique.,https://assets.publishing.service.gov.uk/media/5a750aeae5274a59fa716f10/Music_Technology_A_level.pdf; https://qualifications.pearson.com/content/dam/pdf/A%20Level/Music-Technology/2017/specification-and-sample-assessments/Pearson_Edexcel_Level_3_Advanced_GCE_in_Music_Technology_Specification_issue3.pdf
Drama & Theatre,data-analysis,0,,DfE drama and theatre content (gov.uk/gce-as-and-a-level-drama-and-theatre) + AQA Drama and Theatre 7262 spec-at-a-glance
Drama & Theatre,programming,0,,DfE drama and theatre content (gov.uk/gce-as-and-a-level-drama-and-theatre) + AQA Drama and Theatre 7262 spec-at-a-glance
Drama & Theatre,digital-ai,0,,DfE drama and theatre content (gov.uk/gce-as-and-a-level-drama-and-theatre) + AQA Drama and Theatre 7262 spec-at-a-glance
Drama & Theatre,cyber-security,0,,DfE drama and theatre content (gov.uk/gce-as-and-a-level-drama-and-theatre) + AQA Drama and Theatre 7262 spec-at-a-glance
Drama & Theatre,numeracy,0,,DfE drama and theatre content (gov.uk/gce-as-and-a-level-drama-and-theatre) + AQA Drama and Theatre 7262 spec-at-a-glance
Drama & Theatre,scientific-method,0,,DfE drama and theatre content (gov.uk/gce-as-and-a-level-drama-and-theatre) + AQA Drama and Theatre 7262 spec-at-a-glance
Drama & Theatre,engineering,0,,DfE drama and theatre content (gov.uk/gce-as-and-a-level-drama-and-theatre) + AQA Drama and Theatre 7262 spec-at-a-glance
Drama & Theatre,practical-making,1,,DfE drama and theatre content (gov.uk/gce-as-and-a-level-drama-and-theatre) + AQA Drama and Theatre 7262 spec-at-a-glance
Drama & Theatre,sustainability,0,,DfE drama and theatre content (gov.uk/gce-as-and-a-level-drama-and-theatre) + AQA Drama and Theatre 7262 spec-at-a-glance
Drama & Theatre,commercial,0,,DfE drama and theatre content (gov.uk/gce-as-and-a-level-drama-and-theatre) + AQA Drama and Theatre 7262 spec-at-a-glance
Drama & Theatre,leadership,1,,DfE drama and theatre content (gov.uk/gce-as-and-a-level-drama-and-theatre) + AQA Drama and Theatre 7262 spec-at-a-glance
Drama & Theatre,law-ethics,0,,DfE drama and theatre content (gov.uk/gce-as-and-a-level-drama-and-theatre) + AQA Drama and Theatre 7262 spec-at-a-glance
Drama & Theatre,writing,2,Component 1 written exam (40%) is essay-based; the Component 2 working notebook and Component 3 reflective report (60% combined) also require sustained writing (AQA 7262).,https://www.aqa.org.uk/subjects/drama-and-theatre/a-level/drama-and-theatre-7262/specification/specification-at-a-glance
Drama & Theatre,speaking,2,Component 1 (40%) applies 'performer's vocal and physical interpretation of character' to set plays; live performance is assessed but performer role is optional.,"https://assets.publishing.service.gov.uk/media/5a7f27b8ed915d74e33f4aca/Drama_and_theatre_GCE_revised2017_FORMATTED__004_.pdf p.3, p.6; https://www.aqa.org.uk/subjects/drama-and-theatre/a-level/drama-and-theatre-7262/specification/specification-at-a-glance"
Drama & Theatre,languages,0,,DfE drama and theatre content (gov.uk/gce-as-and-a-level-drama-and-theatre) + AQA Drama and Theatre 7262 spec-at-a-glance
Drama & Theatre,care-empathy,0,,DfE drama and theatre content (gov.uk/gce-as-and-a-level-drama-and-theatre) + AQA Drama and Theatre 7262 spec-at-a-glance
Drama & Theatre,teamwork,3,"DfE: 'collaborative relationship between various roles' (p.4); A level needs 'two performances, one devised' (p.5); devising (Component 2) is group work, individually marked.",https://assets.publishing.service.gov.uk/media/5a7f27b8ed915d74e33f4aca/Drama_and_theatre_GCE_revised2017_FORMATTED__004_.pdf p.4-5; https://www.aqa.org.uk/subjects/drama-and-theatre/a-level/drama-and-theatre-7262/specification/specification-at-a-glance
Drama & Theatre,customer-service,0,,DfE drama and theatre content (gov.uk/gce-as-and-a-level-drama-and-theatre) + AQA Drama and Theatre 7262 spec-at-a-glance
Drama & Theatre,self-management,2,"Components 2-3 (60% of A-level): devising NEA and practical performance, independently developed and rehearsed (AQA 7262).",https://www.aqa.org.uk/subjects/drama-and-theatre/a-level/drama-and-theatre-7262/specification/specification-at-a-glance
Drama & Theatre,critical-thinking,2,Component 1 (40% exam) requires analysis of prescribed plays and live theatre; DfE: 'analyse and evaluate their own work and the work of others' (p.3).,https://assets.publishing.service.gov.uk/media/5a7f27b8ed915d74e33f4aca/Drama_and_theatre_GCE_revised2017_FORMATTED__004_.pdf p.3; https://www.aqa.org.uk/subjects/drama-and-theatre/a-level/drama-and-theatre-7262/specification/specification-at-a-glance
Drama & Theatre,problem-solving,1,,DfE drama and theatre content (gov.uk/gce-as-and-a-level-drama-and-theatre) + AQA Drama and Theatre 7262 spec-at-a-glance
Drama & Theatre,creativity,3,"DfE: 'develop the creativity and independence to become effective theatre makers' (p.4); devised work (Component 2, 30% NEA) is student-created (AQA 7262).",https://assets.publishing.service.gov.uk/media/5a7f27b8ed915d74e33f4aca/Drama_and_theatre_GCE_revised2017_FORMATTED__004_.pdf p.4; https://www.aqa.org.uk/subjects/drama-and-theatre/a-level/drama-and-theatre-7262/specification/specification-at-a-glance
Drama & Theatre,content-production,0,,DfE drama and theatre content (gov.uk/gce-as-and-a-level-drama-and-theatre) + AQA Drama and Theatre 7262 spec-at-a-glance
Dance,data-analysis,0,,DfE dance content (gov.uk/gce-as-and-a-level-dance) + AQA Dance 7237 spec-at-a-glance
Dance,programming,0,,DfE dance content (gov.uk/gce-as-and-a-level-dance) + AQA Dance 7237 spec-at-a-glance
Dance,digital-ai,0,,DfE dance content (gov.uk/gce-as-and-a-level-dance) + AQA Dance 7237 spec-at-a-glance
Dance,cyber-security,0,,DfE dance content (gov.uk/gce-as-and-a-level-dance) + AQA Dance 7237 spec-at-a-glance
Dance,numeracy,0,,DfE dance content (gov.uk/gce-as-and-a-level-dance) + AQA Dance 7237 spec-at-a-glance
Dance,scientific-method,0,,DfE dance content (gov.uk/gce-as-and-a-level-dance) + AQA Dance 7237 spec-at-a-glance
Dance,engineering,0,,DfE dance content (gov.uk/gce-as-and-a-level-dance) + AQA Dance 7237 spec-at-a-glance
Dance,practical-making,0,,DfE dance content (gov.uk/gce-as-and-a-level-dance) + AQA Dance 7237 spec-at-a-glance
Dance,sustainability,0,,DfE dance content (gov.uk/gce-as-and-a-level-dance) + AQA Dance 7237 spec-at-a-glance
Dance,commercial,0,,DfE dance content (gov.uk/gce-as-and-a-level-dance) + AQA Dance 7237 spec-at-a-glance
Dance,leadership,2,"A level choreography (Component 1) requires a 'group dance consisting of three, four or five dancers' (p.4), applying organisational/leadership skills; DfE aim lists 'leadership' explicitly (p.1).","https://assets.publishing.service.gov.uk/media/5a7efc2f40f0b62305b84695/GCE_AS_and_A_level_subject_content_for_dance.pdf p.1, p.4"
Dance,law-ethics,0,,DfE dance content (gov.uk/gce-as-and-a-level-dance) + AQA Dance 7237 spec-at-a-glance
Dance,writing,3,"Component 2 Critical Engagement (50%, written exam) requires 'extended writing skills in order to present responses which are clear, coherent, perceptive' (DfE p.5).",https://assets.publishing.service.gov.uk/media/5a7efc2f40f0b62305b84695/GCE_AS_and_A_level_subject_content_for_dance.pdf p.5; https://www.aqa.org.uk/subjects/dance/a-level/dance-7237/specification/specification-at-a-glance
Dance,speaking,0,,DfE dance content (gov.uk/gce-as-and-a-level-dance) + AQA Dance 7237 spec-at-a-glance
Dance,languages,0,,DfE dance content (gov.uk/gce-as-and-a-level-dance) + AQA Dance 7237 spec-at-a-glance
Dance,care-empathy,0,,DfE dance content (gov.uk/gce-as-and-a-level-dance) + AQA Dance 7237 spec-at-a-glance
Dance,teamwork,3,"DfE A level requires a quartet ensemble performance and group choreography (3-5 dancers) (p.3-4), assessed in Component 1 (50%). Rubric aid lists Dance (group choreography) as typical 3.",https://assets.publishing.service.gov.uk/media/5a7efc2f40f0b62305b84695/GCE_AS_and_A_level_subject_content_for_dance.pdf p.3-4; https://www.aqa.org.uk/subjects/dance/a-level/dance-7237/specification/specification-at-a-glance
Dance,customer-service,0,,DfE dance content (gov.uk/gce-as-and-a-level-dance) + AQA Dance 7237 spec-at-a-glance
Dance,self-management,2,"Component 1 (50% NEA/practical): solo, quartet and choreography works to externally set tasks (AQA 7237).",https://www.aqa.org.uk/subjects/dance/a-level/dance-7237/specification/specification-at-a-glance
Dance,critical-thinking,2,"Component 2 (50% exam) requires students to 'analyse, reflect on and evaluate the performance and choreographic experience' and develop 'in-depth critical appreciation' of set works (DfE p.4-5).",https://assets.publishing.service.gov.uk/media/5a7efc2f40f0b62305b84695/GCE_AS_and_A_level_subject_content_for_dance.pdf p.4-5; https://www.aqa.org.uk/subjects/dance/a-level/dance-7237/specification/specification-at-a-glance
Dance,problem-solving,1,,DfE dance content (gov.uk/gce-as-and-a-level-dance) + AQA Dance 7237 spec-at-a-glance
Dance,creativity,3,"Rubric aid lists Dance (choreography) as typical 3 for creativity. DfE: 'cultivate creativity in the student...within the areas of performance, choreography' (p.1); Component 1 = 50% of A-level.",https://assets.publishing.service.gov.uk/media/5a7efc2f40f0b62305b84695/GCE_AS_and_A_level_subject_content_for_dance.pdf p.1; https://www.aqa.org.uk/subjects/dance/a-level/dance-7237/specification/specification-at-a-glance
Dance,content-production,0,,DfE dance content (gov.uk/gce-as-and-a-level-dance) + AQA Dance 7237 spec-at-a-glance
Physical Education,data-analysis,2,"'Interpret and analyse a range of data, graphical representations and diagrams' is a required, assessed skill",DfE physical education content https://assets.publishing.service.gov.uk/media/5a74ccc1e5274a3f93b48e60/GCE_AS_and_A_level_subject_content_for_PE.pdf p.7
Physical Education,programming,0,,
Physical Education,digital-ai,1,"'Role of technology in physical activity and sport' is studied as content about sport technology, not the student's own tool use",DfE physical education content https://assets.publishing.service.gov.uk/media/5a74ccc1e5274a3f93b48e60/GCE_AS_and_A_level_subject_content_for_PE.pdf p.4
Physical Education,cyber-security,0,,
Physical Education,numeracy,1,"Quantitative skills are a minimum of only 5% of marks, below the 10% band for a 2 (rule 2, judgement call)",DfE physical education content https://assets.publishing.service.gov.uk/media/5a74ccc1e5274a3f93b48e60/GCE_AS_and_A_level_subject_content_for_PE.pdf p.8
Physical Education,scientific-method,1,Physiology/biomechanics apply scientific knowledge but there are no required practicals or investigations,DfE physical education content https://assets.publishing.service.gov.uk/media/5a74ccc1e5274a3f93b48e60/GCE_AS_and_A_level_subject_content_for_PE.pdf p.3-4
Physical Education,engineering,0,,
Physical Education,practical-making,0,,
Physical Education,sustainability,0,,
Physical Education,commercial,1,"'Impact of commercialisation on physical activity and sport' is A-level-only content, studied as knowledge (rule 1)",DfE physical education content https://assets.publishing.service.gov.uk/media/5a74ccc1e5274a3f93b48e60/GCE_AS_and_A_level_subject_content_for_PE.pdf p.6
Physical Education,leadership,2,"PE with a coaching role scores 2 (methodology 'what a 3 looks like' table, rule 1 cap)",DfE physical education content https://assets.publishing.service.gov.uk/media/5a74ccc1e5274a3f93b48e60/GCE_AS_and_A_level_subject_content_for_PE.pdf p.6
Physical Education,law-ethics,1,'Impact of ethics on sport...including deviance' is A-level-only content studied as knowledge (rule 1),DfE physical education content https://assets.publishing.service.gov.uk/media/5a74ccc1e5274a3f93b48e60/GCE_AS_and_A_level_subject_content_for_PE.pdf p.6
Physical Education,writing,2,Both written papers include an 'extended writing' question type across all sections.,https://www.aqa.org.uk/subjects/physical-education/a-level/physical-education-7582/specification/specification-at-a-glance
Physical Education,speaking,1,,
Physical Education,languages,0,,
Physical Education,care-empathy,0,,
Physical Education,teamwork,1,"'Dynamics of a group/team' is studied as sport-psychology knowledge, not the student's own assessed collaboration (rule 5)",DfE physical education content https://assets.publishing.service.gov.uk/media/5a74ccc1e5274a3f93b48e60/GCE_AS_and_A_level_subject_content_for_PE.pdf p.6
Physical Education,customer-service,0,,
Physical Education,self-management,2,The 30%-weighted NEA is a live assessed performance (rule 4).,https://assets.publishing.service.gov.uk/media/5a74ccc1e5274a3f93b48e60/GCE_AS_and_A_level_subject_content_for_PE.pdf p.4
Physical Education,critical-thinking,3,"AQA 7582 AO3 (22–25%, both papers): 'analyse and evaluate the factors that underpin performance'; DfE: 'present arguments and draw conclusions'.",https://www.aqa.org.uk/subjects/physical-education/a-level/physical-education-7582/specification/scheme-of-assessment
Physical Education,problem-solving,1,Tactical/strategic decision-making in performance occurs but is not a distinct named AO,DfE physical education content https://assets.publishing.service.gov.uk/media/5a74ccc1e5274a3f93b48e60/GCE_AS_and_A_level_subject_content_for_PE.pdf p.7
Physical Education,creativity,0,,
Physical Education,content-production,0,,
Sport & Exercise Science,data-analysis,1,Fitness-testing data interpretation occurs across units but is not a dedicated strand,Pearson BTEC L3 Nat. Ext. Certificate in Sport and Exercise Science spec https://qualifications.pearson.com/content/dam/pdf/BTEC-Nationals/sport-and-exercise-science/2016/specification-and-sample-assessments/9781446940174-btec-nat-l3-extended-cert-sport-and-exercise-science.pdf
Sport & Exercise Science,programming,0,,
Sport & Exercise Science,digital-ai,1,'Technology and sports professionals' is a named sub-point within Unit 6,"Pearson BTEC L3 Nat. Ext. Certificate in Sport and Exercise Science spec https://qualifications.pearson.com/content/dam/pdf/BTEC-Nationals/sport-and-exercise-science/2016/specification-and-sample-assessments/9781446940174-btec-nat-l3-extended-cert-sport-and-exercise-science.pdf Unit 6, p.40"
Sport & Exercise Science,cyber-security,0,,
Sport & Exercise Science,numeracy,1,Physiological calculations (e.g. training zones) occur but no minimum weighting is stated,Pearson BTEC L3 Nat. Ext. Certificate in Sport and Exercise Science spec https://qualifications.pearson.com/content/dam/pdf/BTEC-Nationals/sport-and-exercise-science/2016/specification-and-sample-assessments/9781446940174-btec-nat-l3-extended-cert-sport-and-exercise-science.pdf
Sport & Exercise Science,scientific-method,1,Unit 2 Functional Anatomy is knowledge-based; there is no dedicated investigation-skills unit in this Extended Certificate,Pearson BTEC L3 Nat. Ext. Certificate in Sport and Exercise Science spec https://qualifications.pearson.com/content/dam/pdf/BTEC-Nationals/sport-and-exercise-science/2016/specification-and-sample-assessments/9781446940174-btec-nat-l3-extended-cert-sport-and-exercise-science.pdf Unit 2
Sport & Exercise Science,engineering,0,,
Sport & Exercise Science,practical-making,0,,
Sport & Exercise Science,sustainability,0,,
Sport & Exercise Science,commercial,0,,
Sport & Exercise Science,leadership,2,"Unit 6 Coaching for Performance and Fitness (25% internal, synoptic) mirrors the PE 'coaching role' precedent, capped at 2 (rule 1)","Pearson BTEC L3 Nat. Ext. Certificate in Sport and Exercise Science spec https://qualifications.pearson.com/content/dam/pdf/BTEC-Nationals/sport-and-exercise-science/2016/specification-and-sample-assessments/9781446940174-btec-nat-l3-extended-cert-sport-and-exercise-science.pdf Unit 6, p.39-40"
Sport & Exercise Science,law-ethics,0,,
Sport & Exercise Science,writing,2,"Mandatory Unit 6 (90 GLH, internal) is evidenced by a coaching plan and written reports on coaching practices, own performance and session impact.",https://qualifications.pearson.com/content/dam/pdf/BTEC-Nationals/sport-and-exercise-science/2016/specification-and-sample-assessments/9781446940174-btec-nat-l3-extended-cert-sport-and-exercise-science.pdf p.48
Sport & Exercise Science,speaking,2,"Unit 6 requires learners to actually deliver coaching sessions to athletes, an assessed live-communication task.",https://qualifications.pearson.com/content/dam/pdf/BTEC-Nationals/sport-and-exercise-science/2016/specification-and-sample-assessments/9781446940174-btec-nat-l3-extended-cert-sport-and-exercise-science.pdf p.47
Sport & Exercise Science,languages,0,,
Sport & Exercise Science,care-empathy,0,,
Sport & Exercise Science,teamwork,0,,
Sport & Exercise Science,customer-service,0,,
Sport & Exercise Science,self-management,2,"Unit 6 (90/360 GLH=25% internal) requires independent planning, delivery and evaluation of a coaching session (rule 4)","Pearson BTEC L3 Nat. Ext. Certificate in Sport and Exercise Science spec https://qualifications.pearson.com/content/dam/pdf/BTEC-Nationals/sport-and-exercise-science/2016/specification-and-sample-assessments/9781446940174-btec-nat-l3-extended-cert-sport-and-exercise-science.pdf Unit 6, p.39"
Sport & Exercise Science,critical-thinking,2,"Unit 6 Learning aim D: 'Explore the impact of coaching for performance and fitness', requiring evaluation of own practice.",https://qualifications.pearson.com/content/dam/pdf/BTEC-Nationals/sport-and-exercise-science/2016/specification-and-sample-assessments/9781446940174-btec-nat-l3-extended-cert-sport-and-exercise-science.pdf p.47
Sport & Exercise Science,problem-solving,1,Adapting coaching practice to athlete needs is present but not a distinct named AO,Pearson BTEC L3 Nat. Ext. Certificate in Sport and Exercise Science spec https://qualifications.pearson.com/content/dam/pdf/BTEC-Nationals/sport-and-exercise-science/2016/specification-and-sample-assessments/9781446940174-btec-nat-l3-extended-cert-sport-and-exercise-science.pdf Unit 6
Sport & Exercise Science,creativity,1,Designing coaching sessions/practices requires some creative planning,Pearson BTEC L3 Nat. Ext. Certificate in Sport and Exercise Science spec https://qualifications.pearson.com/content/dam/pdf/BTEC-Nationals/sport-and-exercise-science/2016/specification-and-sample-assessments/9781446940174-btec-nat-l3-extended-cert-sport-and-exercise-science.pdf Unit 6
Sport & Exercise Science,content-production,0,,
Food Science & Nutrition,data-analysis,1,Nutritional calculation for individuals occurs (AC4.2) but is not general data analysis,"WJEC/Eduqas L3 Applied Cert in Food Science and Nutrition spec, Unit 2 https://www.wjec.co.uk/media/gf2pi3mi/level-3-certificate-in-food-science-and-nutrition.pdf p.9"
Food Science & Nutrition,programming,0,,
Food Science & Nutrition,digital-ai,0,,
Food Science & Nutrition,cyber-security,0,,
Food Science & Nutrition,numeracy,2,Unit 1 (50% of qualification) requires calculating nutritional requirements for given individuals as a named assessed criterion,"WJEC/Eduqas L3 Applied Cert in Food Science and Nutrition spec, Unit 2 https://www.wjec.co.uk/media/gf2pi3mi/level-3-certificate-in-food-science-and-nutrition.pdf p.9"
Food Science & Nutrition,scientific-method,1,Some food-science investigation is touched (e.g. effect of methods on nutrients) but the mandatory units are not a dedicated investigation strand,"WJEC/Eduqas L3 Applied Diploma in Food Science and Nutrition, guidance for teaching https://www.eduqas.co.uk/media/hhwpkmg4/wjec-applied-cert-dip-fsn-from-2015-gft-e-080119.pdf"
Food Science & Nutrition,engineering,0,,
Food Science & Nutrition,practical-making,3,"Unit 1 (50%, mandatory) is explicitly to 'plan and cook complex dishes' to meet nutritional needs, a substantial hands-on component","WJEC/Eduqas L3 Applied Diploma in Food Science and Nutrition, guidance for teaching https://www.eduqas.co.uk/media/hhwpkmg4/wjec-applied-cert-dip-fsn-from-2015-gft-e-080119.pdf Unit 1"
Food Science & Nutrition,sustainability,0,,
Food Science & Nutrition,commercial,1,"Costing/menu planning for catering contexts (e.g. conference catering) is touched as an example, not assessed commercial skill","WJEC/Eduqas L3 Applied Diploma in Food Science and Nutrition, guidance for teaching https://www.eduqas.co.uk/media/hhwpkmg4/wjec-applied-cert-dip-fsn-from-2015-gft-e-080119.pdf Unit 1"
Food Science & Nutrition,leadership,0,,
Food Science & Nutrition,law-ethics,3,"Unit 2 (25%, mandatory, external) is wholly about food safety/hygiene law and government food-standards control","WJEC/Eduqas L3 Applied Cert in Food Science and Nutrition spec, Unit 2 https://www.wjec.co.uk/media/gf2pi3mi/level-3-certificate-in-food-science-and-nutrition.pdf Unit 2, p.36-37"
Food Science & Nutrition,writing,2,Unit 1 internal assessment requires written evidence; Unit 2's CAT produces a written food-safety training resource and risk assessment for a scenario.,"https://www.eduqas.co.uk/media/hhwpkmg4/wjec-applied-cert-dip-fsn-from-2015-gft-e-080119.pdf p.32, p.43"
Food Science & Nutrition,speaking,0,,
Food Science & Nutrition,languages,0,,
Food Science & Nutrition,care-empathy,2,"Unit 1 requires planning to meet the nutritional needs of specific vulnerable groups (elderly, sick), applied to realistic cases (rule 1)","WJEC/Eduqas L3 Applied Diploma in Food Science and Nutrition, guidance for teaching https://www.eduqas.co.uk/media/hhwpkmg4/wjec-applied-cert-dip-fsn-from-2015-gft-e-080119.pdf Unit 1"
Food Science & Nutrition,teamwork,0,,
Food Science & Nutrition,customer-service,1,"Catering for clients/patients is touched as context, not a dedicated customer-service assessment","WJEC/Eduqas L3 Applied Diploma in Food Science and Nutrition, guidance for teaching https://www.eduqas.co.uk/media/hhwpkmg4/wjec-applied-cert-dip-fsn-from-2015-gft-e-080119.pdf Unit 1"
Food Science & Nutrition,self-management,2,Unit 1 (50%) requires independently planning and organising complex practical cookery tasks (rule 4),"WJEC/Eduqas L3 Applied Diploma in Food Science and Nutrition, guidance for teaching https://www.eduqas.co.uk/media/hhwpkmg4/wjec-applied-cert-dip-fsn-from-2015-gft-e-080119.pdf Unit 1"
Food Science & Nutrition,critical-thinking,1,Analysing food-safety risks and nutritional needs occurs at AC level but is not the qualification's core focus,"WJEC/Eduqas L3 Applied Cert in Food Science and Nutrition spec, Unit 2 https://www.wjec.co.uk/media/gf2pi3mi/level-3-certificate-in-food-science-and-nutrition.pdf p.9"
Food Science & Nutrition,problem-solving,2,Assessed through scenario briefs: Unit 2's CAT requires a food-safety risk assessment for a given scenario; Unit 1 adapts dishes to a group's needs.,"https://www.eduqas.co.uk/media/hhwpkmg4/wjec-applied-cert-dip-fsn-from-2015-gft-e-080119.pdf p.13, p.43"
Food Science & Nutrition,creativity,1,Presenting dishes attractively is part of Unit 1 practical cookery but is a minor sub-point,"WJEC/Eduqas L3 Applied Diploma in Food Science and Nutrition, guidance for teaching https://www.eduqas.co.uk/media/hhwpkmg4/wjec-applied-cert-dip-fsn-from-2015-gft-e-080119.pdf Unit 1"
Food Science & Nutrition,content-production,0,,
