subject,skill,score_a,score_b,diff,status,provisional,evidence_a,evidence_b,source_a,source_b
Mathematics,data-analysis,2,2,0,final,2,"Large data set + statistics (sampling, correlation, hypothesis testing) is a named, assessed strand, not the focus","Statistics is compulsory content (large data set, probability, distributions); assessed across papers but not the whole course.",DfE maths content https://assets.publishing.service.gov.uk/media/5a7f273a40f0b62305b85670/GCE_AS_and_A_level_subject_content_for_mathematics_with_appendices.pdf p.5-6,"https://assets.publishing.service.gov.uk/media/5a7f273a40f0b62305b85670/GCE_AS_and_A_level_subject_content_for_mathematics_with_appendices.pdf p.4-5, content area G"
Mathematics,programming,0,0,0,final,0,,,,
Mathematics,digital-ai,1,0,1,lower,0,"Graphing tools/spreadsheets 'must permeate' study (para 8) but incidental, not assessed as a digital-literacy skill",,DfE maths content https://assets.publishing.service.gov.uk/media/5a7f273a40f0b62305b85670/GCE_AS_and_A_level_subject_content_for_mathematics_with_appendices.pdf p.5,
Mathematics,cyber-security,0,0,0,final,0,,,,
Mathematics,numeracy,3,3,0,final,3,OT2/OT3 problem solving & modelling apply across 100% of content (para 11); the whole qualification is mathematical,OT2 Mathematical problem solving and OT3 Mathematical modelling apply throughout; overarching themes are 100% of content.,DfE maths content https://assets.publishing.service.gov.uk/media/5a7f273a40f0b62305b85670/GCE_AS_and_A_level_subject_content_for_mathematics_with_appendices.pdf p.4-6,https://assets.publishing.service.gov.uk/media/5a7f273a40f0b62305b85670/GCE_AS_and_A_level_subject_content_for_mathematics_with_appendices.pdf p.4-6
Mathematics,scientific-method,0,0,0,final,0,,,,
Mathematics,engineering,1,0,1,lower,0,"Mechanics content (forces, kinematics) is applied but not engineering design",,DfE maths content https://assets.publishing.service.gov.uk/media/5a7f273a40f0b62305b85670/GCE_AS_and_A_level_subject_content_for_mathematics_with_appendices.pdf p.7,
Mathematics,practical-making,0,0,0,final,0,,,,
Mathematics,sustainability,0,0,0,final,0,,,,
Mathematics,commercial,1,0,1,lower,0,Modelling contexts include 'price and demand' (G6) but only as an example context,,DfE maths content https://assets.publishing.service.gov.uk/media/5a7f273a40f0b62305b85670/GCE_AS_and_A_level_subject_content_for_mathematics_with_appendices.pdf p.10,
Mathematics,leadership,0,0,0,final,0,,,,
Mathematics,law-ethics,0,0,0,final,0,,,,
Mathematics,writing,1,1,0,final,1,"Students write short justifications/proofs, but written communication is not separately assessed",Short justifications/proofs are written but communication itself is not assessed.,DfE maths content https://assets.publishing.service.gov.uk/media/5a7f273a40f0b62305b85670/GCE_AS_and_A_level_subject_content_for_mathematics_with_appendices.pdf p.4,https://assets.publishing.service.gov.uk/media/5a7f273a40f0b62305b85670/GCE_AS_and_A_level_subject_content_for_mathematics_with_appendices.pdf p.3
Mathematics,speaking,0,0,0,final,0,,,,
Mathematics,languages,0,0,0,final,0,,,,
Mathematics,care-empathy,0,0,0,final,0,,,,
Mathematics,teamwork,0,1,1,lower,0,,,,
Mathematics,customer-service,0,0,0,final,0,,,,
Mathematics,self-management,1,1,0,final,1,"Exam-only course, no NEA (rule 4)","Exam-only qualification, no NEA.",DfE maths content https://assets.publishing.service.gov.uk/media/5a7f273a40f0b62305b85670/GCE_AS_and_A_level_subject_content_for_mathematics_with_appendices.pdf p.6,https://assets.publishing.service.gov.uk/media/5a7f273a40f0b62305b85670/GCE_AS_and_A_level_subject_content_for_mathematics_with_appendices.pdf p.6
Mathematics,critical-thinking,1,1,0,final,1,"OT1.5 'comprehend and critique mathematical arguments' is about proof, not weighing general evidence","OT1 covers critiquing mathematical arguments/proofs, not weighing general evidence.",DfE maths content https://assets.publishing.service.gov.uk/media/5a7f273a40f0b62305b85670/GCE_AS_and_A_level_subject_content_for_mathematics_with_appendices.pdf p.4,https://assets.publishing.service.gov.uk/media/5a7f273a40f0b62305b85670/GCE_AS_and_A_level_subject_content_for_mathematics_with_appendices.pdf p.4
Mathematics,problem-solving,3,3,0,final,3,OT2 Mathematical problem solving applies across 100% of content (anchor A1 analogue),OT2 'Mathematical problem solving' is a named overarching theme assessed across 100% of content.,"DfE maths content https://assets.publishing.service.gov.uk/media/5a7f273a40f0b62305b85670/GCE_AS_and_A_level_subject_content_for_mathematics_with_appendices.pdf p.4,6",https://assets.publishing.service.gov.uk/media/5a7f273a40f0b62305b85670/GCE_AS_and_A_level_subject_content_for_mathematics_with_appendices.pdf p.4
Mathematics,creativity,1,1,0,final,1,Modelling requires 'simplifying assumptions' (OT3.1) but this is not a creative-design skill,,DfE maths content https://assets.publishing.service.gov.uk/media/5a7f273a40f0b62305b85670/GCE_AS_and_A_level_subject_content_for_mathematics_with_appendices.pdf p.5,
Mathematics,content-production,0,0,0,final,0,,,,
Further Mathematics,data-analysis,0,1,1,lower,0,,Statistics is one of several optional applied strands (with mechanics/decision maths); not guaranteed compulsory content.,,https://assets.publishing.service.gov.uk/media/5a8185ebe5274a2e8ab54725/GCE_AS_and_A_level_subject_content_for_further_mathematics_with_appendices.pdf p.4
Further Mathematics,programming,0,0,0,final,0,,,,
Further Mathematics,digital-ai,1,0,1,lower,0,"Use of technology (graphing/matrices tools) permeates study as in Mathematics, incidental",,"DfE further maths content (gce-as-and-a-level-further-mathematics, via https://www.gov.uk/government/collections/gce-as-and-a-level-subject-content) p.4",
Further Mathematics,cyber-security,0,0,0,final,0,,,,
Further Mathematics,numeracy,3,3,0,final,3,"Prescribed core (~50%) plus options are entirely mathematical content, deeper than single Maths",Core pure content (~50%) plus applied options are wholly mathematical; overarching themes OT1-3 apply throughout.,"DfE further maths content (gce-as-and-a-level-further-mathematics, via https://www.gov.uk/government/collections/gce-as-and-a-level-subject-content) p.4",https://assets.publishing.service.gov.uk/media/5a8185ebe5274a2e8ab54725/GCE_AS_and_A_level_subject_content_for_further_mathematics_with_appendices.pdf p.4-6
Further Mathematics,scientific-method,0,0,0,final,0,,,,
Further Mathematics,engineering,1,0,1,lower,0,"Purpose statement cites 'wide applications in...engineering' but content itself is pure/applied maths, not engineering",,"DfE further maths content (gce-as-and-a-level-further-mathematics, via https://www.gov.uk/government/collections/gce-as-and-a-level-subject-content) p.2",
Further Mathematics,practical-making,0,0,0,final,0,,,,
Further Mathematics,sustainability,0,0,0,final,0,,,,
Further Mathematics,commercial,0,0,0,final,0,,,,
Further Mathematics,leadership,0,0,0,final,0,,,,
Further Mathematics,law-ethics,0,0,0,final,0,,,,
Further Mathematics,writing,1,1,0,final,1,As Mathematics: proofs/justifications written but not separately assessed,"As in Mathematics: justification/proof only, not assessed as writing.","DfE further maths content (gce-as-and-a-level-further-mathematics, via https://www.gov.uk/government/collections/gce-as-and-a-level-subject-content) p.3",https://assets.publishing.service.gov.uk/media/5a8185ebe5274a2e8ab54725/GCE_AS_and_A_level_subject_content_for_further_mathematics_with_appendices.pdf p.4
Further Mathematics,speaking,0,0,0,final,0,,,,
Further Mathematics,languages,0,0,0,final,0,,,,
Further Mathematics,care-empathy,0,0,0,final,0,,,,
Further Mathematics,teamwork,0,1,1,lower,0,,,,
Further Mathematics,customer-service,0,0,0,final,0,,,,
Further Mathematics,self-management,1,1,0,final,1,"Exam-only course, no NEA (rule 4)","Exam-only qualification, no NEA.","DfE further maths content (gce-as-and-a-level-further-mathematics, via https://www.gov.uk/government/collections/gce-as-and-a-level-subject-content) p.4",https://assets.publishing.service.gov.uk/media/5a8185ebe5274a2e8ab54725/GCE_AS_and_A_level_subject_content_for_further_mathematics_with_appendices.pdf p.6
Further Mathematics,critical-thinking,1,1,0,final,1,"Proof/argument construction is mathematical reasoning, not general evidence-weighing",,"DfE further maths content (gce-as-and-a-level-further-mathematics, via https://www.gov.uk/government/collections/gce-as-and-a-level-subject-content) p.3",
Further Mathematics,problem-solving,3,3,0,final,3,Overarching themes mirror A level Mathematics OT2 problem solving across the prescribed core,Overarching theme OT2 'Mathematical problem solving' is assessed in further mathematics too (min. 10% across options).,"DfE further maths content (gce-as-and-a-level-further-mathematics, via https://www.gov.uk/government/collections/gce-as-and-a-level-subject-content) p.3-4",https://assets.publishing.service.gov.uk/media/5a8185ebe5274a2e8ab54725/GCE_AS_and_A_level_subject_content_for_further_mathematics_with_appendices.pdf p.4
Further Mathematics,creativity,1,1,0,final,1,Selecting/constructing models involves some creative choice but is not assessed as design creativity,,"DfE further maths content (gce-as-and-a-level-further-mathematics, via https://www.gov.uk/government/collections/gce-as-and-a-level-subject-content) p.3",
Further Mathematics,content-production,0,0,0,final,0,,,,
Statistics,data-analysis,3,3,0,final,3,"The entire content is the statistical enquiry cycle: sampling, distributions, correlation, hypothesis testing (100% of content)","Statistical enquiry cycle, hypothesis testing and use of large data sets to inform decisions represent 100% of content.",DfE statistics content https://assets.publishing.service.gov.uk/media/5a803103e5274a2e8ab4eb7a/Statistics_AS_and_A_level_content_formatted.pdf p.2-4,https://assets.publishing.service.gov.uk/media/5a803103e5274a2e8ab4eb7a/Statistics_AS_and_A_level_content_formatted.pdf p.3-4
Statistics,programming,0,0,0,final,0,,,,
Statistics,digital-ai,1,0,1,lower,0,Must use technology/spreadsheets to explore large data sets (para 3) but incidental tool use,,DfE statistics content https://assets.publishing.service.gov.uk/media/5a803103e5274a2e8ab4eb7a/Statistics_AS_and_A_level_content_formatted.pdf p.2,
Statistics,cyber-security,0,0,0,final,0,,,,
Statistics,numeracy,3,3,0,final,3,"Whole qualification is mathematical: probability, distributions and test statistics (rule 2)","Whole qualification is mathematical: probability, distributions and hypothesis testing are 100% of content.",DfE statistics content https://assets.publishing.service.gov.uk/media/5a803103e5274a2e8ab4eb7a/Statistics_AS_and_A_level_content_formatted.pdf p.2-4,"https://assets.publishing.service.gov.uk/media/5a803103e5274a2e8ab4eb7a/Statistics_AS_and_A_level_content_formatted.pdf p.4,7"
Statistics,scientific-method,1,0,1,audit,0,Sampling and hypothesis-testing logic touches investigation design but there are no practicals,,DfE statistics content https://assets.publishing.service.gov.uk/media/5a803103e5274a2e8ab4eb7a/Statistics_AS_and_A_level_content_formatted.pdf p.2,
Statistics,engineering,0,0,0,final,0,,,,
Statistics,practical-making,0,0,0,final,0,,,,
Statistics,sustainability,0,0,0,final,0,,,,
Statistics,commercial,1,0,1,lower,0,"Aims mention informing 'public, commercial' decision-making as a context only",,DfE statistics content https://assets.publishing.service.gov.uk/media/5a803103e5274a2e8ab4eb7a/Statistics_AS_and_A_level_content_formatted.pdf p.2,
Statistics,leadership,0,0,0,final,0,,,,
Statistics,law-ethics,0,0,0,final,0,,,,
Statistics,writing,1,1,0,final,1,Conclusions must be justified in context but written communication is not separately assessed,"Short interpretive statements are required, not extended writing.",DfE statistics content https://assets.publishing.service.gov.uk/media/5a803103e5274a2e8ab4eb7a/Statistics_AS_and_A_level_content_formatted.pdf p.2,https://assets.publishing.service.gov.uk/media/5a803103e5274a2e8ab4eb7a/Statistics_AS_and_A_level_content_formatted.pdf p.4
Statistics,speaking,0,0,0,final,0,,,,
Statistics,languages,0,0,0,final,0,,,,
Statistics,care-empathy,0,0,0,final,0,,,,
Statistics,teamwork,0,1,1,lower,0,,,,
Statistics,customer-service,0,0,0,final,0,,,,
Statistics,self-management,1,1,0,final,1,"Exam-only course, no NEA (rule 4)","Exam-only qualification (Pearson, only board), no NEA.",DfE statistics content https://assets.publishing.service.gov.uk/media/5a803103e5274a2e8ab4eb7a/Statistics_AS_and_A_level_content_formatted.pdf p.2,https://assets.publishing.service.gov.uk/media/5a803103e5274a2e8ab4eb7a/Statistics_AS_and_A_level_content_formatted.pdf p.4
Statistics,critical-thinking,2,2,0,final,2,"Must choose an appropriate test/approach and justify it 'in context', assessed throughout (para 3)",Learners must evaluate the strength of conclusions and misreporting of findings from hypothesis tests.,DfE statistics content https://assets.publishing.service.gov.uk/media/5a803103e5274a2e8ab4eb7a/Statistics_AS_and_A_level_content_formatted.pdf p.2,https://assets.publishing.service.gov.uk/media/5a803103e5274a2e8ab4eb7a/Statistics_AS_and_A_level_content_formatted.pdf p.7
Statistics,problem-solving,2,2,0,final,2,Selecting the appropriate hypothesis test/technique for a context is a recurring assessed skill,"The statistical enquiry cycle (define question, plan, collect, process, interpret) structures the whole course.",DfE statistics content https://assets.publishing.service.gov.uk/media/5a803103e5274a2e8ab4eb7a/Statistics_AS_and_A_level_content_formatted.pdf p.2-3,"https://assets.publishing.service.gov.uk/media/5a803103e5274a2e8ab4eb7a/Statistics_AS_and_A_level_content_formatted.pdf p.4,20"
Statistics,creativity,1,0,1,lower,0,Modelling assumptions require some judgement but this is not a creative-design skill,,DfE statistics content https://assets.publishing.service.gov.uk/media/5a803103e5274a2e8ab4eb7a/Statistics_AS_and_A_level_content_formatted.pdf p.2,
Statistics,content-production,0,0,0,final,0,,,,
Computer Science,data-analysis,2,2,0,final,2,"A level content requires databases, data modelling and data representation as a named, assessed area","Databases: 'use of databases to store, retrieve and manipulate data, including database programming and producing a data model' is A-level content.",DfE computer science content https://assets.publishing.service.gov.uk/media/5a7dbefb40f0b65d88634282/A_level_computer_science_subject_content.pdf p.2,https://assets.publishing.service.gov.uk/media/5a7dbefb40f0b65d88634282/A_level_computer_science_subject_content.pdf p.2
Computer Science,programming,3,3,0,final,3,'Fundamentals of programming' is core content; OCR H446 assesses on-screen programming plus a 20% NEA project,'Fundamentals of programming' is core knowledge; OCR/AQA both set a substantial NEA programming project (~20%) plus a programming exam paper.,"DfE computer science content https://assets.publishing.service.gov.uk/media/5a7dbefb40f0b65d88634282/A_level_computer_science_subject_content.pdf p.1, OCR A-level Computer Science H446 https://www.ocr.org.uk/qualifications/as-and-a-level/computer-science-h046-h446-from-2015/",https://assets.publishing.service.gov.uk/media/5a7dbefb40f0b65d88634282/A_level_computer_science_subject_content.pdf p.1
Computer Science,digital-ai,2,1,1,lower,1,"Systems architecture, networking and data exchange are assessed content, but not AI/everyday-tool literacy",General digital technology content; no AI-literacy component in the current specification.,DfE computer science content https://assets.publishing.service.gov.uk/media/5a7dbefb40f0b65d88634282/A_level_computer_science_subject_content.pdf p.1-2,
Computer Science,cyber-security,3,3,0,final,3,"Networks, protocols/standards and systems architecture are core assessed content across the specification","OCR Component 01 (Computer Systems) assesses network security and threats: firewalls, proxies, encryption (symmetric/asymmetric), hashing.",DfE computer science content https://assets.publishing.service.gov.uk/media/5a7dbefb40f0b65d88634282/A_level_computer_science_subject_content.pdf p.2,"https://www.ocr.org.uk/qualifications/as-and-a-level/computer-science-h046-h446-from-2015/ (Component 01: Computer Systems, networks & security)"
Computer Science,numeracy,2,2,0,final,2,Minimum 10% mathematics required in any accredited specification (rule 2),DfE annex: 'any accredited specification in computer science must contain a minimum of 10% mathematics.',DfE computer science content https://assets.publishing.service.gov.uk/media/5a7dbefb40f0b65d88634282/A_level_computer_science_subject_content.pdf p.3,https://assets.publishing.service.gov.uk/media/5a7dbefb40f0b65d88634282/A_level_computer_science_subject_content.pdf p.3
Computer Science,scientific-method,0,0,0,final,0,,,,
Computer Science,engineering,1,0,1,lower,0,"Systems architecture (hardware) touches engineering lightly, not a design/build skill",,DfE computer science content https://assets.publishing.service.gov.uk/media/5a7dbefb40f0b65d88634282/A_level_computer_science_subject_content.pdf p.2,
Computer Science,practical-making,0,0,0,final,0,,,,
Computer Science,sustainability,0,0,0,final,0,,,,
Computer Science,commercial,0,0,0,final,0,,,,
Computer Science,leadership,0,0,0,final,0,,,,
Computer Science,law-ethics,2,2,0,final,2,"'Individual (moral), social (ethical), legal and cultural opportunities and risks of digital technology' is assessed content (anchor A8)","'The individual (moral), social (ethical), legal and cultural opportunities and risks of digital technology' is assessed content, not the focus.",DfE computer science content https://assets.publishing.service.gov.uk/media/5a7dbefb40f0b65d88634282/A_level_computer_science_subject_content.pdf p.2,https://assets.publishing.service.gov.uk/media/5a7dbefb40f0b65d88634282/A_level_computer_science_subject_content.pdf p.2
Computer Science,writing,1,1,0,final,1,"NEA requires a documented project report, but writing itself is not the assessed focus",,OCR A-level Computer Science H446 https://www.ocr.org.uk/qualifications/as-and-a-level/computer-science-h046-h446-from-2015/,
Computer Science,speaking,0,0,0,final,0,,,,
Computer Science,languages,0,0,0,final,0,,,,
Computer Science,care-empathy,0,0,0,final,0,,,,
Computer Science,teamwork,0,1,1,lower,0,,NEA project is normally completed individually.,,
Computer Science,customer-service,0,0,0,final,0,,,,
Computer Science,self-management,2,2,0,final,2,NEA programming project is a substantial self-directed component (~20% at OCR) (rule 4),The non-exam assessment (programming project) is a substantial (~20%) self-directed component.,OCR A-level Computer Science H446 https://www.ocr.org.uk/qualifications/as-and-a-level/computer-science-h046-h446-from-2015/,https://assets.publishing.service.gov.uk/media/5a7dbefb40f0b65d88634282/A_level_computer_science_subject_content.pdf p.1
Computer Science,critical-thinking,2,1,1,lower,1,Must 'argue for correctness and efficiency using logical reasoning' as an assessed skill,,DfE computer science content https://assets.publishing.service.gov.uk/media/5a7dbefb40f0b65d88634282/A_level_computer_science_subject_content.pdf p.2,
Computer Science,problem-solving,3,3,0,final,3,"'Take a systematic approach to problem solving' is a required, assessed skill (anchor-analogue, J2)",'Take a systematic approach to problem solving' and 'analyse problems in computational terms' are core assessed skills.,DfE computer science content https://assets.publishing.service.gov.uk/media/5a7dbefb40f0b65d88634282/A_level_computer_science_subject_content.pdf p.2,https://assets.publishing.service.gov.uk/media/5a7dbefb40f0b65d88634282/A_level_computer_science_subject_content.pdf p.1-2
Computer Science,creativity,1,1,0,final,1,Program/algorithm design involves some creative choice but is not a named creativity AO,"Aims mention 'the capacity for thinking creatively, innovatively' but there is no distinct assessed creative-design component.",DfE computer science content https://assets.publishing.service.gov.uk/media/5a7dbefb40f0b65d88634282/A_level_computer_science_subject_content.pdf p.2,https://assets.publishing.service.gov.uk/media/5a7dbefb40f0b65d88634282/A_level_computer_science_subject_content.pdf p.1
Computer Science,content-production,0,0,0,final,0,,,,
Biology,data-analysis,2,2,0,final,2,"AO3 'analyse and interpret data' assessed via practicals and exams, a regular but not majority focus",Practical/statistical data analysis is assessed across all three papers alongside content.,DfE science content (biology/chemistry/physics/psychology) https://assets.publishing.service.gov.uk/media/5a807949e5274a2e8ab50599/Science_AS_and_level_formatted.pdf p.4,https://assets.publishing.service.gov.uk/media/5a807949e5274a2e8ab50599/Science_AS_and_level_formatted.pdf p.18
Biology,programming,0,0,0,final,0,,,,
Biology,digital-ai,1,0,1,lower,0,"Data-loggers/spreadsheets used in practicals, incidental",,DfE science content (biology/chemistry/physics/psychology) https://assets.publishing.service.gov.uk/media/5a807949e5274a2e8ab50599/Science_AS_and_level_formatted.pdf p.4,
Biology,cyber-security,0,0,0,final,0,,,,
Biology,numeracy,2,2,0,final,2,At least 10% of marks require level 2+ maths for biology (anchor A3),Appendix 6: 'at least 10% level 2 or above mathematical skills for biology.',DfE science content (biology/chemistry/physics/psychology) https://assets.publishing.service.gov.uk/media/5a807949e5274a2e8ab50599/Science_AS_and_level_formatted.pdf p.24,https://assets.publishing.service.gov.uk/media/5a807949e5274a2e8ab50599/Science_AS_and_level_formatted.pdf p.24
Biology,scientific-method,3,3,0,final,3,"Minimum 12 practical activities contribute to the Practical Endorsement, also examined (Appendix 5)","A minimum of 12 practical activities contributes to the Practical Endorsement (Appendix 5b), directly assessed.",DfE science content (biology/chemistry/physics/psychology) https://assets.publishing.service.gov.uk/media/5a807949e5274a2e8ab50599/Science_AS_and_level_formatted.pdf p.18,"https://assets.publishing.service.gov.uk/media/5a807949e5274a2e8ab50599/Science_AS_and_level_formatted.pdf p.18,20"
Biology,engineering,0,0,0,final,0,,,,
Biology,practical-making,1,2,1,lower,1,"Lab technique with equipment is practised, but this sits mainly under scientific-method (rule 6)","The 12 required practicals develop lab-equipment handling and technique, distinct from the investigative-method skill.",DfE science content (biology/chemistry/physics/psychology) https://assets.publishing.service.gov.uk/media/5a807949e5274a2e8ab50599/Science_AS_and_level_formatted.pdf p.19-20,https://assets.publishing.service.gov.uk/media/5a807949e5274a2e8ab50599/Science_AS_and_level_formatted.pdf p.18
Biology,sustainability,2,2,0,final,2,Populations/ecosystems content covers biodiversity and human impact as a named assessed topic,"Ecosystems/populations content includes human impact on the environment and conservation, regularly assessed.",AQA A-level Biology 7402 https://www.aqa.org.uk/subjects/biology/a-level/biology-7402,https://assets.publishing.service.gov.uk/media/5a807949e5274a2e8ab50599/Science_AS_and_level_formatted.pdf p.9-10
Biology,commercial,0,0,0,final,0,,,,
Biology,leadership,0,0,0,final,0,,,,
Biology,law-ethics,1,1,0,final,1,"Ethical issues (e.g. genetic technology) are studied as content, not assessed compliance practice (rule 1)",,DfE science content (biology/chemistry/physics/psychology) https://assets.publishing.service.gov.uk/media/5a807949e5274a2e8ab50599/Science_AS_and_level_formatted.pdf p.4,
Biology,writing,1,1,0,final,1,Some extended-response questions but written communication is not separately assessed,,AQA A-level Biology 7402 https://www.aqa.org.uk/subjects/biology/a-level/biology-7402,
Biology,speaking,0,0,0,final,0,,,,
Biology,languages,0,0,0,final,0,,,,
Biology,care-empathy,1,1,0,final,1,"Human health/disease topics are studied as knowledge, no caring practice (as anchor A18 logic)","Human physiology/disease is studied as knowledge, not caring practice (cf. A18).",DfE science content (biology/chemistry/physics/psychology) https://assets.publishing.service.gov.uk/media/5a807949e5274a2e8ab50599/Science_AS_and_level_formatted.pdf p.3,
Biology,teamwork,0,1,1,audit,0,,,,
Biology,customer-service,0,0,0,final,0,,,,
Biology,self-management,1,1,0,final,1,"Exam-only grading (Practical Endorsement is separately reported, not an NEA)","Exam plus Practical Endorsement, no extended self-directed project.",DfE science content (biology/chemistry/physics/psychology) https://assets.publishing.service.gov.uk/media/5a807949e5274a2e8ab50599/Science_AS_and_level_formatted.pdf p.18,
Biology,critical-thinking,2,2,0,final,2,"'Evaluate methodology, evidence and data, and resolve conflicting evidence' is assessed working-scientifically content",Evaluation of experimental methods and data is a recurring assessed objective (AO3).,DfE science content (biology/chemistry/physics/psychology) https://assets.publishing.service.gov.uk/media/5a807949e5274a2e8ab50599/Science_AS_and_level_formatted.pdf p.4,https://assets.publishing.service.gov.uk/media/5a807949e5274a2e8ab50599/Science_AS_and_level_formatted.pdf p.18
Biology,problem-solving,2,1,1,lower,1,'Solve problems set in practical contexts' is an assessed skill (Appendix 5a),,DfE science content (biology/chemistry/physics/psychology) https://assets.publishing.service.gov.uk/media/5a807949e5274a2e8ab50599/Science_AS_and_level_formatted.pdf p.19,
Biology,creativity,0,0,0,final,0,,,,
Biology,content-production,0,0,0,final,0,,,,
Chemistry,data-analysis,2,2,0,final,2,"AO3 data analysis assessed via practicals and exams, regular but not the qualification's focus",Paper 3 includes 40 marks of practical techniques and data analysis.,DfE science content (biology/chemistry/physics/psychology) https://assets.publishing.service.gov.uk/media/5a807949e5274a2e8ab50599/Science_AS_and_level_formatted.pdf p.4,https://www.aqa.org.uk/subjects/chemistry/a-level/chemistry-7405/specification/specification-at-a-glance
Chemistry,programming,0,0,0,final,0,,,,
Chemistry,digital-ai,1,0,1,lower,0,"Data-loggers/software used in practicals, incidental",,DfE science content (biology/chemistry/physics/psychology) https://assets.publishing.service.gov.uk/media/5a807949e5274a2e8ab50599/Science_AS_and_level_formatted.pdf p.4,
Chemistry,cyber-security,0,0,0,final,0,,,,
Chemistry,numeracy,2,2,0,final,2,At least 20% of marks require level 2+ maths for chemistry (anchor A3),Appendix 6: 'at least...20% for chemistry' of marks require level 2+ maths (A3 anchor).,DfE science content (biology/chemistry/physics/psychology) https://assets.publishing.service.gov.uk/media/5a807949e5274a2e8ab50599/Science_AS_and_level_formatted.pdf p.24,https://assets.publishing.service.gov.uk/media/5a807949e5274a2e8ab50599/Science_AS_and_level_formatted.pdf p.24
Chemistry,scientific-method,3,3,0,final,3,Minimum 12 practical activities contribute to the Practical Endorsement (anchor A5),A minimum of 12 practical activities contributes towards the Practical Endorsement; practical skills are also examined (A5 anchor).,DfE science content (biology/chemistry/physics/psychology) https://assets.publishing.service.gov.uk/media/5a807949e5274a2e8ab50599/Science_AS_and_level_formatted.pdf p.18,https://assets.publishing.service.gov.uk/media/5a807949e5274a2e8ab50599/Science_AS_and_level_formatted.pdf p.18
Chemistry,engineering,1,0,1,lower,0,Materials/industrial chemistry touches engineering contexts lightly,,AQA A-level Chemistry 7405 https://www.aqa.org.uk/subjects/chemistry/a-level/chemistry-7405,
Chemistry,practical-making,1,2,1,lower,1,"Lab technique with equipment/apparatus is practised, mainly captured under scientific-method (rule 6)","Required practical technique (titration, synthesis) is assessed, distinct from the investigative-method skill (rule 6).",DfE science content (biology/chemistry/physics/psychology) https://assets.publishing.service.gov.uk/media/5a807949e5274a2e8ab50599/Science_AS_and_level_formatted.pdf p.19-20,https://assets.publishing.service.gov.uk/media/5a807949e5274a2e8ab50599/Science_AS_and_level_formatted.pdf p.18
Chemistry,sustainability,1,2,1,lower,1,Industrial processes and atmospheric chemistry touch sustainability but are not a dedicated topic,Green chemistry/atom economy and industrial processes are named assessed content.,AQA A-level Chemistry 7405 https://www.aqa.org.uk/subjects/chemistry/a-level/chemistry-7405,https://www.aqa.org.uk/subjects/chemistry/a-level/chemistry-7405/specification/subject-content
Chemistry,commercial,1,0,1,lower,0,Industrial process context (e.g. Haber process) touches cost/scale briefly,,AQA A-level Chemistry 7405 https://www.aqa.org.uk/subjects/chemistry/a-level/chemistry-7405,
Chemistry,leadership,0,0,0,final,0,,,,
Chemistry,law-ethics,1,1,0,final,1,COSHH/safety procedure is followed in practicals but not assessed as compliance content,,DfE science content (biology/chemistry/physics/psychology) https://assets.publishing.service.gov.uk/media/5a807949e5274a2e8ab50599/Science_AS_and_level_formatted.pdf p.19,
Chemistry,writing,1,1,0,final,1,Some extended-response questions but written communication is not separately assessed,,AQA A-level Chemistry 7405 https://www.aqa.org.uk/subjects/chemistry/a-level/chemistry-7405,
Chemistry,speaking,0,0,0,final,0,,,,
Chemistry,languages,0,0,0,final,0,,,,
Chemistry,care-empathy,0,0,0,final,0,,,,
Chemistry,teamwork,0,1,1,lower,0,,,,
Chemistry,customer-service,0,0,0,final,0,,,,
Chemistry,self-management,1,1,0,final,1,"Exam-only grading; Practical Endorsement is reported separately, not an NEA",,DfE science content (biology/chemistry/physics/psychology) https://assets.publishing.service.gov.uk/media/5a807949e5274a2e8ab50599/Science_AS_and_level_formatted.pdf p.18,
Chemistry,critical-thinking,2,2,0,final,2,"'Evaluate methodology, evidence and data' is assessed working-scientifically content",Evaluation of experimental methods/uncertainty is a recurring assessed objective.,DfE science content (biology/chemistry/physics/psychology) https://assets.publishing.service.gov.uk/media/5a807949e5274a2e8ab50599/Science_AS_and_level_formatted.pdf p.4,https://assets.publishing.service.gov.uk/media/5a807949e5274a2e8ab50599/Science_AS_and_level_formatted.pdf p.18
Chemistry,problem-solving,2,2,0,final,2,'Solve problems set in practical contexts' is an assessed skill (Appendix 5a),Quantitative chemistry calculations require systematic problem solving across all papers.,DfE science content (biology/chemistry/physics/psychology) https://assets.publishing.service.gov.uk/media/5a807949e5274a2e8ab50599/Science_AS_and_level_formatted.pdf p.19,https://www.aqa.org.uk/subjects/chemistry/a-level/chemistry-7405/specification/specification-at-a-glance
Chemistry,creativity,0,0,0,final,0,,,,
Chemistry,content-production,0,0,0,final,0,,,,
Physics,data-analysis,2,2,0,final,2,"AO3 data analysis assessed via practicals and exams, regular but not the qualification's focus",Paper 3 has a mandatory practical skills and data analysis section (45 of 80 marks).,DfE science content (biology/chemistry/physics/psychology) https://assets.publishing.service.gov.uk/media/5a807949e5274a2e8ab50599/Science_AS_and_level_formatted.pdf p.4,https://www.aqa.org.uk/subjects/physics/a-level/physics-7408/specification/specification-at-a-glance
Physics,programming,0,0,0,final,0,,,,
Physics,digital-ai,1,0,1,lower,0,"Data-loggers/software used in practicals, incidental",,DfE science content (biology/chemistry/physics/psychology) https://assets.publishing.service.gov.uk/media/5a807949e5274a2e8ab50599/Science_AS_and_level_formatted.pdf p.4,
Physics,cyber-security,0,0,0,final,0,,,,
Physics,numeracy,3,3,0,final,3,At least 40% of marks require level 2+ maths for physics (anchor A2),Appendix 6: 'at least...40% for physics' of marks require level 2+ maths (A2 anchor).,DfE science content (biology/chemistry/physics/psychology) https://assets.publishing.service.gov.uk/media/5a807949e5274a2e8ab50599/Science_AS_and_level_formatted.pdf p.24,https://assets.publishing.service.gov.uk/media/5a807949e5274a2e8ab50599/Science_AS_and_level_formatted.pdf p.24
Physics,scientific-method,3,3,0,final,3,Minimum 12 practical activities contribute to the Practical Endorsement (anchor-analogue to A5),A minimum of 12 practical activities contributes towards the Practical Endorsement (as for biology/chemistry).,DfE science content (biology/chemistry/physics/psychology) https://assets.publishing.service.gov.uk/media/5a807949e5274a2e8ab50599/Science_AS_and_level_formatted.pdf p.18,https://assets.publishing.service.gov.uk/media/5a807949e5274a2e8ab50599/Science_AS_and_level_formatted.pdf p.18
Physics,engineering,2,2,0,final,2,"Forces, electricity and materials principles underpin engineering, but application to design is not required","Forces, electricity and control content is applied to problems, but design/build of systems is not required (physics principles without application cap at 2).",AQA A-level Physics 7408 https://www.aqa.org.uk/subjects/physics/a-level/physics-7408,https://assets.publishing.service.gov.uk/media/5a807949e5274a2e8ab50599/Science_AS_and_level_formatted.pdf p.10-12
Physics,practical-making,1,2,1,lower,1,"Lab equipment use is practised, mainly captured under scientific-method (rule 6)","Required practical technique with apparatus is assessed, distinct from the investigative-method skill.",DfE science content (biology/chemistry/physics/psychology) https://assets.publishing.service.gov.uk/media/5a807949e5274a2e8ab50599/Science_AS_and_level_formatted.pdf p.19-20,https://assets.publishing.service.gov.uk/media/5a807949e5274a2e8ab50599/Science_AS_and_level_formatted.pdf p.18
Physics,sustainability,1,1,0,final,1,Energy resources/nuclear topics touch sustainability lightly,Energy resources are touched on but not a core assessed theme.,AQA A-level Physics 7408 https://www.aqa.org.uk/subjects/physics/a-level/physics-7408,
Physics,commercial,0,0,0,final,0,,,,
Physics,leadership,0,0,0,final,0,,,,
Physics,law-ethics,0,0,0,final,0,,,,
Physics,writing,1,1,0,final,1,Some extended-response questions but written communication is not separately assessed,,AQA A-level Physics 7408 https://www.aqa.org.uk/subjects/physics/a-level/physics-7408,
Physics,speaking,0,0,0,final,0,,,,
Physics,languages,0,0,0,final,0,,,,
Physics,care-empathy,0,0,0,final,0,,,,
Physics,teamwork,0,1,1,audit,0,,,,
Physics,customer-service,0,0,0,final,0,,,,
Physics,self-management,1,1,0,final,1,"Exam-only grading; Practical Endorsement is reported separately, not an NEA",,DfE science content (biology/chemistry/physics/psychology) https://assets.publishing.service.gov.uk/media/5a807949e5274a2e8ab50599/Science_AS_and_level_formatted.pdf p.18,
Physics,critical-thinking,2,2,0,final,2,"'Evaluate methodology, evidence and data' is assessed working-scientifically content",Evaluating experimental design/uncertainty is a recurring assessed objective.,DfE science content (biology/chemistry/physics/psychology) https://assets.publishing.service.gov.uk/media/5a807949e5274a2e8ab50599/Science_AS_and_level_formatted.pdf p.4,https://assets.publishing.service.gov.uk/media/5a807949e5274a2e8ab50599/Science_AS_and_level_formatted.pdf p.18
Physics,problem-solving,3,2,1,lower,2,Multi-step quantitative problem solving across mechanics/fields/particles is central to assessment,Multi-step quantitative problem solving is central to all three papers.,"DfE science content (biology/chemistry/physics/psychology) https://assets.publishing.service.gov.uk/media/5a807949e5274a2e8ab50599/Science_AS_and_level_formatted.pdf p.3-4, AQA A-level Physics 7408 https://www.aqa.org.uk/subjects/physics/a-level/physics-7408",https://www.aqa.org.uk/subjects/physics/a-level/physics-7408/specification/specification-at-a-glance
Physics,creativity,0,0,0,final,0,,,,
Physics,content-production,0,0,0,final,0,,,,
Applied Science,data-analysis,3,3,0,final,3,"Unit 3 Science Investigation Skills (120/360 GLH=33%) is wholly about processing/analysing data (means, stats tests, error bars)","Unit 3: Science Investigation Skills (120 GLH, external, one-third of the qualification) assesses mean/SD, error bars, t-test/chi-squared, standard form and drawing conclusions from data.","Pearson BTEC L3 Nat. Ext. Certificate in Applied Science spec https://qualifications.pearson.com/content/dam/pdf/BTEC-Nationals/Applied-Science/2016/specification-and-sample-assessments/BTEC-L3-Nat-ExtCert-in-Applied-Science-Spec.pdf Unit 3, p.41,49",https://qualifications.pearson.com/content/dam/pdf/BTEC-Nationals/Applied-Science/2016/specification-and-sample-assessments/BTEC-L3-Nat-ExtCert-in-Applied-Science-Spec.pdf p.49-50
Applied Science,programming,0,0,0,final,0,,,,
Applied Science,digital-ai,1,0,1,lower,0,"ICT/spreadsheets used in investigations, incidental",,Pearson BTEC L3 Nat. Ext. Certificate in Applied Science spec https://qualifications.pearson.com/content/dam/pdf/BTEC-Nationals/Applied-Science/2016/specification-and-sample-assessments/BTEC-L3-Nat-ExtCert-in-Applied-Science-Spec.pdf p.4,
Applied Science,cyber-security,0,0,0,final,0,,,,
Applied Science,numeracy,2,2,0,final,2,"Units 1 and 3 both require calculation, standard form, transposition of formulae as regular assessed content","Units 1-3 all require calculation (titration/colorimetry concentrations, cooling-curve rates, statistical formulae) but the qualification is not wholly mathematical.","Pearson BTEC L3 Nat. Ext. Certificate in Applied Science spec https://qualifications.pearson.com/content/dam/pdf/BTEC-Nationals/Applied-Science/2016/specification-and-sample-assessments/BTEC-L3-Nat-ExtCert-in-Applied-Science-Spec.pdf Unit 3, p.49","https://qualifications.pearson.com/content/dam/pdf/BTEC-Nationals/Applied-Science/2016/specification-and-sample-assessments/BTEC-L3-Nat-ExtCert-in-Applied-Science-Spec.pdf p.38-39,49"
Applied Science,scientific-method,3,3,0,final,3,Unit 2 Practical Scientific Procedures (25% internal) plus Unit 3 Investigation Skills (33% external) together exceed 20% and are the qualification's core,"Unit 3 (external) is entirely 'planning a scientific investigation', data collection/processing and drawing conclusions; Unit 2 (internal) is lab practical technique.","Pearson BTEC L3 Nat. Ext. Certificate in Applied Science spec https://qualifications.pearson.com/content/dam/pdf/BTEC-Nationals/Applied-Science/2016/specification-and-sample-assessments/BTEC-L3-Nat-ExtCert-in-Applied-Science-Spec.pdf Units 2-3, p.29,39","https://qualifications.pearson.com/content/dam/pdf/BTEC-Nationals/Applied-Science/2016/specification-and-sample-assessments/BTEC-L3-Nat-ExtCert-in-Applied-Science-Spec.pdf p.37,49"
Applied Science,engineering,1,0,1,lower,0,"Optional units (e.g. electrical circuits) may touch engineering, not guaranteed",,Pearson BTEC L3 Nat. Ext. Certificate in Applied Science spec https://qualifications.pearson.com/content/dam/pdf/BTEC-Nationals/Applied-Science/2016/specification-and-sample-assessments/BTEC-L3-Nat-ExtCert-in-Applied-Science-Spec.pdf p.15,
Applied Science,practical-making,2,2,0,final,2,Unit 2 'Practical Scientific Procedures and Techniques' (90 GLH=25%) develops hands-on equipment use,"Unit 2: Practical Scientific Procedures and Techniques (90 GLH, internal) assesses titration, colorimetry, calorimetry and chromatography technique.","Pearson BTEC L3 Nat. Ext. Certificate in Applied Science spec https://qualifications.pearson.com/content/dam/pdf/BTEC-Nationals/Applied-Science/2016/specification-and-sample-assessments/BTEC-L3-Nat-ExtCert-in-Applied-Science-Spec.pdf Unit 2, p.29",https://qualifications.pearson.com/content/dam/pdf/BTEC-Nationals/Applied-Science/2016/specification-and-sample-assessments/BTEC-L3-Nat-ExtCert-in-Applied-Science-Spec.pdf p.37-38
Applied Science,sustainability,0,0,0,final,0,,,,
Applied Science,commercial,0,0,0,final,0,,,,
Applied Science,leadership,0,0,0,final,0,,,,
Applied Science,law-ethics,1,1,0,final,1,"Unit 3 requires understanding 'risks and hazards' of an investigation (A3), a minor sub-point",Laboratory safety is assessed via observation checklists but is not a distinct legal/regulatory focus.,"Pearson BTEC L3 Nat. Ext. Certificate in Applied Science spec https://qualifications.pearson.com/content/dam/pdf/BTEC-Nationals/Applied-Science/2016/specification-and-sample-assessments/BTEC-L3-Nat-ExtCert-in-Applied-Science-Spec.pdf Unit 3, p.41",
Applied Science,writing,1,1,0,final,1,Reports are written for internal assessment but writing is not the assessed focus,,Pearson BTEC L3 Nat. Ext. Certificate in Applied Science spec https://qualifications.pearson.com/content/dam/pdf/BTEC-Nationals/Applied-Science/2016/specification-and-sample-assessments/BTEC-L3-Nat-ExtCert-in-Applied-Science-Spec.pdf p.29,
Applied Science,speaking,0,0,0,final,0,,,,
Applied Science,languages,0,0,0,final,0,,,,
Applied Science,care-empathy,0,0,0,final,0,,,,
Applied Science,teamwork,0,1,1,lower,0,,Unit 2 includes discussion/comparison of group results and 'interpersonal skills' as a minor reflective element.,,https://qualifications.pearson.com/content/dam/pdf/BTEC-Nationals/Applied-Science/2016/specification-and-sample-assessments/BTEC-L3-Nat-ExtCert-in-Applied-Science-Spec.pdf p.38
Applied Science,customer-service,0,0,0,final,0,,,,
Applied Science,self-management,2,1,1,lower,1,Unit 2 (25% internal) requires independent completion of practical procedures (rule 4),"Unit 2 includes a personal-development review, but there is no substantial self-directed extended project among the mandatory units.","Pearson BTEC L3 Nat. Ext. Certificate in Applied Science spec https://qualifications.pearson.com/content/dam/pdf/BTEC-Nationals/Applied-Science/2016/specification-and-sample-assessments/BTEC-L3-Nat-ExtCert-in-Applied-Science-Spec.pdf Unit 2, p.29",https://qualifications.pearson.com/content/dam/pdf/BTEC-Nationals/Applied-Science/2016/specification-and-sample-assessments/BTEC-L3-Nat-ExtCert-in-Applied-Science-Spec.pdf p.38
Applied Science,critical-thinking,2,2,0,final,2,Unit 3 AO2/AO3 require interpreting and evaluating scientific information to reach reasoned judgements,"Unit 3 Learning aim C ('Drawing conclusions and evaluation') requires identifying trends, sources of error and suggesting improvements.","Pearson BTEC L3 Nat. Ext. Certificate in Applied Science spec https://qualifications.pearson.com/content/dam/pdf/BTEC-Nationals/Applied-Science/2016/specification-and-sample-assessments/BTEC-L3-Nat-ExtCert-in-Applied-Science-Spec.pdf Unit 3, p.40",https://qualifications.pearson.com/content/dam/pdf/BTEC-Nationals/Applied-Science/2016/specification-and-sample-assessments/BTEC-L3-Nat-ExtCert-in-Applied-Science-Spec.pdf p.50
Applied Science,problem-solving,2,2,0,final,2,Unit 3 requires formulating a hypothesis and selecting appropriate equipment/techniques (A1-A2),Unit 2 explicitly gives 'the opportunity to use problem-solving skills' in calorimetry work; Unit 3 requires devising investigative methods.,"Pearson BTEC L3 Nat. Ext. Certificate in Applied Science spec https://qualifications.pearson.com/content/dam/pdf/BTEC-Nationals/Applied-Science/2016/specification-and-sample-assessments/BTEC-L3-Nat-ExtCert-in-Applied-Science-Spec.pdf Unit 3, p.41",https://qualifications.pearson.com/content/dam/pdf/BTEC-Nationals/Applied-Science/2016/specification-and-sample-assessments/BTEC-L3-Nat-ExtCert-in-Applied-Science-Spec.pdf p.38
Applied Science,creativity,0,0,0,final,0,,,,
Applied Science,content-production,0,0,0,final,0,,,,
Environmental Science,data-analysis,2,2,0,final,2,"'Analyse and interpret quantitative and qualitative data' is assessed content, not the qualification's sole focus","Research methods is a named content area in both papers, assessed alongside data interpretation.",DfE environmental science content https://assets.publishing.service.gov.uk/media/5a817b4ae5274a2e87dbddd8/Environmental_Science_A_level.pdf p.4,https://assets.publishing.service.gov.uk/media/5a817b4ae5274a2e87dbddd8/Environmental_Science_A_level.pdf p.3
Environmental Science,programming,0,0,0,final,0,,,,
Environmental Science,digital-ai,1,0,1,lower,0,"ICT used to answer scientific questions (para 9), incidental",,DfE environmental science content https://assets.publishing.service.gov.uk/media/5a817b4ae5274a2e87dbddd8/Environmental_Science_A_level.pdf p.4,
Environmental Science,cyber-security,0,0,0,final,0,,,,
Environmental Science,numeracy,2,2,0,final,2,At least 10% of assessment marks require mathematical skills (AQA 7447 Appendix B),AQA scheme of assessment: at least 10% of marks require level 2 or above mathematical skills.,"AQA A-level Environmental Science 7447 specification, Appendix B maths requirements https://www.aqa.org.uk/subjects/environmental-science/a-level/environmental-science-7447/specification/appendix-b-maths-requirements-and-examples",https://www.aqa.org.uk/subjects/environmental-science/a-level/environmental-science-7447/specification/appendix-b-maths-requirements-and-examples
Environmental Science,scientific-method,3,2,1,lower,2,"Minimum 4 days fieldwork (or 2 days + 12 lab activities) required for A level, directly assessed","Fieldwork/practical activities (min. 4 days for A level) are required but explicitly 'not directly assessed' - indirect assessment only (Appendix 1), unlike biology/chemistry's Practical Endorsement.",DfE environmental science content https://assets.publishing.service.gov.uk/media/5a817b4ae5274a2e87dbddd8/Environmental_Science_A_level.pdf p.13-14,https://assets.publishing.service.gov.uk/media/5a817b4ae5274a2e87dbddd8/Environmental_Science_A_level.pdf p.13
Environmental Science,engineering,0,0,0,final,0,,,,
Environmental Science,practical-making,1,1,0,final,1,Fieldwork/lab technique is practised but sits mainly under scientific-method (rule 6),Fieldwork sampling technique is required but only indirectly assessed.,DfE environmental science content https://assets.publishing.service.gov.uk/media/5a817b4ae5274a2e87dbddd8/Environmental_Science_A_level.pdf p.13,https://assets.publishing.service.gov.uk/media/5a817b4ae5274a2e87dbddd8/Environmental_Science_A_level.pdf p.13
Environmental Science,sustainability,3,3,0,final,3,One of six named areas of study is 'Sustainability'; the whole subject is about sustainable use of resources,"'Sustainability' is a named content area in Paper 2, including the circular economy; both papers are described as developing 'sustainable use of resources'.","DfE environmental science content https://assets.publishing.service.gov.uk/media/5a817b4ae5274a2e87dbddd8/Environmental_Science_A_level.pdf p.3,5","https://assets.publishing.service.gov.uk/media/5a817b4ae5274a2e87dbddd8/Environmental_Science_A_level.pdf p.3,11"
Environmental Science,commercial,1,0,1,lower,0,"Sustainable industries/resource economics touched as context, not a named commercial skill",,DfE environmental science content https://assets.publishing.service.gov.uk/media/5a817b4ae5274a2e87dbddd8/Environmental_Science_A_level.pdf p.3,
Environmental Science,leadership,0,0,0,final,0,,,,
Environmental Science,law-ethics,2,1,1,lower,1,"Legislation/protocols for habitat and species protection (e.g. trade controls) are named, assessed content",Regulation of sustainable exploitation is mentioned but is not a distinct assessed focus.,DfE environmental science content https://assets.publishing.service.gov.uk/media/5a817b4ae5274a2e87dbddd8/Environmental_Science_A_level.pdf p.6,https://assets.publishing.service.gov.uk/media/5a817b4ae5274a2e87dbddd8/Environmental_Science_A_level.pdf p.6
Environmental Science,writing,1,2,1,audit,1,Extended response questions occur but writing is not separately assessed,Both papers include an 'extended writing' question type alongside multiple choice and short answer.,"AQA A-level Environmental Science 7447 specification, Appendix B maths requirements https://www.aqa.org.uk/subjects/environmental-science/a-level/environmental-science-7447/specification/appendix-b-maths-requirements-and-examples",https://www.aqa.org.uk/subjects/environmental-science/a-level/environmental-science-7447/specification/appendix-b-maths-requirements-and-examples
Environmental Science,speaking,0,0,0,final,0,,,,
Environmental Science,languages,0,0,0,final,0,,,,
Environmental Science,care-empathy,0,0,0,final,0,,,,
Environmental Science,teamwork,0,1,1,lower,0,,Fieldwork is often done in groups but is not itself assessed as teamwork.,,
Environmental Science,customer-service,0,0,0,final,0,,,,
Environmental Science,self-management,1,1,0,final,1,Exam-only structure; fieldwork requirement does not constitute an NEA (rule 4),"Exam-only qualification (two written papers), no NEA.",DfE environmental science content https://assets.publishing.service.gov.uk/media/5a817b4ae5274a2e87dbddd8/Environmental_Science_A_level.pdf p.13,
Environmental Science,critical-thinking,2,2,0,final,2,'Investigate and critically evaluate the quality...of scientific evidence for human impact' is assessed (para 14),"Content requires 'analysis and evaluation of sustainable management' of resources, assessed via extended writing.",DfE environmental science content https://assets.publishing.service.gov.uk/media/5a817b4ae5274a2e87dbddd8/Environmental_Science_A_level.pdf p.5,https://assets.publishing.service.gov.uk/media/5a817b4ae5274a2e87dbddd8/Environmental_Science_A_level.pdf p.9
Environmental Science,problem-solving,1,2,1,lower,1,Applying scientific method to environmental problems is present but not a distinct named AO,"Aims: 'develop competence and confidence in a variety of practical, mathematical and problem solving skills related to environmental issues.'",DfE environmental science content https://assets.publishing.service.gov.uk/media/5a817b4ae5274a2e87dbddd8/Environmental_Science_A_level.pdf p.4,https://assets.publishing.service.gov.uk/media/5a817b4ae5274a2e87dbddd8/Environmental_Science_A_level.pdf p.3
Environmental Science,creativity,0,0,0,final,0,,,,
Environmental Science,content-production,0,0,0,final,0,,,,
Psychology,data-analysis,2,2,0,final,2,"Descriptive and inferential statistics are required (AS/A level, anchor A6 context) but confined to research methods, not the whole course","Research methods (compulsory, Paper 2) includes 'the collection and analysis of both quantitative and qualitative data'.",DfE science content (biology/chemistry/physics/psychology) https://assets.publishing.service.gov.uk/media/5a807949e5274a2e8ab50599/Science_AS_and_level_formatted.pdf p.16-17,https://assets.publishing.service.gov.uk/media/5a807949e5274a2e8ab50599/Science_AS_and_level_formatted.pdf p.17
Psychology,programming,0,0,0,final,0,,,,
Psychology,digital-ai,0,0,0,final,0,,,,
Psychology,cyber-security,0,0,0,final,0,,,,
Psychology,numeracy,2,2,0,final,2,At least 10% of marks require level 2+ maths for psychology (anchor A3),Appendix 6: 'at least 10% level 2 or above mathematical skills for...psychology.',DfE science content (biology/chemistry/physics/psychology) https://assets.publishing.service.gov.uk/media/5a807949e5274a2e8ab50599/Science_AS_and_level_formatted.pdf p.24,https://assets.publishing.service.gov.uk/media/5a807949e5274a2e8ab50599/Science_AS_and_level_formatted.pdf p.24
Psychology,scientific-method,2,2,0,final,2,"Design/reporting of investigations and inferential statistics required, but no required practicals/endorsement (anchor A6)","Students carry out 'ethical, investigative activities' but 'will not be directly assessed on these activities'; no required practicals or endorsement (A6 anchor).",DfE science content (biology/chemistry/physics/psychology) https://assets.publishing.service.gov.uk/media/5a807949e5274a2e8ab50599/Science_AS_and_level_formatted.pdf p.17,https://assets.publishing.service.gov.uk/media/5a807949e5274a2e8ab50599/Science_AS_and_level_formatted.pdf p.16
Psychology,engineering,0,0,0,final,0,,,,
Psychology,practical-making,0,0,0,final,0,,,,
Psychology,sustainability,0,0,0,final,0,,,,
Psychology,commercial,0,0,0,final,0,,,,
Psychology,leadership,0,0,0,final,0,,,,
Psychology,law-ethics,2,2,0,final,2,"'Ethical issues in psychology' is a required, regularly assessed content area","'Ethical issues in psychology' is named compulsory research-methods content, regularly assessed via application to studies.",DfE science content (biology/chemistry/physics/psychology) https://assets.publishing.service.gov.uk/media/5a807949e5274a2e8ab50599/Science_AS_and_level_formatted.pdf p.17,https://assets.publishing.service.gov.uk/media/5a807949e5274a2e8ab50599/Science_AS_and_level_formatted.pdf p.17
Psychology,writing,1,2,1,lower,1,Some extended-response essay questions exist but are a minority of marks,AQA 7182 assessment includes extended (e.g. 16-mark) essay questions across all three papers.,AQA A-level Psychology 7182 specification-at-a-glance https://www.aqa.org.uk/subjects/psychology/a-level/psychology-7182/specification/specification-at-a-glance,https://www.aqa.org.uk/subjects/psychology/a-level/psychology-7182/specification/specification-at-a-glance
Psychology,speaking,0,0,0,final,0,,,,
Psychology,languages,0,0,0,final,0,,,,
Psychology,care-empathy,1,1,0,final,1,"Mental health/development studied as knowledge, no caring practice (anchor A18)","Mental health/clinical psychology is studied as knowledge, not caring practice (A18 anchor).",DfE science content (biology/chemistry/physics/psychology) https://assets.publishing.service.gov.uk/media/5a807949e5274a2e8ab50599/Science_AS_and_level_formatted.pdf p.16,https://assets.publishing.service.gov.uk/media/5a807949e5274a2e8ab50599/Science_AS_and_level_formatted.pdf p.16
Psychology,teamwork,0,1,1,lower,0,,,,
Psychology,customer-service,0,0,0,final,0,,,,
Psychology,self-management,1,1,0,final,1,Exam-only course; ethical investigative activities are not directly assessed (para 50),"Exam-only qualification, investigative activities are not separately assessed.",DfE science content (biology/chemistry/physics/psychology) https://assets.publishing.service.gov.uk/media/5a807949e5274a2e8ab50599/Science_AS_and_level_formatted.pdf p.16,https://assets.publishing.service.gov.uk/media/5a807949e5274a2e8ab50599/Science_AS_and_level_formatted.pdf p.16
Psychology,critical-thinking,2,2,0,final,2,'Appreciation of issues and debates' and evaluation of theories/studies is a recurring assessed AO,'Issues and debates' (Paper 3) and evaluation of studies/methodology are a recurring assessed objective.,DfE science content (biology/chemistry/physics/psychology) https://assets.publishing.service.gov.uk/media/5a807949e5274a2e8ab50599/Science_AS_and_level_formatted.pdf p.17,https://assets.publishing.service.gov.uk/media/5a807949e5274a2e8ab50599/Science_AS_and_level_formatted.pdf p.17
Psychology,problem-solving,1,1,0,final,1,Applying theories/approaches to novel scenarios occurs but is not a distinct problem-solving AO,,DfE science content (biology/chemistry/physics/psychology) https://assets.publishing.service.gov.uk/media/5a807949e5274a2e8ab50599/Science_AS_and_level_formatted.pdf p.17,
Psychology,creativity,0,0,0,final,0,,,,
Psychology,content-production,0,0,0,final,0,,,,
Engineering,data-analysis,1,1,0,final,1,Interpreting graphs (e.g. stress-strain) occurs within Engineering Principles but is not a dedicated strand,"Unit 1 AO4 'analyse information and systems' is engineering analysis, not general data literacy.",Pearson BTEC L3 Nat. Ext. Certificate in Engineering spec https://qualifications.pearson.com/content/dam/pdf/BTEC-Nationals/Engineering/2016/specification-and-sample-assessments/spec-btec-nat-eng-extcert.pdf Unit 1,https://qualifications.pearson.com/content/dam/pdf/BTEC-Nationals/Engineering/2016/specification-and-sample-assessments/spec-btec-nat-eng-extcert.pdf p.38
Engineering,programming,0,0,0,final,0,,,,
Engineering,digital-ai,1,1,0,final,1,"Unit 2 requires 2D computer-aided drawing (CAD), a specific design tool rather than general digital literacy","Unit 2 requires 2D CAD drawing (orthographic projection, circuit diagrams) as a specific digital tool, not general digital/AI literacy.","Pearson BTEC L3 Nat. Ext. Certificate in Engineering spec https://qualifications.pearson.com/content/dam/pdf/BTEC-Nationals/Engineering/2016/specification-and-sample-assessments/spec-btec-nat-eng-extcert.pdf Unit 2, p.37-38",https://qualifications.pearson.com/content/dam/pdf/BTEC-Nationals/Engineering/2016/specification-and-sample-assessments/spec-btec-nat-eng-extcert.pdf p.47-48
Engineering,cyber-security,0,0,0,final,0,,,,
Engineering,numeracy,2,3,1,lower,2,"Unit 1 Engineering Principles (120/360 GLH=33%) is calculation-heavy (forces, circuits, mechanics)","Unit 1 (120 GLH, external, 1/3 of qual.) is algebra/trig/logs applied to engineering; AO2 'perform mathematical procedures to solve engineering problems'.",Pearson BTEC L3 Nat. Ext. Certificate in Engineering spec https://qualifications.pearson.com/content/dam/pdf/BTEC-Nationals/Engineering/2016/specification-and-sample-assessments/spec-btec-nat-eng-extcert.pdf Unit 1,https://qualifications.pearson.com/content/dam/pdf/BTEC-Nationals/Engineering/2016/specification-and-sample-assessments/spec-btec-nat-eng-extcert.pdf p.37-38
Engineering,scientific-method,1,1,0,final,1,Engineering science applies theory but has no dedicated investigation/practical-endorsement unit,"Unit 1 applies physical-science principles (Newton, Ohm, Faraday) theoretically; there is no required experimental investigation among mandatory units.",Pearson BTEC L3 Nat. Ext. Certificate in Engineering spec https://qualifications.pearson.com/content/dam/pdf/BTEC-Nationals/Engineering/2016/specification-and-sample-assessments/spec-btec-nat-eng-extcert.pdf Unit 1,https://qualifications.pearson.com/content/dam/pdf/BTEC-Nationals/Engineering/2016/specification-and-sample-assessments/spec-btec-nat-eng-extcert.pdf p.37
Engineering,engineering,3,3,0,final,3,"Units 1 and 3 (Engineering Principles + Product Design and Manufacture, 66% of GLH) are the qualification's core","The whole qualification: Unit 1 (principles), Unit 2 (processes/manufacture) and Unit 3 (product design and manufacture) are all engineering content.","Pearson BTEC L3 Nat. Ext. Certificate in Engineering spec https://qualifications.pearson.com/content/dam/pdf/BTEC-Nationals/Engineering/2016/specification-and-sample-assessments/spec-btec-nat-eng-extcert.pdf Units 1,3",https://qualifications.pearson.com/content/dam/pdf/BTEC-Nationals/Engineering/2016/specification-and-sample-assessments/spec-btec-nat-eng-extcert.pdf p.29
Engineering,practical-making,3,2,1,lower,2,"Unit 2 (team delivery of processes) and Unit 3 (manufacture of a product) together are a substantial, assessed hands-on component",Unit 2 Learning aim C: 'Carry out engineering processes safely to manufacture a product...as a team' (internally assessed).,"Pearson BTEC L3 Nat. Ext. Certificate in Engineering spec https://qualifications.pearson.com/content/dam/pdf/BTEC-Nationals/Engineering/2016/specification-and-sample-assessments/spec-btec-nat-eng-extcert.pdf Units 2-3, p.37",https://qualifications.pearson.com/content/dam/pdf/BTEC-Nationals/Engineering/2016/specification-and-sample-assessments/spec-btec-nat-eng-extcert.pdf p.48
Engineering,sustainability,1,2,1,lower,1,Materials/energy content may touch sustainability but no dedicated content found,Unit 3 names 'sustainability (carbon footprint)' and 'sustainability issues throughout the product lifecycle' as assessed design-trigger content.,Pearson BTEC L3 Nat. Ext. Certificate in Engineering spec https://qualifications.pearson.com/content/dam/pdf/BTEC-Nationals/Engineering/2016/specification-and-sample-assessments/spec-btec-nat-eng-extcert.pdf p.4,https://qualifications.pearson.com/content/dam/pdf/BTEC-Nationals/Engineering/2016/specification-and-sample-assessments/spec-btec-nat-eng-extcert.pdf p.60-61
Engineering,commercial,0,0,0,final,0,,,,
Engineering,leadership,2,2,0,final,2,Unit 2 requires learners to 'work as a team member and team leader' as assessed content (17% of GLH),Unit 2 requires learners to 'work as a team member and team leader' to deliver a batch manufacturing task.,"Pearson BTEC L3 Nat. Ext. Certificate in Engineering spec https://qualifications.pearson.com/content/dam/pdf/BTEC-Nationals/Engineering/2016/specification-and-sample-assessments/spec-btec-nat-eng-extcert.pdf Unit 2, p.37-38",https://qualifications.pearson.com/content/dam/pdf/BTEC-Nationals/Engineering/2016/specification-and-sample-assessments/spec-btec-nat-eng-extcert.pdf p.47
Engineering,law-ethics,2,2,0,final,2,"Unit 2 Learning aim A2 'Health and safety requirements' is named, assessed content","Unit 2 covers 'health and safety requirements' and 'human factors affecting performance', assessed via an individual report.","Pearson BTEC L3 Nat. Ext. Certificate in Engineering spec https://qualifications.pearson.com/content/dam/pdf/BTEC-Nationals/Engineering/2016/specification-and-sample-assessments/spec-btec-nat-eng-extcert.pdf Unit 2, p.38",https://qualifications.pearson.com/content/dam/pdf/BTEC-Nationals/Engineering/2016/specification-and-sample-assessments/spec-btec-nat-eng-extcert.pdf p.48
Engineering,writing,1,2,1,lower,1,Reports are produced for assessment but writing is not the assessed focus,Unit 2 requires a written report on engineering processes; Unit 3 AO5 requires learners to 'communicate and justify' a design solution.,Pearson BTEC L3 Nat. Ext. Certificate in Engineering spec https://qualifications.pearson.com/content/dam/pdf/BTEC-Nationals/Engineering/2016/specification-and-sample-assessments/spec-btec-nat-eng-extcert.pdf Unit 2,"https://qualifications.pearson.com/content/dam/pdf/BTEC-Nationals/Engineering/2016/specification-and-sample-assessments/spec-btec-nat-eng-extcert.pdf p.48,60"
Engineering,speaking,0,0,0,final,0,,,,
Engineering,languages,0,0,0,final,0,,,,
Engineering,care-empathy,0,0,0,final,0,,,,
Engineering,teamwork,2,2,0,final,2,"Unit 2 (60/360 GLH=17%) requires working 'as a team member and team leader' to manufacture a product, directly assessed (rule 5)","Unit 2 Learning aim C ('Principles of effective teams', 'team set-up and organisation') is assessed via a practical team manufacturing task.","Pearson BTEC L3 Nat. Ext. Certificate in Engineering spec https://qualifications.pearson.com/content/dam/pdf/BTEC-Nationals/Engineering/2016/specification-and-sample-assessments/spec-btec-nat-eng-extcert.pdf Unit 2, p.37-38",https://qualifications.pearson.com/content/dam/pdf/BTEC-Nationals/Engineering/2016/specification-and-sample-assessments/spec-btec-nat-eng-extcert.pdf p.48
Engineering,customer-service,0,0,0,final,0,,,,
Engineering,self-management,2,1,1,lower,1,"Unit 3 (33%, synoptic) is a supervised extended project with independent research (rule 4)","Unit 3 is a supervised, timetabled set task (up to 8 hours over 2 weeks), not an open self-directed extended project.",Pearson BTEC L3 Nat. Ext. Certificate in Engineering spec https://qualifications.pearson.com/content/dam/pdf/BTEC-Nationals/Engineering/2016/specification-and-sample-assessments/spec-btec-nat-eng-extcert.pdf Unit 3,https://qualifications.pearson.com/content/dam/pdf/BTEC-Nationals/Engineering/2016/specification-and-sample-assessments/spec-btec-nat-eng-extcert.pdf p.59
Engineering,critical-thinking,1,2,1,audit,1,"Evaluating engineering solutions occurs but is not a distinct, heavily-weighted AO","Unit 3 AO4: 'evaluate engineering product design ideas, manufacturing processes and other design choices.'",Pearson BTEC L3 Nat. Ext. Certificate in Engineering spec https://qualifications.pearson.com/content/dam/pdf/BTEC-Nationals/Engineering/2016/specification-and-sample-assessments/spec-btec-nat-eng-extcert.pdf Unit 1,https://qualifications.pearson.com/content/dam/pdf/BTEC-Nationals/Engineering/2016/specification-and-sample-assessments/spec-btec-nat-eng-extcert.pdf p.60
Engineering,problem-solving,3,3,0,final,3,Engineering Principles and the Unit 3 case-study design/manufacture task are centrally about solving technical problems,"Unit 1 is explicitly 'solve...engineering problems' (unit title and AO2), the qualification's largest single component.","Pearson BTEC L3 Nat. Ext. Certificate in Engineering spec https://qualifications.pearson.com/content/dam/pdf/BTEC-Nationals/Engineering/2016/specification-and-sample-assessments/spec-btec-nat-eng-extcert.pdf Units 1,3",https://qualifications.pearson.com/content/dam/pdf/BTEC-Nationals/Engineering/2016/specification-and-sample-assessments/spec-btec-nat-eng-extcert.pdf p.37-38
Engineering,creativity,2,2,0,final,2,"Unit 3 (33%) requires learners to research and design a solution to a case study, a substantial design component","Unit 3 requires an iterative design process from brief to justified solution, but within a supervised case-study task rather than an open brief.",Pearson BTEC L3 Nat. Ext. Certificate in Engineering spec https://qualifications.pearson.com/content/dam/pdf/BTEC-Nationals/Engineering/2016/specification-and-sample-assessments/spec-btec-nat-eng-extcert.pdf Unit 3,https://qualifications.pearson.com/content/dam/pdf/BTEC-Nationals/Engineering/2016/specification-and-sample-assessments/spec-btec-nat-eng-extcert.pdf p.59-60
Engineering,content-production,0,0,0,final,0,,,,
Design & Technology (Product Design),data-analysis,1,1,0,final,1,Evaluation/testing generates data but this is not a dedicated assessed strand,,DfE design and technology content https://assets.publishing.service.gov.uk/media/5a7f437eed915d74e622964d/D_and_T_A_level.pdf p.6,
Design & Technology (Product Design),programming,0,0,0,final,0,,,,
Design & Technology (Product Design),digital-ai,1,1,0,final,1,"CAD/CAM is required content (para 12) but as a design tool, not general digital-AI literacy","CAD/CAM, modelling and simulation are named content but are scored under practical-making/creativity, not general digital/AI literacy.",DfE design and technology content https://assets.publishing.service.gov.uk/media/5a7f437eed915d74e622964d/D_and_T_A_level.pdf p.5,https://assets.publishing.service.gov.uk/media/5a7f437eed915d74e622964d/D_and_T_A_level.pdf p.6
Design & Technology (Product Design),cyber-security,0,0,0,final,0,,,,
Design & Technology (Product Design),numeracy,1,1,0,final,1,"Appendix 1 requires mathematical skills in theoretical and practical contexts, but no minimum % is set (rule 2)",Costing and measurement require some maths but no DfE minimum percentage is set.,DfE design and technology content https://assets.publishing.service.gov.uk/media/5a7f437eed915d74e622964d/D_and_T_A_level.pdf p.11,
Design & Technology (Product Design),scientific-method,1,1,0,final,1,Scientific knowledge is applied to material/structural decisions but there is no required practical investigation,Materials testing is studied but there are no required practicals/endorsement as in the sciences.,DfE design and technology content https://assets.publishing.service.gov.uk/media/5a7f437eed915d74e622964d/D_and_T_A_level.pdf p.13,
Design & Technology (Product Design),engineering,1,2,1,lower,1,"Structural/mechanical principles are touched for Product Design, more central to the Design Engineering title","Structures, mechanisms and systems are assessed technical-principles content (AQA 7552 Paper 1, 30%).",DfE design and technology content https://assets.publishing.service.gov.uk/media/5a7f437eed915d74e622964d/D_and_T_A_level.pdf p.3,https://assets.publishing.service.gov.uk/media/5a7f437eed915d74e622964d/D_and_T_A_level.pdf p.4-5
Design & Technology (Product Design),practical-making,3,3,0,final,3,"NEA (50%, AQA 7552) is a substantial design-and-make project; 'work safely and skilfully to produce high-quality prototypes' (anchor A11)",'Work safely and skillfully to produce high-quality prototypes/products' (A11 anchor); AQA NEA is a substantial design-and-make project worth 50%.,"DfE design and technology content https://assets.publishing.service.gov.uk/media/5a7f437eed915d74e622964d/D_and_T_A_level.pdf p.4, AQA A-level D&T: Product Design 7552 scheme of assessment https://www.aqa.org.uk/subjects/design-and-technology/a-level/design-and-technology-7552/specification/scheme-of-assessment",https://assets.publishing.service.gov.uk/media/5a7f437eed915d74e622964d/D_and_T_A_level.pdf p.4
Design & Technology (Product Design),sustainability,2,2,0,final,2,"'Environmental factors affecting disposal...sustainability' and product life cycle are named, assessed A level content",Sustainability and life-cycle considerations are named assessed content within technical principles.,DfE design and technology content https://assets.publishing.service.gov.uk/media/5a7f437eed915d74e622964d/D_and_T_A_level.pdf p.7,https://assets.publishing.service.gov.uk/media/5a7f437eed915d74e622964d/D_and_T_A_level.pdf p.4-5
Design & Technology (Product Design),commercial,2,2,0,final,2,"'Role of marketing, enterprise, innovation and collaboration' and cost/scale of production are named A level content","'Identify market needs and opportunities', 'commercial manufacture' and market research are named assessed content (AQA Paper 2 includes a commercial-manufacture section).",DfE design and technology content https://assets.publishing.service.gov.uk/media/5a7f437eed915d74e622964d/D_and_T_A_level.pdf p.6,"https://assets.publishing.service.gov.uk/media/5a7f437eed915d74e622964d/D_and_T_A_level.pdf p.3,12"
Design & Technology (Product Design),leadership,2,2,0,final,2,"'Approaches to project management, such as critical path analysis, scrum or six sigma' is examined content (anchor A12)","'Approaches to project management, such as critical path analysis, scrum or six sigma' is examined and applied to planning the NEA (A12 anchor).",DfE design and technology content https://assets.publishing.service.gov.uk/media/5a7f437eed915d74e622964d/D_and_T_A_level.pdf p.7,https://assets.publishing.service.gov.uk/media/5a7f437eed915d74e622964d/D_and_T_A_level.pdf p.7
Design & Technology (Product Design),law-ethics,2,1,1,lower,1,"Regulatory/legislative framework for health and safety, IP/patents and BSI/ISO standards are named A level content",Workshop health and safety is required but not a distinct assessed focus.,DfE design and technology content https://assets.publishing.service.gov.uk/media/5a7f437eed915d74e622964d/D_and_T_A_level.pdf p.6-7,
Design & Technology (Product Design),writing,1,1,0,final,1,Design portfolios include written justification but writing itself is not the assessed focus,"Design portfolios include written justification, but assessment is mostly practical/photographic evidence plus short-answer exam questions.",AQA A-level D&T: Product Design 7552 scheme of assessment https://www.aqa.org.uk/subjects/design-and-technology/a-level/design-and-technology-7552/specification/scheme-of-assessment,
Design & Technology (Product Design),speaking,0,0,0,final,0,,,,
Design & Technology (Product Design),languages,0,0,0,final,0,,,,
Design & Technology (Product Design),care-empathy,0,0,0,final,0,,,,
Design & Technology (Product Design),teamwork,1,1,0,final,1,"'Work collaboratively...responding to feedback from users, peers' is an aim, not separately assessed group work (rule 5)",,DfE design and technology content https://assets.publishing.service.gov.uk/media/5a7f437eed915d74e622964d/D_and_T_A_level.pdf p.4,
Design & Technology (Product Design),customer-service,0,2,2,adjudicate,,,"'Product analysis' (user/client needs) is a named, separately assessed exam section (AQA Paper 2).",,https://assets.publishing.service.gov.uk/media/5a7f437eed915d74e622964d/D_and_T_A_level.pdf p.7
Design & Technology (Product Design),self-management,3,3,0,final,3,"NEA is 50% of the A level, a substantial design-and-make project (rule 4 explicitly names D&T's 50% NEA)",The NEA ('substantial design and make project') is 50% of the A level - meets the ≥50% self-directed-project threshold named in the rubric itself.,AQA A-level D&T: Product Design 7552 scheme of assessment https://www.aqa.org.uk/subjects/design-and-technology/a-level/design-and-technology-7552/specification/scheme-of-assessment,https://assets.publishing.service.gov.uk/media/5a7f437eed915d74e622964d/D_and_T_A_level.pdf p.4
Design & Technology (Product Design),critical-thinking,2,2,0,final,2,"'Critically analyse and evaluate their own ideas and decisions' is required, assessed content",Evaluating prototypes 'taking into account the views of potential users' is assessed content.,DfE design and technology content https://assets.publishing.service.gov.uk/media/5a7f437eed915d74e622964d/D_and_T_A_level.pdf p.7,https://assets.publishing.service.gov.uk/media/5a7f437eed915d74e622964d/D_and_T_A_level.pdf p.7
Design & Technology (Product Design),problem-solving,3,3,0,final,3,Iterative design process to solve real-world problems is central to the whole qualification and the NEA,'Applying iterative design processes...to design and make prototypes/products that solve real world problems' (A11 anchor); listed as a typical-3 subject for problem-solving.,DfE design and technology content https://assets.publishing.service.gov.uk/media/5a7f437eed915d74e622964d/D_and_T_A_level.pdf p.3-4,https://assets.publishing.service.gov.uk/media/5a7f437eed915d74e622964d/D_and_T_A_level.pdf p.3
Design & Technology (Product Design),creativity,3,3,0,final,3,'Applying iterative design processes' and NEA design-and-make project are core to the qualification (anchor A11),A11 anchor: iterative design processes are core to both content and the 50% NEA.,"DfE design and technology content https://assets.publishing.service.gov.uk/media/5a7f437eed915d74e622964d/D_and_T_A_level.pdf p.3-4, AQA A-level D&T: Product Design 7552 scheme of assessment https://www.aqa.org.uk/subjects/design-and-technology/a-level/design-and-technology-7552/specification/scheme-of-assessment",https://assets.publishing.service.gov.uk/media/5a7f437eed915d74e622964d/D_and_T_A_level.pdf p.3-4
Design & Technology (Product Design),content-production,0,0,0,final,0,,,,
Health & Social Care,data-analysis,1,1,0,final,1,Little dedicated data-analysis content across the mandatory units,,Pearson BTEC L3 Nat. Ext. Certificate in Health and Social Care spec https://qualifications.pearson.com/content/dam/pdf/BTEC-Nationals/Health-and-Social-Care/2016/specification-and-sample-assessments/9781446938003-btec-nat-excert-hsc-ag-spec-iss3c.pdf,
Health & Social Care,programming,0,0,0,final,0,,,,
Health & Social Care,digital-ai,0,0,0,final,0,,,,
Health & Social Care,cyber-security,0,0,0,final,0,,,,
Health & Social Care,numeracy,0,1,1,lower,0,,,,
Health & Social Care,scientific-method,0,1,1,lower,0,,"Anatomy and Physiology (Unit 3) is optional, not mandatory, in the Extended Certificate.",,https://qualifications.pearson.com/content/dam/pdf/BTEC-Nationals/Health-and-Social-Care/2016/specification-and-sample-assessments/9781446938003-btec-nat-excert-hsc-ag-spec-iss3c.pdf p.13
Health & Social Care,engineering,0,0,0,final,0,,,,
Health & Social Care,practical-making,0,0,0,final,0,,,,
Health & Social Care,sustainability,0,0,0,final,0,,,,
Health & Social Care,commercial,0,0,0,final,0,,,,
Health & Social Care,leadership,0,0,0,final,0,,,,
Health & Social Care,law-ethics,3,3,0,final,3,"Unit 2 (120/360 GLH=33% external) is substantially about safeguarding, safety, regulation and accountability (anchor-analogue)","Unit 5 (mandatory, synoptic, internal, 25%) covers 'ethical issues and approaches' and 'legislation and guidance'; Unit 2 covers regulation/inspection of providers.","Pearson BTEC L3 Nat. Ext. Certificate in Health and Social Care spec https://qualifications.pearson.com/content/dam/pdf/BTEC-Nationals/Health-and-Social-Care/2016/specification-and-sample-assessments/9781446938003-btec-nat-excert-hsc-ag-spec-iss3c.pdf Unit 2, p.29-30","https://qualifications.pearson.com/content/dam/pdf/BTEC-Nationals/Health-and-Social-Care/2016/specification-and-sample-assessments/9781446938003-btec-nat-excert-hsc-ag-spec-iss3c.pdf p.46,37"
Health & Social Care,writing,1,2,1,lower,1,"Written scenario-based exam responses required, but not extended essay-style writing",Unit 2 is assessed via an exam with short and long-answer (up to 8-mark) questions; Unit 5 via written case-study reports.,Pearson BTEC L3 Nat. Ext. Certificate in Health and Social Care spec https://qualifications.pearson.com/content/dam/pdf/BTEC-Nationals/Health-and-Social-Care/2016/specification-and-sample-assessments/9781446938003-btec-nat-excert-hsc-ag-spec-iss3c.pdf Units 1-2,https://qualifications.pearson.com/content/dam/pdf/BTEC-Nationals/Health-and-Social-Care/2016/specification-and-sample-assessments/9781446938003-btec-nat-excert-hsc-ag-spec-iss3c.pdf p.37
Health & Social Care,speaking,0,1,1,lower,0,,"Communication techniques are studied as content (Unit 5C) but are assessed only through written case-study reports, not live interaction.",,https://qualifications.pearson.com/content/dam/pdf/BTEC-Nationals/Health-and-Social-Care/2016/specification-and-sample-assessments/9781446938003-btec-nat-excert-hsc-ag-spec-iss3c.pdf p.46
Health & Social Care,languages,0,0,0,final,0,,,,
Health & Social Care,care-empathy,3,3,0,final,3,Unit 5 (25% internal) content 'Empathy and establishing trust with individuals' assesses care values directly (anchor A18 comparison),"Unit 5 Learning aim A: 'Empathy and establishing trust with individuals', assessed via a report responding to case studies of individuals of different ages.","Pearson BTEC L3 Nat. Ext. Certificate in Health and Social Care spec https://qualifications.pearson.com/content/dam/pdf/BTEC-Nationals/Health-and-Social-Care/2016/specification-and-sample-assessments/9781446938003-btec-nat-excert-hsc-ag-spec-iss3c.pdf Unit 5, p.38",https://qualifications.pearson.com/content/dam/pdf/BTEC-Nationals/Health-and-Social-Care/2016/specification-and-sample-assessments/9781446938003-btec-nat-excert-hsc-ag-spec-iss3c.pdf p.46
Health & Social Care,teamwork,1,1,0,final,1,"Unit 5 covers multi-agency working as knowledge, not the student's own assessed collaboration (rule 5)","Multi-agency/multidisciplinary working is assessed as knowledge (Unit 2 AO4), not as performed group work.",Pearson BTEC L3 Nat. Ext. Certificate in Health and Social Care spec https://qualifications.pearson.com/content/dam/pdf/BTEC-Nationals/Health-and-Social-Care/2016/specification-and-sample-assessments/9781446938003-btec-nat-excert-hsc-ag-spec-iss3c.pdf Unit 5,https://qualifications.pearson.com/content/dam/pdf/BTEC-Nationals/Health-and-Social-Care/2016/specification-and-sample-assessments/9781446938003-btec-nat-excert-hsc-ag-spec-iss3c.pdf p.37
Health & Social Care,customer-service,2,2,0,final,2,Units 2 and 5 assess responsibilities towards service users/individuals seeking care and support as a core vocational context,Unit 2 AO1/AO2 directly assess 'knowledge of service user needs' and 'understanding of service user needs...and working practices'.,"Pearson BTEC L3 Nat. Ext. Certificate in Health and Social Care spec https://qualifications.pearson.com/content/dam/pdf/BTEC-Nationals/Health-and-Social-Care/2016/specification-and-sample-assessments/9781446938003-btec-nat-excert-hsc-ag-spec-iss3c.pdf Unit 2, p.29-30",https://qualifications.pearson.com/content/dam/pdf/BTEC-Nationals/Health-and-Social-Care/2016/specification-and-sample-assessments/9781446938003-btec-nat-excert-hsc-ag-spec-iss3c.pdf p.37
Health & Social Care,self-management,2,1,1,lower,1,Unit 5 (90/360 GLH=25% internal) is a self-directed report responding to case studies (rule 4),No substantial self-directed project; Unit 5's synoptic report is a shorter internally-assessed task.,"Pearson BTEC L3 Nat. Ext. Certificate in Health and Social Care spec https://qualifications.pearson.com/content/dam/pdf/BTEC-Nationals/Health-and-Social-Care/2016/specification-and-sample-assessments/9781446938003-btec-nat-excert-hsc-ag-spec-iss3c.pdf Unit 5, p.37",
Health & Social Care,critical-thinking,2,2,0,final,2,AO3 'analyse and evaluate information' is assessed across Units 1 and 2,"Unit 2 AO3/AO4 require learners to 'analyse and evaluate' and 'make connections' between roles, regulation and multidisciplinary working.",Pearson BTEC L3 Nat. Ext. Certificate in Health and Social Care spec https://qualifications.pearson.com/content/dam/pdf/BTEC-Nationals/Health-and-Social-Care/2016/specification-and-sample-assessments/9781446938003-btec-nat-excert-hsc-ag-spec-iss3c.pdf Units 1-2,https://qualifications.pearson.com/content/dam/pdf/BTEC-Nationals/Health-and-Social-Care/2016/specification-and-sample-assessments/9781446938003-btec-nat-excert-hsc-ag-spec-iss3c.pdf p.37
Health & Social Care,problem-solving,1,1,0,final,1,Working through care scenarios to identify appropriate support is present but not a distinct AO,"Unit 5C ('enabling individuals to overcome challenges') is care-specific, not general problem solving.",Pearson BTEC L3 Nat. Ext. Certificate in Health and Social Care spec https://qualifications.pearson.com/content/dam/pdf/BTEC-Nationals/Health-and-Social-Care/2016/specification-and-sample-assessments/9781446938003-btec-nat-excert-hsc-ag-spec-iss3c.pdf Unit 5,
Health & Social Care,creativity,0,0,0,final,0,,,,
Health & Social Care,content-production,0,0,0,final,0,,,,
Construction & the Built Environment,data-analysis,1,1,0,final,1,"Some calculation/graph interpretation in Unit 1, not a dedicated analysis strand",,Pearson BTEC L3 Nat. Ext. Certificate in Construction and the Built Environment spec https://qualifications.pearson.com/content/dam/pdf/BTEC-Nationals/Construction-and-the-Built-Environment/2017/specification/btec-l3-nat-ext-cert-in-const-and-the-built-environ-spec.pdf Unit 1,
Construction & the Built Environment,programming,0,0,0,final,0,,,,
Construction & the Built Environment,digital-ai,1,1,0,final,1,"Unit 2 requires sketching and CAD for design, a specific design tool","Unit 2 uses CAD as a specific design tool, not general digital/AI literacy.","Pearson BTEC L3 Nat. Ext. Certificate in Construction and the Built Environment spec https://qualifications.pearson.com/content/dam/pdf/BTEC-Nationals/Construction-and-the-Built-Environment/2017/specification/btec-l3-nat-ext-cert-in-const-and-the-built-environ-spec.pdf Unit 2, p.35",https://qualifications.pearson.com/content/dam/pdf/BTEC-Nationals/Construction-and-the-Built-Environment/2017/specification/btec-l3-nat-ext-cert-in-const-and-the-built-environ-spec.pdf p.43
Construction & the Built Environment,cyber-security,0,0,0,final,0,,,,
Construction & the Built Environment,numeracy,2,3,1,lower,2,Unit 1 Construction Principles (120/360 GLH=33%) is explicitly assessed on 'application of mathematics in construction contexts',"Unit 1: Construction Principles (120 GLH, external, one-third of qualification) requires 'mathematical and statistical techniques' to calculate how materials behave under forces/loads.","Pearson BTEC L3 Nat. Ext. Certificate in Construction and the Built Environment spec https://qualifications.pearson.com/content/dam/pdf/BTEC-Nationals/Construction-and-the-Built-Environment/2017/specification/btec-l3-nat-ext-cert-in-const-and-the-built-environ-spec.pdf Unit 1, p.23-24",https://qualifications.pearson.com/content/dam/pdf/BTEC-Nationals/Construction-and-the-Built-Environment/2017/specification/btec-l3-nat-ext-cert-in-const-and-the-built-environ-spec.pdf p.31
Construction & the Built Environment,scientific-method,1,1,0,final,1,Unit 1 applies scientific knowledge to materials/comfort but there is no investigation/practical component,"Unit 1 applies scientific principles (heat loss, materials degradation) theoretically via written exam; there is no required experimental investigation.","Pearson BTEC L3 Nat. Ext. Certificate in Construction and the Built Environment spec https://qualifications.pearson.com/content/dam/pdf/BTEC-Nationals/Construction-and-the-Built-Environment/2017/specification/btec-l3-nat-ext-cert-in-const-and-the-built-environ-spec.pdf Unit 1, p.23",https://qualifications.pearson.com/content/dam/pdf/BTEC-Nationals/Construction-and-the-Built-Environment/2017/specification/btec-l3-nat-ext-cert-in-const-and-the-built-environ-spec.pdf p.31
Construction & the Built Environment,engineering,1,3,2,adjudicate,,Structural forces/materials behaviour are covered but engineering design itself is not assessed,Unit 1 requires applying mathematical principles to calculate how materials behave 'under the action of forces or loads when used as structural members'.,"Pearson BTEC L3 Nat. Ext. Certificate in Construction and the Built Environment spec https://qualifications.pearson.com/content/dam/pdf/BTEC-Nationals/Construction-and-the-Built-Environment/2017/specification/btec-l3-nat-ext-cert-in-const-and-the-built-environ-spec.pdf Unit 1, p.23",https://qualifications.pearson.com/content/dam/pdf/BTEC-Nationals/Construction-and-the-Built-Environment/2017/specification/btec-l3-nat-ext-cert-in-const-and-the-built-environ-spec.pdf p.31
Construction & the Built Environment,practical-making,1,1,0,final,1,The qualification is knowledge/design-based; no dedicated hands-on site-building component is assessed,"The four mandatory units are assessed via written exam, a supervised design task, or internal coursework about construction methods, not hands-on building.",Pearson BTEC L3 Nat. Ext. Certificate in Construction and the Built Environment spec https://qualifications.pearson.com/content/dam/pdf/BTEC-Nationals/Construction-and-the-Built-Environment/2017/specification/btec-l3-nat-ext-cert-in-const-and-the-built-environ-spec.pdf,
Construction & the Built Environment,sustainability,2,1,1,lower,1,Design and technology units cover sustainable low-rise construction and life-cycle considerations,Materials degradation/lifecycle is touched on in Unit 1 but sustainability is not a named core content area in the mandatory units.,"Pearson BTEC L3 Nat. Ext. Certificate in Construction and the Built Environment spec https://qualifications.pearson.com/content/dam/pdf/BTEC-Nationals/Construction-and-the-Built-Environment/2017/specification/btec-l3-nat-ext-cert-in-const-and-the-built-environ-spec.pdf Units 2,4",
Construction & the Built Environment,commercial,1,1,0,final,1,Client requirements and cost are touched in Unit 2 design content but there is no dedicated financial unit in this Extended Certificate,"Unit 2 requires designs to meet 'client requirements', a minor commercial-awareness element.",Pearson BTEC L3 Nat. Ext. Certificate in Construction and the Built Environment spec https://qualifications.pearson.com/content/dam/pdf/BTEC-Nationals/Construction-and-the-Built-Environment/2017/specification/btec-l3-nat-ext-cert-in-const-and-the-built-environ-spec.pdf Unit 2,https://qualifications.pearson.com/content/dam/pdf/BTEC-Nationals/Construction-and-the-Built-Environment/2017/specification/btec-l3-nat-ext-cert-in-const-and-the-built-environ-spec.pdf p.43
Construction & the Built Environment,leadership,0,0,0,final,0,,,,
Construction & the Built Environment,law-ethics,2,2,0,final,2,"Unit 5 (60/360 GLH=17%, internal) is wholly about UK health and safety legislation for construction","Unit 5: Health and Safety in Construction (internal, 60 GLH) requires learners to apply UK legislation/regulations to design a safe system of work.","Pearson BTEC L3 Nat. Ext. Certificate in Construction and the Built Environment spec https://qualifications.pearson.com/content/dam/pdf/BTEC-Nationals/Construction-and-the-Built-Environment/2017/specification/btec-l3-nat-ext-cert-in-const-and-the-built-environ-spec.pdf Unit 5, p.57-58",https://qualifications.pearson.com/content/dam/pdf/BTEC-Nationals/Construction-and-the-Built-Environment/2017/specification/btec-l3-nat-ext-cert-in-const-and-the-built-environ-spec.pdf p.65
Construction & the Built Environment,writing,1,2,1,audit,1,Reports to a client are required (e.g. Unit 4) but are structured/short rather than extended argument,Unit 5 requires a written safe system of work; Unit 2's supervised task requires justified written design proposals.,"Pearson BTEC L3 Nat. Ext. Certificate in Construction and the Built Environment spec https://qualifications.pearson.com/content/dam/pdf/BTEC-Nationals/Construction-and-the-Built-Environment/2017/specification/btec-l3-nat-ext-cert-in-const-and-the-built-environ-spec.pdf Unit 4, p.48","https://qualifications.pearson.com/content/dam/pdf/BTEC-Nationals/Construction-and-the-Built-Environment/2017/specification/btec-l3-nat-ext-cert-in-const-and-the-built-environ-spec.pdf p.65,43"
Construction & the Built Environment,speaking,0,0,0,final,0,,,,
Construction & the Built Environment,languages,0,0,0,final,0,,,,
Construction & the Built Environment,care-empathy,0,0,0,final,0,,,,
Construction & the Built Environment,teamwork,1,1,0,final,1,"Built-environment teamwork is described as sector knowledge, not the student's own assessed collaboration (rule 5)","Unit 2 notes that construction 'requires input from a team of built environment professionals' as knowledge, not assessed group work.","Pearson BTEC L3 Nat. Ext. Certificate in Construction and the Built Environment spec https://qualifications.pearson.com/content/dam/pdf/BTEC-Nationals/Construction-and-the-Built-Environment/2017/specification/btec-l3-nat-ext-cert-in-const-and-the-built-environ-spec.pdf Unit 2, p.35",https://qualifications.pearson.com/content/dam/pdf/BTEC-Nationals/Construction-and-the-Built-Environment/2017/specification/btec-l3-nat-ext-cert-in-const-and-the-built-environ-spec.pdf p.43
Construction & the Built Environment,customer-service,1,1,0,final,1,"Meeting 'client requirements' is central to Unit 2's design brief, a professional/B2B context","Client requirements are considered in Unit 2's design task, a minor element.","Pearson BTEC L3 Nat. Ext. Certificate in Construction and the Built Environment spec https://qualifications.pearson.com/content/dam/pdf/BTEC-Nationals/Construction-and-the-Built-Environment/2017/specification/btec-l3-nat-ext-cert-in-const-and-the-built-environ-spec.pdf Unit 2, p.35",https://qualifications.pearson.com/content/dam/pdf/BTEC-Nationals/Construction-and-the-Built-Environment/2017/specification/btec-l3-nat-ext-cert-in-const-and-the-built-environ-spec.pdf p.43
Construction & the Built Environment,self-management,2,1,1,lower,1,"Unit 2 (33%, synoptic) is a supervised extended task preceded by independent research (rule 4)",Unit 2 is a supervised set task (up to 12 hours over 2 weeks) rather than an open self-directed project.,"Pearson BTEC L3 Nat. Ext. Certificate in Construction and the Built Environment spec https://qualifications.pearson.com/content/dam/pdf/BTEC-Nationals/Construction-and-the-Built-Environment/2017/specification/btec-l3-nat-ext-cert-in-const-and-the-built-environ-spec.pdf Unit 2, p.35",https://qualifications.pearson.com/content/dam/pdf/BTEC-Nationals/Construction-and-the-Built-Environment/2017/specification/btec-l3-nat-ext-cert-in-const-and-the-built-environ-spec.pdf p.43
Construction & the Built Environment,critical-thinking,2,2,0,final,2,AO3 'analyse and evaluate information...to recommend and justify' technologies/methods is assessed in Unit 1,Unit 1 requires learners to 'draw conclusions regarding whether a material is fit for purpose'; Unit 2 requires evaluating design choices.,"Pearson BTEC L3 Nat. Ext. Certificate in Construction and the Built Environment spec https://qualifications.pearson.com/content/dam/pdf/BTEC-Nationals/Construction-and-the-Built-Environment/2017/specification/btec-l3-nat-ext-cert-in-const-and-the-built-environ-spec.pdf Unit 1, p.24",https://qualifications.pearson.com/content/dam/pdf/BTEC-Nationals/Construction-and-the-Built-Environment/2017/specification/btec-l3-nat-ext-cert-in-const-and-the-built-environ-spec.pdf p.31
Construction & the Built Environment,problem-solving,2,2,0,final,2,Unit 1 develops skills to 'solve a variety of practical construction problems' using science and maths,Unit 1: 'develop the skills needed to solve a variety of practical construction problems by applying scientific knowledge...mathematical...techniques.',"Pearson BTEC L3 Nat. Ext. Certificate in Construction and the Built Environment spec https://qualifications.pearson.com/content/dam/pdf/BTEC-Nationals/Construction-and-the-Built-Environment/2017/specification/btec-l3-nat-ext-cert-in-const-and-the-built-environ-spec.pdf Unit 1, p.23",https://qualifications.pearson.com/content/dam/pdf/BTEC-Nationals/Construction-and-the-Built-Environment/2017/specification/btec-l3-nat-ext-cert-in-const-and-the-built-environ-spec.pdf p.31
Construction & the Built Environment,creativity,2,2,0,final,2,Unit 2 (33%) requires producing designs to meet client requirements using CAD/sketching,Unit 2: Construction Design requires an iterative design/sketching/CAD process to meet client requirements under supervised conditions.,"Pearson BTEC L3 Nat. Ext. Certificate in Construction and the Built Environment spec https://qualifications.pearson.com/content/dam/pdf/BTEC-Nationals/Construction-and-the-Built-Environment/2017/specification/btec-l3-nat-ext-cert-in-const-and-the-built-environ-spec.pdf Unit 2, p.35",https://qualifications.pearson.com/content/dam/pdf/BTEC-Nationals/Construction-and-the-Built-Environment/2017/specification/btec-l3-nat-ext-cert-in-const-and-the-built-environ-spec.pdf p.43
Construction & the Built Environment,content-production,0,0,0,final,0,,,,
Business Studies,data-analysis,2,2,0,final,2,"'Business analysis' area of study names data analysis, forecasting and market analysis as core content","Paper 2 is structured as three compulsory data-response questions, each based on given business data.",DfE business content https://assets.publishing.service.gov.uk/media/5a7ec510ed915d74e33f24ee/A_level_business_subject_content.pdf p.4,https://www.aqa.org.uk/subjects/business/a-level/business-7132/specification/specification-at-a-glance
Business Studies,programming,0,0,0,final,0,,,,
Business Studies,digital-ai,1,1,0,final,1,"Technological factors are named as an external influence, a minor sub-point",Digital/e-commerce content is touched on within marketing/operations but is not a distinct assessed strand.,DfE business content https://assets.publishing.service.gov.uk/media/5a7ec510ed915d74e33f24ee/A_level_business_subject_content.pdf p.4,
Business Studies,cyber-security,0,0,0,final,0,,,,
Business Studies,numeracy,2,2,0,final,2,Quantitative skills assessed at a minimum of 10% of AS and A level marks (anchor A14),'The assessment of quantitative skills will include at least level 2...as a minimum of 10% of the overall A level marks.' (A14 anchor).,DfE business content https://assets.publishing.service.gov.uk/media/5a7ec510ed915d74e33f24ee/A_level_business_subject_content.pdf p.5,https://assets.publishing.service.gov.uk/media/5a7ec510ed915d74e33f24ee/A_level_business_subject_content.pdf p.5
Business Studies,scientific-method,0,0,0,final,0,,,,
Business Studies,engineering,0,0,0,final,0,,,,
Business Studies,practical-making,0,0,0,final,0,No practical-making content (anchor A14),No practical/making component (A14 anchor).,DfE business content https://assets.publishing.service.gov.uk/media/5a7ec510ed915d74e33f24ee/A_level_business_subject_content.pdf p.2-4,
Business Studies,sustainability,1,0,1,lower,0,"'Ethical, legal and environmental issues' is a named sub-point under external influences",,DfE business content https://assets.publishing.service.gov.uk/media/5a7ec510ed915d74e33f24ee/A_level_business_subject_content.pdf p.4,
Business Studies,commercial,3,3,0,final,3,"The whole content is marketing, finance, operations and people across three equally-weighted papers (anchor A14)","The DfE content is marketing, finance, operations and people/strategy across three equally-weighted papers (A14 anchor).",DfE business content https://assets.publishing.service.gov.uk/media/5a7ec510ed915d74e33f24ee/A_level_business_subject_content.pdf p.2-4,https://assets.publishing.service.gov.uk/media/5a7ec510ed915d74e33f24ee/A_level_business_subject_content.pdf p.2-4
Business Studies,leadership,2,2,0,final,2,"Motivation and leadership are examined via case studies (anchor A14, rule 1)",Management/motivation theories are examined and applied to case studies (rule 1 cap; A14 anchor).,DfE business content https://assets.publishing.service.gov.uk/media/5a7ec510ed915d74e33f24ee/A_level_business_subject_content.pdf p.2-3,https://assets.publishing.service.gov.uk/media/5a7ec510ed915d74e33f24ee/A_level_business_subject_content.pdf p.4
Business Studies,law-ethics,2,2,0,final,2,"'Ethical dilemmas and responsibilities' and legal/regulatory external influences are named, assessed content","'Ethical, legal and environmental issues' is a named content area within the external environment topic.","DfE business content https://assets.publishing.service.gov.uk/media/5a7ec510ed915d74e33f24ee/A_level_business_subject_content.pdf p.2,4",https://assets.publishing.service.gov.uk/media/5a7ec510ed915d74e33f24ee/A_level_business_subject_content.pdf p.4
Business Studies,writing,2,2,0,final,2,Extended written analysis/evaluation questions (typically 20-25 marks) are a substantial assessed component,Papers 1 and 3 include extended essay-style questions (up to 25 marks) alongside data response.,DfE business content https://assets.publishing.service.gov.uk/media/5a7ec510ed915d74e33f24ee/A_level_business_subject_content.pdf p.2,https://www.aqa.org.uk/subjects/business/a-level/business-7132/specification/specification-at-a-glance
Business Studies,speaking,0,0,0,final,0,,,,
Business Studies,languages,0,0,0,final,0,,,,
Business Studies,care-empathy,0,0,0,final,0,,,,
Business Studies,teamwork,1,1,0,final,1,"People-in-organisations content covers teamwork theory, not the student's own assessed collaboration (rule 1/5)","Motivation/team theories are studied as knowledge, not assessed group work.",DfE business content https://assets.publishing.service.gov.uk/media/5a7ec510ed915d74e33f24ee/A_level_business_subject_content.pdf p.2,
Business Studies,customer-service,2,2,0,final,2,'Identifying and anticipating customer needs' recurs across marketing content in both AS and A level cores,"Marketing content (understanding customer needs, market research) is a named, regularly assessed topic.",DfE business content https://assets.publishing.service.gov.uk/media/5a7ec510ed915d74e33f24ee/A_level_business_subject_content.pdf p.2-3,https://assets.publishing.service.gov.uk/media/5a7ec510ed915d74e33f24ee/A_level_business_subject_content.pdf p.2
Business Studies,self-management,1,1,0,final,1,"Exam-only course, no NEA (rule 4)","Exam-only qualification (three written papers), no NEA.",DfE business content https://assets.publishing.service.gov.uk/media/5a7ec510ed915d74e33f24ee/A_level_business_subject_content.pdf p.4,https://www.aqa.org.uk/subjects/business/a-level/business-7132/specification/specification-at-a-glance
Business Studies,critical-thinking,2,2,0,final,2,"'Investigate, analyse and evaluate business opportunities and problems' and critical analysis are named aims",AO4 evaluation of strategic decisions using case-study data is a substantial part of every paper.,"DfE business content https://assets.publishing.service.gov.uk/media/5a7ec510ed915d74e33f24ee/A_level_business_subject_content.pdf p.1,2",https://www.aqa.org.uk/subjects/business/a-level/business-7132/specification/specification-at-a-glance
Business Studies,problem-solving,2,1,1,lower,1,"'Decision making' is a named content area within Business analysis, and 'challenging of assumptions' is an aim",,"DfE business content https://assets.publishing.service.gov.uk/media/5a7ec510ed915d74e33f24ee/A_level_business_subject_content.pdf p.1,4",
Business Studies,creativity,1,1,0,final,1,"'Generate enterprising and creative approaches to business opportunities' is an aim, not heavily assessed",Enterprise/innovation is studied as a topic within marketing/entrepreneurship content.,DfE business content https://assets.publishing.service.gov.uk/media/5a7ec510ed915d74e33f24ee/A_level_business_subject_content.pdf p.1,
Business Studies,content-production,0,0,0,final,0,,,,
Economics,data-analysis,2,2,0,final,2,"'Analytical and quantitative skills in selecting, interpreting and using...data' is an assessed skill throughout",Each paper includes a data-response section based on given statistics/tables.,DfE economics content https://assets.publishing.service.gov.uk/media/5a75c42540f0b6488c78ecb5/A_level_economics_subject_content.pdf p.2,https://www.aqa.org.uk/subjects/economics/a-level/economics-7136/specification/specification-at-a-glance
Economics,programming,0,0,0,final,0,,,,
Economics,digital-ai,0,0,0,final,0,,,,
Economics,cyber-security,0,0,0,final,0,,,,
Economics,numeracy,2,2,0,final,2,Quantitative skills assessed at a minimum of 20% of A level marks (rule 2),'Quantitative skills will include at least Level 2...a minimum of...20% of the overall A level marks' (10-39% band).,DfE economics content https://assets.publishing.service.gov.uk/media/5a75c42540f0b6488c78ecb5/A_level_economics_subject_content.pdf p.5,https://assets.publishing.service.gov.uk/media/5a75c42540f0b6488c78ecb5/A_level_economics_subject_content.pdf p.5
Economics,scientific-method,0,0,0,final,0,,,,
Economics,engineering,0,0,0,final,0,,,,
Economics,practical-making,0,0,0,final,0,,,,
Economics,sustainability,1,2,1,lower,1,"Externalities/environmental change appear under market failure, a named sub-point only","'Market failure and government intervention', including externalities, is a named compulsory content area.",DfE economics content https://assets.publishing.service.gov.uk/media/5a75c42540f0b6488c78ecb5/A_level_economics_subject_content.pdf p.3,https://assets.publishing.service.gov.uk/media/5a75c42540f0b6488c78ecb5/A_level_economics_subject_content.pdf p.3
Economics,commercial,2,2,0,final,2,"Market structures, firms and pricing are core content, though theoretical rather than applied business practice","'Competition and market power: Business objectives' and firm interdependence are named, regularly assessed content.",DfE economics content https://assets.publishing.service.gov.uk/media/5a75c42540f0b6488c78ecb5/A_level_economics_subject_content.pdf p.2-3,https://assets.publishing.service.gov.uk/media/5a75c42540f0b6488c78ecb5/A_level_economics_subject_content.pdf p.3
Economics,leadership,0,0,0,final,0,,,,
Economics,law-ethics,1,1,0,final,1,"Government intervention/regulation is covered as policy, not compliance/safety content","Government regulation/intervention is studied as policy content, not law/ethics specifically.",DfE economics content https://assets.publishing.service.gov.uk/media/5a75c42540f0b6488c78ecb5/A_level_economics_subject_content.pdf p.3-4,
Economics,writing,2,2,0,final,2,Extended essay questions (~25 marks) evaluating economic arguments are a substantial assessed component,"Every paper includes an essay section (choice of 1 from 3), each worth up to 25 marks.",DfE economics content https://assets.publishing.service.gov.uk/media/5a75c42540f0b6488c78ecb5/A_level_economics_subject_content.pdf p.2,https://www.aqa.org.uk/subjects/economics/a-level/economics-7136/specification/specification-at-a-glance
Economics,speaking,0,0,0,final,0,,,,
Economics,languages,0,0,0,final,0,,,,
Economics,care-empathy,0,0,0,final,0,,,,
Economics,teamwork,0,0,0,final,0,,,,
Economics,customer-service,0,0,0,final,0,,,,
Economics,self-management,1,1,0,final,1,"Exam-only course, no NEA (rule 4)","Exam-only qualification (three written papers), no NEA.",DfE economics content https://assets.publishing.service.gov.uk/media/5a75c42540f0b6488c78ecb5/A_level_economics_subject_content.pdf p.2,https://www.aqa.org.uk/subjects/economics/a-level/economics-7136/specification/specification-at-a-glance
Economics,critical-thinking,2,2,0,final,2,'Critical consideration of current economic issues' and evaluating models/policy are recurring assessed AOs,"Evaluation of competing economic arguments and policies is an explicit, heavily-weighted assessment objective.",DfE economics content https://assets.publishing.service.gov.uk/media/5a75c42540f0b6488c78ecb5/A_level_economics_subject_content.pdf p.1-2,https://www.aqa.org.uk/subjects/economics/a-level/economics-7136/specification/specification-at-a-glance
Economics,problem-solving,1,1,0,final,1,Applying models to analyse economic problems occurs but is not a distinct named AO,,DfE economics content https://assets.publishing.service.gov.uk/media/5a75c42540f0b6488c78ecb5/A_level_economics_subject_content.pdf p.2,
Economics,creativity,0,0,0,final,0,,,,
Economics,content-production,0,0,0,final,0,,,,
Accounting,data-analysis,1,2,1,lower,1,Ratio/financial-statement interpretation is present but sits mainly under numeracy/commercial,'Calculation and interpretation of financial measures and ratios' and variance analysis are regularly assessed content.,DfE accounting content https://assets.publishing.service.gov.uk/media/5a757b46e5274a1622e22221/Accounting_AS_A_level_subject_content.pdf p.9,https://assets.publishing.service.gov.uk/media/5a757b46e5274a1622e22221/Accounting_AS_A_level_subject_content.pdf p.9-10
Accounting,programming,0,0,0,final,0,,,,
Accounting,digital-ai,1,0,1,lower,0,"'Systems for recording accounting data' is mentioned generically, not assessed digital literacy",,DfE accounting content https://assets.publishing.service.gov.uk/media/5a757b46e5274a1622e22221/Accounting_AS_A_level_subject_content.pdf p.8,
Accounting,cyber-security,0,0,0,final,0,,,,
Accounting,numeracy,3,3,0,final,3,"Double-entry bookkeeping, ratios, budgeting, variance and investment appraisal calculations pervade the whole qualification","The whole content is quantitative: double-entry, ratios, budgeting, variance analysis and investment appraisal calculations.",DfE accounting content https://assets.publishing.service.gov.uk/media/5a757b46e5274a1622e22221/Accounting_AS_A_level_subject_content.pdf p.4-10,https://assets.publishing.service.gov.uk/media/5a757b46e5274a1622e22221/Accounting_AS_A_level_subject_content.pdf p.10-11
Accounting,scientific-method,0,0,0,final,0,,,,
Accounting,engineering,0,0,0,final,0,,,,
Accounting,practical-making,0,0,0,final,0,,,,
Accounting,sustainability,1,0,1,lower,0,"'Impact...on stakeholders, the local and national economy and the environment' is a minor sub-point",,DfE accounting content https://assets.publishing.service.gov.uk/media/5a757b46e5274a1622e22221/Accounting_AS_A_level_subject_content.pdf p.8,
Accounting,commercial,2,3,1,lower,2,'Commercial acumen and financial awareness' is a named aim; core content is costs/finance rather than markets/sales,The whole qualification is recording and interpreting financial information to support business decisions across 18 content sections.,DfE accounting content https://assets.publishing.service.gov.uk/media/5a757b46e5274a1622e22221/Accounting_AS_A_level_subject_content.pdf p.3,https://assets.publishing.service.gov.uk/media/5a757b46e5274a1622e22221/Accounting_AS_A_level_subject_content.pdf p.4-11
Accounting,leadership,0,1,1,lower,0,,"Budgets are used 'in planning and control', a minor management-adjacent element.",,
Accounting,law-ethics,2,2,0,final,2,"'The impact of ethical considerations' and legal/regulatory requirements form a named, assessed content area",'The impact of ethical considerations' is a named content area: 'analyse situations to identify ethical considerations and suggest appropriate courses of action.',DfE accounting content https://assets.publishing.service.gov.uk/media/5a757b46e5274a1622e22221/Accounting_AS_A_level_subject_content.pdf p.9-10,"https://assets.publishing.service.gov.uk/media/5a757b46e5274a1622e22221/Accounting_AS_A_level_subject_content.pdf p.8,10"
Accounting,writing,1,1,0,final,1,Written evaluation of financial information is required but calculation dominates assessment,"Assessment is predominantly numerical/calculation-based with short evaluative comment, not extended writing.",DfE accounting content https://assets.publishing.service.gov.uk/media/5a757b46e5274a1622e22221/Accounting_AS_A_level_subject_content.pdf p.9,
Accounting,speaking,0,0,0,final,0,,,,
Accounting,languages,0,0,0,final,0,,,,
Accounting,care-empathy,0,0,0,final,0,,,,
Accounting,teamwork,0,0,0,final,0,,,,
Accounting,customer-service,0,0,0,final,0,,,,
Accounting,self-management,1,1,0,final,1,"Exam-only course, no NEA (rule 4)","Exam-only qualification (two written papers), no NEA.",DfE accounting content https://assets.publishing.service.gov.uk/media/5a757b46e5274a1622e22221/Accounting_AS_A_level_subject_content.pdf p.3,https://www.aqa.org.uk/subjects/accounting/a-level/accounting-7127/specification/specification-at-a-glance
Accounting,critical-thinking,2,2,0,final,2,'Evaluate the benefits and limitations of' financial statements/systems recurs as an assessed skill,'Interpretation and evaluation of budgets' and financial performance is a recurring assessed objective.,DfE accounting content https://assets.publishing.service.gov.uk/media/5a757b46e5274a1622e22221/Accounting_AS_A_level_subject_content.pdf p.9-10,https://assets.publishing.service.gov.uk/media/5a757b46e5274a1622e22221/Accounting_AS_A_level_subject_content.pdf p.9
Accounting,problem-solving,2,1,1,audit,1,"'Develop the ability to solve problems logically, analyse data methodically' is a named aim",,DfE accounting content https://assets.publishing.service.gov.uk/media/5a757b46e5274a1622e22221/Accounting_AS_A_level_subject_content.pdf p.3,
Accounting,creativity,0,0,0,final,0,,,,
Accounting,content-production,0,0,0,final,0,,,,
Law,data-analysis,0,0,0,final,0,,,,
Law,programming,0,0,0,final,0,,,,
Law,digital-ai,0,0,0,final,0,,,,
Law,cyber-security,0,0,0,final,0,,,,
Law,numeracy,0,0,0,final,0,,,,
Law,scientific-method,0,0,0,final,0,,,,
Law,engineering,0,0,0,final,0,,,,
Law,practical-making,0,0,0,final,0,,,,
Law,sustainability,0,0,0,final,0,,,,
Law,commercial,1,1,0,final,1,"Law of contract touches business transactions, a minor sub-point","Contract law touches business transactions but this is legal analysis, not commercial awareness.",DfE law content (2022) https://assets.publishing.service.gov.uk/media/6287a72e8fa8f55624b69c75/GCE_subject_content_law_May_2022.pdf p.4,
Law,leadership,0,0,0,final,0,,,,
Law,law-ethics,3,3,0,final,3,"The qualification is definitionally about law, regulation and (for public law) ethics/justice (rule: subject is the skill)","The whole qualification: nature of law, English legal system, private and public law.",DfE law content (2022) https://assets.publishing.service.gov.uk/media/6287a72e8fa8f55624b69c75/GCE_subject_content_law_May_2022.pdf p.3-6,https://assets.publishing.service.gov.uk/media/6287a72e8fa8f55624b69c75/GCE_subject_content_law_May_2022.pdf p.3-7
Law,writing,3,3,0,final,3,"All assessment is extended, evidenced legal argument; A level requires 'persuasive' written arguments (para 18)","'Construct clear, concise and logical legal arguments...using appropriate legal terminology'; A level requires persuasive argument (A15-style anchor).",DfE law content (2022) https://assets.publishing.service.gov.uk/media/6287a72e8fa8f55624b69c75/GCE_subject_content_law_May_2022.pdf p.7,https://assets.publishing.service.gov.uk/media/6287a72e8fa8f55624b69c75/GCE_subject_content_law_May_2022.pdf p.7
Law,speaking,0,0,0,final,0,,,,
Law,languages,0,0,0,final,0,,,,
Law,care-empathy,0,1,1,lower,0,,"Human rights law covers protection of individuals' rights as knowledge, not caring practice.",,https://assets.publishing.service.gov.uk/media/6287a72e8fa8f55624b69c75/GCE_subject_content_law_May_2022.pdf p.6
Law,teamwork,0,0,0,final,0,,,,
Law,customer-service,0,0,0,final,0,,,,
Law,self-management,1,1,0,final,1,"Exam-only course, no NEA (rule 4)","Exam-only qualification, no NEA.",DfE law content (2022) https://assets.publishing.service.gov.uk/media/6287a72e8fa8f55624b69c75/GCE_subject_content_law_May_2022.pdf p.3,
Law,critical-thinking,3,3,0,final,3,'Analyse and critically evaluate legal issues...support the strongest viewpoint...counter alternative viewpoints' is a core A level AO,"'Analyse, apply and evaluate the legal rules and principles' to hypothetical scenarios and 'construct a persuasive argument' are the core assessed skills.",DfE law content (2022) https://assets.publishing.service.gov.uk/media/6287a72e8fa8f55624b69c75/GCE_subject_content_law_May_2022.pdf p.7,https://assets.publishing.service.gov.uk/media/6287a72e8fa8f55624b69c75/GCE_subject_content_law_May_2022.pdf p.7
Law,problem-solving,2,1,1,lower,1,Applying legal rules/principles to hypothetical scenarios ('problem questions') is an explicit assessed skill,Applying rules to scenarios is scored under critical-thinking per rule 6 (evaluation in mark schemes belongs there).,DfE law content (2022) https://assets.publishing.service.gov.uk/media/6287a72e8fa8f55624b69c75/GCE_subject_content_law_May_2022.pdf p.7,
Law,creativity,0,0,0,final,0,,,,
Law,content-production,0,0,0,final,0,,,,
Geography,data-analysis,2,2,0,final,2,"DfE requires quantitative/qualitative skills, geospatial data; assessed across papers and NEA, not sole focus","DfE geography requires 'quantitative and qualitative skills and approaches' and geospatial data (p.4), assessed across papers and the NEA.","DFE geog para4,20 p.4,12",https://assets.publishing.service.gov.uk/media/5a7cf7f6e5274a2af0ae2927/GCE_AS_and_A_level_subject_content_for_geography.pdf p.4; https://www.aqa.org.uk/subjects/geography/a-level/geography-7037/specification/specification-at-a-glance
Geography,programming,0,0,0,final,0,,,DfE geography content (gov.uk/gce-as-and-a-level-geography) + AQA Geography 7037 spec-at-a-glance,
Geography,digital-ai,1,1,0,final,1,,,DfE geography content (gov.uk/gce-as-and-a-level-geography) + AQA Geography 7037 spec-at-a-glance,
Geography,cyber-security,0,0,0,final,0,,,DfE geography content (gov.uk/gce-as-and-a-level-geography) + AQA Geography 7037 spec-at-a-glance,
Geography,numeracy,2,2,0,final,2,Ofqual sets min 10% L2 maths marks for A-level geography; descriptive/inferential stats required,"AO3 (20-30% of A-level) assesses quantitative/fieldwork skills incl. descriptive/inferential statistics, sampling (DfE p.12-13).",DFE geog para23 p.13; Ofqual quant-skills condition,https://assets.publishing.service.gov.uk/media/5a7cf7f6e5274a2af0ae2927/GCE_AS_and_A_level_subject_content_for_geography.pdf p.12-13; https://www.aqa.org.uk/subjects/geography/a-level/geography-7037/specification/specification-at-a-glance scheme of assessment
Geography,scientific-method,2,1,1,lower,1,"NEA fieldwork requires devising/justifying practical field methodology, sampling, data collection (20% NEA)",,DFE geog para25-26 p.13-14,
Geography,engineering,0,0,0,final,0,,,DfE geography content (gov.uk/gce-as-and-a-level-geography) + AQA Geography 7037 spec-at-a-glance,
Geography,practical-making,1,1,0,final,1,,,DfE geography content (gov.uk/gce-as-and-a-level-geography) + AQA Geography 7037 spec-at-a-glance,
Geography,sustainability,2,2,0,final,2,"Specialised concepts explicitly include sustainability, risk, resilience, thresholds across core themes","Core theme requires study of climate, resilience, mitigation/adaptation as specialised concepts (p.3-4); half of non-core content addresses people-environment issues (p.5).",DFE geog para3 p.3-4,https://assets.publishing.service.gov.uk/media/5a7cf7f6e5274a2af0ae2927/GCE_AS_and_A_level_subject_content_for_geography.pdf p.3-5
Geography,commercial,1,0,1,lower,0,,,DfE geography content (gov.uk/gce-as-and-a-level-geography) + AQA Geography 7037 spec-at-a-glance,
Geography,leadership,0,0,0,final,0,,,DfE geography content (gov.uk/gce-as-and-a-level-geography) + AQA Geography 7037 spec-at-a-glance,
Geography,law-ethics,1,1,0,final,1,,,DfE geography content (gov.uk/gce-as-and-a-level-geography) + AQA Geography 7037 spec-at-a-glance,
Geography,writing,3,3,0,final,3,Core AO: 'construct extended written argument about geographical matters'; all 3 components require extended writing,NEA (20%) requires 'a coherent analysis of fieldwork findings' via extended writing (p.14-15); AO requires 'construct extended written argument' (p.12).,DFE geog para20 p.12,https://assets.publishing.service.gov.uk/media/5a7cf7f6e5274a2af0ae2927/GCE_AS_and_A_level_subject_content_for_geography.pdf p.12-15; https://www.aqa.org.uk/subjects/geography/a-level/geography-7037/specification/specification-at-a-glance
Geography,speaking,0,0,0,final,0,,,DfE geography content (gov.uk/gce-as-and-a-level-geography) + AQA Geography 7037 spec-at-a-glance,
Geography,languages,0,0,0,final,0,,,DfE geography content (gov.uk/gce-as-and-a-level-geography) + AQA Geography 7037 spec-at-a-glance,
Geography,care-empathy,0,0,0,final,0,,,DfE geography content (gov.uk/gce-as-and-a-level-geography) + AQA Geography 7037 spec-at-a-glance,
Geography,teamwork,1,1,0,final,1,,,DfE geography content (gov.uk/gce-as-and-a-level-geography) + AQA Geography 7037 spec-at-a-glance,
Geography,customer-service,0,0,0,final,0,,,DfE geography content (gov.uk/gce-as-and-a-level-geography) + AQA Geography 7037 spec-at-a-glance,
Geography,self-management,2,2,0,final,2,"Independent investigation NEA (20%), individually defined question and research, per rule 4","NEA (20%, AQA Component 3): independent investigation 'defined and developed by the student individually' (p.14).","AQA 7037 Component 3, 20% NEA",https://assets.publishing.service.gov.uk/media/5a7cf7f6e5274a2af0ae2927/GCE_AS_and_A_level_subject_content_for_geography.pdf p.14; https://www.aqa.org.uk/subjects/geography/a-level/geography-7037/specification/specification-at-a-glance
Geography,critical-thinking,3,3,0,final,3,"Anchor A9: NEA (20%) individual investigation, 3000-4000 words, question defined by student, field data","AQA 7037 NEA (20%): an individual investigation of 3,000-4,000 words on 'a question or issue defined and developed by the student', including 'data collected in the field'.",AQA 7037 Component 3 spec-at-a-glance,https://www.aqa.org.uk/subjects/geography/a-level/geography-7037/specification/specification-at-a-glance; https://assets.publishing.service.gov.uk/media/5a7cf7f6e5274a2af0ae2927/GCE_AS_and_A_level_subject_content_for_geography.pdf p.14
Geography,problem-solving,1,1,0,final,1,,,DfE geography content (gov.uk/gce-as-and-a-level-geography) + AQA Geography 7037 spec-at-a-glance,
Geography,creativity,1,1,0,final,1,,,DfE geography content (gov.uk/gce-as-and-a-level-geography) + AQA Geography 7037 spec-at-a-glance,
Geography,content-production,1,0,1,lower,0,,,DfE geography content (gov.uk/gce-as-and-a-level-geography) + AQA Geography 7037 spec-at-a-glance,
History,data-analysis,1,0,1,lower,0,,,DfE history content (gov.uk/gce-as-and-a-level-for-history) + AQA History 7042 spec-at-a-glance,
History,programming,0,0,0,final,0,,,DfE history content (gov.uk/gce-as-and-a-level-for-history) + AQA History 7042 spec-at-a-glance,
History,digital-ai,0,0,0,final,0,,,DfE history content (gov.uk/gce-as-and-a-level-for-history) + AQA History 7042 spec-at-a-glance,
History,cyber-security,0,0,0,final,0,,,DfE history content (gov.uk/gce-as-and-a-level-for-history) + AQA History 7042 spec-at-a-glance,
History,numeracy,0,0,0,final,0,,,DfE history content (gov.uk/gce-as-and-a-level-for-history) + AQA History 7042 spec-at-a-glance,
History,scientific-method,0,0,0,final,0,,,DfE history content (gov.uk/gce-as-and-a-level-for-history) + AQA History 7042 spec-at-a-glance,
History,engineering,0,0,0,final,0,,,DfE history content (gov.uk/gce-as-and-a-level-for-history) + AQA History 7042 spec-at-a-glance,
History,practical-making,0,0,0,final,0,,,DfE history content (gov.uk/gce-as-and-a-level-for-history) + AQA History 7042 spec-at-a-glance,
History,sustainability,0,0,0,final,0,,,DfE history content (gov.uk/gce-as-and-a-level-for-history) + AQA History 7042 spec-at-a-glance,
History,commercial,0,0,0,final,0,,,DfE history content (gov.uk/gce-as-and-a-level-for-history) + AQA History 7042 spec-at-a-glance,
History,leadership,0,0,0,final,0,,,DfE history content (gov.uk/gce-as-and-a-level-for-history) + AQA History 7042 spec-at-a-glance,
History,law-ethics,1,1,0,final,1,,,DfE history content (gov.uk/gce-as-and-a-level-for-history) + AQA History 7042 spec-at-a-glance,
History,writing,3,3,0,final,3,Anchor A15: all assessment is extended written argument across breadth/depth papers and NEA,"DfE history: 'use historical sources critically', plus 'a historical enquiry that is independently researched' (p.3). All assessment is extended written argument.",DFE hist para11 p.3,https://assets.publishing.service.gov.uk/media/5a7e5050ed915d74e33f1704/A_level_history_subject_content.pdf p.3; https://www.aqa.org.uk/subjects/history/a-level/history-7042/specification/specification-at-a-glance
History,speaking,0,0,0,final,0,,,DfE history content (gov.uk/gce-as-and-a-level-for-history) + AQA History 7042 spec-at-a-glance,
History,languages,0,0,0,final,0,,,DfE history content (gov.uk/gce-as-and-a-level-for-history) + AQA History 7042 spec-at-a-glance,
History,care-empathy,0,0,0,final,0,,,DfE history content (gov.uk/gce-as-and-a-level-for-history) + AQA History 7042 spec-at-a-glance,
History,teamwork,0,0,0,final,0,,,DfE history content (gov.uk/gce-as-and-a-level-for-history) + AQA History 7042 spec-at-a-glance,
History,customer-service,0,0,0,final,0,,,DfE history content (gov.uk/gce-as-and-a-level-for-history) + AQA History 7042 spec-at-a-glance,
History,self-management,2,2,0,final,2,"Component 3 Historical Investigation NEA, 20%, independently researched, 3500-4500 words","AQA 7042 Historical Investigation NEA (20%, 3500-4500 words), independently researched (DfE p.3).",AQA 7042 Component 3 spec-at-a-glance,https://assets.publishing.service.gov.uk/media/5a7e5050ed915d74e33f1704/A_level_history_subject_content.pdf p.3; https://www.aqa.org.uk/subjects/history/a-level/history-7042/specification/specification-at-a-glance
History,critical-thinking,3,3,0,final,3,Anchor A15: 'use historical sources critically'; independently researched historical enquiry,"DfE history: 'use historical sources critically', plus 'a historical enquiry that is independently researched' (p.3). All assessment is extended written argument.","DFE hist para7,10 p.2-3",https://assets.publishing.service.gov.uk/media/5a7e5050ed915d74e33f1704/A_level_history_subject_content.pdf p.3; https://www.aqa.org.uk/subjects/history/a-level/history-7042/specification/specification-at-a-glance
History,problem-solving,1,1,0,final,1,,,DfE history content (gov.uk/gce-as-and-a-level-for-history) + AQA History 7042 spec-at-a-glance,
History,creativity,0,1,1,lower,0,,,DfE history content (gov.uk/gce-as-and-a-level-for-history) + AQA History 7042 spec-at-a-glance,
History,content-production,0,0,0,final,0,,,DfE history content (gov.uk/gce-as-and-a-level-for-history) + AQA History 7042 spec-at-a-glance,
Politics,data-analysis,1,1,0,final,1,,,DfE politics content May 2022 (gov.uk/gce-as-and-a-level-politics) + AQA Politics 7152 spec-at-a-glance,
Politics,programming,0,0,0,final,0,,,DfE politics content May 2022 (gov.uk/gce-as-and-a-level-politics) + AQA Politics 7152 spec-at-a-glance,
Politics,digital-ai,0,0,0,final,0,,,DfE politics content May 2022 (gov.uk/gce-as-and-a-level-politics) + AQA Politics 7152 spec-at-a-glance,
Politics,cyber-security,0,0,0,final,0,,,DfE politics content May 2022 (gov.uk/gce-as-and-a-level-politics) + AQA Politics 7152 spec-at-a-glance,
Politics,numeracy,0,0,0,final,0,,,DfE politics content May 2022 (gov.uk/gce-as-and-a-level-politics) + AQA Politics 7152 spec-at-a-glance,
Politics,scientific-method,0,0,0,final,0,,,DfE politics content May 2022 (gov.uk/gce-as-and-a-level-politics) + AQA Politics 7152 spec-at-a-glance,
Politics,engineering,0,0,0,final,0,,,DfE politics content May 2022 (gov.uk/gce-as-and-a-level-politics) + AQA Politics 7152 spec-at-a-glance,
Politics,practical-making,0,0,0,final,0,,,DfE politics content May 2022 (gov.uk/gce-as-and-a-level-politics) + AQA Politics 7152 spec-at-a-glance,
Politics,sustainability,0,0,0,final,0,,,DfE politics content May 2022 (gov.uk/gce-as-and-a-level-politics) + AQA Politics 7152 spec-at-a-glance,
Politics,commercial,0,0,0,final,0,,,DfE politics content May 2022 (gov.uk/gce-as-and-a-level-politics) + AQA Politics 7152 spec-at-a-glance,
Politics,leadership,0,1,1,lower,0,,,DfE politics content May 2022 (gov.uk/gce-as-and-a-level-politics) + AQA Politics 7152 spec-at-a-glance,
Politics,law-ethics,1,2,1,lower,1,,"DfE politics requires debate on 'the main sources of rights in the UK...how individual and collective rights may conflict' (p.5), examined via essays.",DfE politics content May 2022 (gov.uk/gce-as-and-a-level-politics) + AQA Politics 7152 spec-at-a-glance,https://assets.publishing.service.gov.uk/media/6287a7bed3bf7f1f40ca5111/GCE_subject_content_politics_May_2022.pdf p.5; https://www.aqa.org.uk/subjects/politics/a-level/politics-7152/specification/specification-at-a-glance
Politics,writing,3,3,0,final,3,"All-exam (3 equally-weighted papers, 100%); AO requires constructing arguments 'with relevance, clarity and coherence'","AQA 7152: three exam papers (100%) require students to 'construct and communicate arguments and explanations with relevance, clarity and coherence' (DfE p.12).",DFE pol para23 p.12,https://assets.publishing.service.gov.uk/media/6287a7bed3bf7f1f40ca5111/GCE_subject_content_politics_May_2022.pdf p.12; https://www.aqa.org.uk/subjects/politics/a-level/politics-7152/specification/specification-at-a-glance
Politics,speaking,0,0,0,final,0,,,DfE politics content May 2022 (gov.uk/gce-as-and-a-level-politics) + AQA Politics 7152 spec-at-a-glance,
Politics,languages,0,0,0,final,0,,,DfE politics content May 2022 (gov.uk/gce-as-and-a-level-politics) + AQA Politics 7152 spec-at-a-glance,
Politics,care-empathy,0,0,0,final,0,,,DfE politics content May 2022 (gov.uk/gce-as-and-a-level-politics) + AQA Politics 7152 spec-at-a-glance,
Politics,teamwork,0,0,0,final,0,,,DfE politics content May 2022 (gov.uk/gce-as-and-a-level-politics) + AQA Politics 7152 spec-at-a-glance,
Politics,customer-service,0,0,0,final,0,,,DfE politics content May 2022 (gov.uk/gce-as-and-a-level-politics) + AQA Politics 7152 spec-at-a-glance,
Politics,self-management,1,1,0,final,1,"Exam-only course, no NEA (AQA 7152: 3 written papers, 100% exam)",,AQA 7152 spec-at-a-glance,
Politics,critical-thinking,3,3,0,final,3,Core AO across all 3 papers: 'critically analyse and evaluate...to construct arguments...reasoned conclusions',"DfE politics: 'develop the ability to critically analyse, interpret and evaluate political information to form arguments and make judgments' (p.3); all 3 exam papers assess this.",DFE pol para21 p.12,"https://assets.publishing.service.gov.uk/media/6287a7bed3bf7f1f40ca5111/GCE_subject_content_politics_May_2022.pdf p.3, p.12; https://www.aqa.org.uk/subjects/politics/a-level/politics-7152/specification/specification-at-a-glance"
Politics,problem-solving,1,0,1,audit,0,,,DfE politics content May 2022 (gov.uk/gce-as-and-a-level-politics) + AQA Politics 7152 spec-at-a-glance,
Politics,creativity,0,0,0,final,0,,,DfE politics content May 2022 (gov.uk/gce-as-and-a-level-politics) + AQA Politics 7152 spec-at-a-glance,
Politics,content-production,0,0,0,final,0,,,DfE politics content May 2022 (gov.uk/gce-as-and-a-level-politics) + AQA Politics 7152 spec-at-a-glance,
Sociology,data-analysis,2,2,0,final,2,"Methods in Context (Paper1, 20 marks) and Theory & Methods (Paper3, 30 marks) assess interpreting quantitative/qualitative data","DfE requires 'collection of primary and secondary data' and 'analysis of quantitative and qualitative data' (p.1), assessed in Theory & Methods sections of Papers 1 and 3.",AQA 7192 Papers 1 and 3 spec-at-a-glance,https://assets.publishing.service.gov.uk/media/5a7db91240f0b65d8863403a/A_level_sociology_subject_content.pdf p.1; https://www.aqa.org.uk/subjects/sociology/a-level/sociology-7192/specification/specification-at-a-glance
Sociology,programming,0,0,0,final,0,,,DfE sociology content (gov.uk/gce-as-and-a-level-for-sociology) + AQA Sociology 7192 spec-at-a-glance,
Sociology,digital-ai,0,0,0,final,0,,,DfE sociology content (gov.uk/gce-as-and-a-level-for-sociology) + AQA Sociology 7192 spec-at-a-glance,
Sociology,cyber-security,0,0,0,final,0,,,DfE sociology content (gov.uk/gce-as-and-a-level-for-sociology) + AQA Sociology 7192 spec-at-a-glance,
Sociology,numeracy,1,1,0,final,1,,,DfE sociology content (gov.uk/gce-as-and-a-level-for-sociology) + AQA Sociology 7192 spec-at-a-glance,
Sociology,scientific-method,2,2,0,final,2,"'Analyse and evaluate the design of sociological investigations' and methods used to collect/record evidence, assessed but no practicals/endorsement","DfE 'Methods of sociological enquiry' requires research design, primary/secondary data collection and research ethics (p.1-2), examined in Theory & Methods sections.","DFE soc para6,10 p.1-2",https://assets.publishing.service.gov.uk/media/5a7db91240f0b65d8863403a/A_level_sociology_subject_content.pdf p.1-2; https://www.aqa.org.uk/subjects/sociology/a-level/sociology-7192/specification/specification-at-a-glance
Sociology,engineering,0,0,0,final,0,,,DfE sociology content (gov.uk/gce-as-and-a-level-for-sociology) + AQA Sociology 7192 spec-at-a-glance,
Sociology,practical-making,0,0,0,final,0,,,DfE sociology content (gov.uk/gce-as-and-a-level-for-sociology) + AQA Sociology 7192 spec-at-a-glance,
Sociology,sustainability,0,0,0,final,0,,,DfE sociology content (gov.uk/gce-as-and-a-level-for-sociology) + AQA Sociology 7192 spec-at-a-glance,
Sociology,commercial,0,0,0,final,0,,,DfE sociology content (gov.uk/gce-as-and-a-level-for-sociology) + AQA Sociology 7192 spec-at-a-glance,
Sociology,leadership,0,0,0,final,0,,,DfE sociology content (gov.uk/gce-as-and-a-level-for-sociology) + AQA Sociology 7192 spec-at-a-glance,
Sociology,law-ethics,1,1,0,final,1,,,DfE sociology content (gov.uk/gce-as-and-a-level-for-sociology) + AQA Sociology 7192 spec-at-a-glance,
Sociology,writing,3,3,0,final,3,100% exam assessment via extended essay questions across all 3 papers,"AQA 7192: three exam papers (100%, exam-only) require students to 'organise evidence and communicate arguments in a coherent manner' (DfE p.2).",AQA 7192 spec-at-a-glance,https://assets.publishing.service.gov.uk/media/5a7db91240f0b65d8863403a/A_level_sociology_subject_content.pdf p.2; https://www.aqa.org.uk/subjects/sociology/a-level/sociology-7192/specification/specification-at-a-glance
Sociology,speaking,0,0,0,final,0,,,DfE sociology content (gov.uk/gce-as-and-a-level-for-sociology) + AQA Sociology 7192 spec-at-a-glance,
Sociology,languages,0,0,0,final,0,,,DfE sociology content (gov.uk/gce-as-and-a-level-for-sociology) + AQA Sociology 7192 spec-at-a-glance,
Sociology,care-empathy,1,0,1,lower,0,,,DfE sociology content (gov.uk/gce-as-and-a-level-for-sociology) + AQA Sociology 7192 spec-at-a-glance,
Sociology,teamwork,0,0,0,final,0,,,DfE sociology content (gov.uk/gce-as-and-a-level-for-sociology) + AQA Sociology 7192 spec-at-a-glance,
Sociology,customer-service,0,0,0,final,0,,,DfE sociology content (gov.uk/gce-as-and-a-level-for-sociology) + AQA Sociology 7192 spec-at-a-glance,
Sociology,self-management,1,1,0,final,1,"Exam-only course, no NEA (AQA 7192: 3 written papers, 100% exam)",,AQA 7192 spec-at-a-glance,
Sociology,critical-thinking,3,3,0,final,3,"Core AO: 'evaluate theories, arguments and evidence'; 'distinguish facts, opinions and value judgements'","DfE sociology: 'evaluate theories, arguments and evidence' and 'identify and evaluate significant social trends shown in evidence' (p.2); core to 100% exam assessment.",DFE soc para12 p.2,https://assets.publishing.service.gov.uk/media/5a7db91240f0b65d8863403a/A_level_sociology_subject_content.pdf p.2; https://www.aqa.org.uk/subjects/sociology/a-level/sociology-7192/specification/specification-at-a-glance
Sociology,problem-solving,1,0,1,lower,0,,,DfE sociology content (gov.uk/gce-as-and-a-level-for-sociology) + AQA Sociology 7192 spec-at-a-glance,
Sociology,creativity,0,0,0,final,0,,,DfE sociology content (gov.uk/gce-as-and-a-level-for-sociology) + AQA Sociology 7192 spec-at-a-glance,
Sociology,content-production,0,0,0,final,0,,,DfE sociology content (gov.uk/gce-as-and-a-level-for-sociology) + AQA Sociology 7192 spec-at-a-glance,
Philosophy,data-analysis,0,0,0,final,0,,,DfE philosophy content (gov.uk/gce-as-and-a-level-philosophy) + AQA Philosophy 7172 spec-at-a-glance,
Philosophy,programming,0,0,0,final,0,,,DfE philosophy content (gov.uk/gce-as-and-a-level-philosophy) + AQA Philosophy 7172 spec-at-a-glance,
Philosophy,digital-ai,0,0,0,final,0,,,DfE philosophy content (gov.uk/gce-as-and-a-level-philosophy) + AQA Philosophy 7172 spec-at-a-glance,
Philosophy,cyber-security,0,0,0,final,0,,,DfE philosophy content (gov.uk/gce-as-and-a-level-philosophy) + AQA Philosophy 7172 spec-at-a-glance,
Philosophy,numeracy,0,0,0,final,0,,,DfE philosophy content (gov.uk/gce-as-and-a-level-philosophy) + AQA Philosophy 7172 spec-at-a-glance,
Philosophy,scientific-method,0,0,0,final,0,,,DfE philosophy content (gov.uk/gce-as-and-a-level-philosophy) + AQA Philosophy 7172 spec-at-a-glance,
Philosophy,engineering,0,0,0,final,0,,,DfE philosophy content (gov.uk/gce-as-and-a-level-philosophy) + AQA Philosophy 7172 spec-at-a-glance,
Philosophy,practical-making,0,0,0,final,0,,,DfE philosophy content (gov.uk/gce-as-and-a-level-philosophy) + AQA Philosophy 7172 spec-at-a-glance,
Philosophy,sustainability,0,0,0,final,0,,,DfE philosophy content (gov.uk/gce-as-and-a-level-philosophy) + AQA Philosophy 7172 spec-at-a-glance,
Philosophy,commercial,0,0,0,final,0,,,DfE philosophy content (gov.uk/gce-as-and-a-level-philosophy) + AQA Philosophy 7172 spec-at-a-glance,
Philosophy,leadership,0,0,0,final,0,,,DfE philosophy content (gov.uk/gce-as-and-a-level-philosophy) + AQA Philosophy 7172 spec-at-a-glance,
Philosophy,law-ethics,2,2,0,final,2,"Applied ethics requires using ethical theory to address/resolve real controversial issues, assessed","Moral philosophy is 1 of 4 equal A-level topics (25%): meta-ethics, normative and applied ethics 'to address/resolve issues within...specified controversial issues' (DfE p.5).","DFE phil para6 (moral philosophy, applied ethics) p.5",https://assets.publishing.service.gov.uk/media/5a7f4e37ed915d74e6229a70/Philosophy_AS_and_A_level_formatted.pdf p.5; https://www.aqa.org.uk/subjects/philosophy/a-level/philosophy-7172/specification/specification-at-a-glance
Philosophy,writing,3,3,0,final,3,"All-exam essay-based (2 papers, 100%); aims require precise, concise argumentative writing using technical vocabulary","AQA 7172: 100% exam, two 3-hour essay papers; DfE aim: 'develop and refine their writing skills, demonstrating the ability to be precise, concise and accurate' (p.3).",DFE phil para2 p.3,https://assets.publishing.service.gov.uk/media/5a7f4e37ed915d74e6229a70/Philosophy_AS_and_A_level_formatted.pdf p.3; https://www.aqa.org.uk/subjects/philosophy/a-level/philosophy-7172/specification/specification-at-a-glance
Philosophy,speaking,0,0,0,final,0,,,DfE philosophy content (gov.uk/gce-as-and-a-level-philosophy) + AQA Philosophy 7172 spec-at-a-glance,
Philosophy,languages,0,0,0,final,0,,,DfE philosophy content (gov.uk/gce-as-and-a-level-philosophy) + AQA Philosophy 7172 spec-at-a-glance,
Philosophy,care-empathy,0,0,0,final,0,,,DfE philosophy content (gov.uk/gce-as-and-a-level-philosophy) + AQA Philosophy 7172 spec-at-a-glance,
Philosophy,teamwork,0,0,0,final,0,,,DfE philosophy content (gov.uk/gce-as-and-a-level-philosophy) + AQA Philosophy 7172 spec-at-a-glance,
Philosophy,customer-service,0,0,0,final,0,,,DfE philosophy content (gov.uk/gce-as-and-a-level-philosophy) + AQA Philosophy 7172 spec-at-a-glance,
Philosophy,self-management,1,1,0,final,1,"Exam-only course, no NEA (AQA 7172: 2 written papers, 100% exam)",,AQA 7172 spec-at-a-glance,
Philosophy,critical-thinking,3,3,0,final,3,"Core discipline: 'identify argument forms, and analyse and evaluate arguments'; central AO across both papers","DfE philosophy: 'develop their ability to identify argument forms, and analyse and evaluate arguments' (p.3); 'articulating arguments and counter-arguments' (p.4). Core to 100% exam.",DFE phil para2 p.3,https://assets.publishing.service.gov.uk/media/5a7f4e37ed915d74e6229a70/Philosophy_AS_and_A_level_formatted.pdf p.3-4; https://www.aqa.org.uk/subjects/philosophy/a-level/philosophy-7172/specification/specification-at-a-glance
Philosophy,problem-solving,1,0,1,lower,0,,,DfE philosophy content (gov.uk/gce-as-and-a-level-philosophy) + AQA Philosophy 7172 spec-at-a-glance,
Philosophy,creativity,0,0,0,final,0,,,DfE philosophy content (gov.uk/gce-as-and-a-level-philosophy) + AQA Philosophy 7172 spec-at-a-glance,
Philosophy,content-production,0,0,0,final,0,,,DfE philosophy content (gov.uk/gce-as-and-a-level-philosophy) + AQA Philosophy 7172 spec-at-a-glance,
Religious Studies,data-analysis,0,0,0,final,0,,,DfE religious studies content (gov.uk/gce-as-and-a-level-religious-studies) + AQA Religious Studies 7062 spec-at-a-glance,
Religious Studies,programming,0,0,0,final,0,,,DfE religious studies content (gov.uk/gce-as-and-a-level-religious-studies) + AQA Religious Studies 7062 spec-at-a-glance,
Religious Studies,digital-ai,0,0,0,final,0,,,DfE religious studies content (gov.uk/gce-as-and-a-level-religious-studies) + AQA Religious Studies 7062 spec-at-a-glance,
Religious Studies,cyber-security,0,0,0,final,0,,,DfE religious studies content (gov.uk/gce-as-and-a-level-religious-studies) + AQA Religious Studies 7062 spec-at-a-glance,
Religious Studies,numeracy,0,0,0,final,0,,,DfE religious studies content (gov.uk/gce-as-and-a-level-religious-studies) + AQA Religious Studies 7062 spec-at-a-glance,
Religious Studies,scientific-method,0,0,0,final,0,,,DfE religious studies content (gov.uk/gce-as-and-a-level-religious-studies) + AQA Religious Studies 7062 spec-at-a-glance,
Religious Studies,engineering,0,0,0,final,0,,,DfE religious studies content (gov.uk/gce-as-and-a-level-religious-studies) + AQA Religious Studies 7062 spec-at-a-glance,
Religious Studies,practical-making,0,0,0,final,0,,,DfE religious studies content (gov.uk/gce-as-and-a-level-religious-studies) + AQA Religious Studies 7062 spec-at-a-glance,
Religious Studies,sustainability,0,0,0,final,0,,,DfE religious studies content (gov.uk/gce-as-and-a-level-religious-studies) + AQA Religious Studies 7062 spec-at-a-glance,
Religious Studies,commercial,0,0,0,final,0,,,DfE religious studies content (gov.uk/gce-as-and-a-level-religious-studies) + AQA Religious Studies 7062 spec-at-a-glance,
Religious Studies,leadership,0,0,0,final,0,,,DfE religious studies content (gov.uk/gce-as-and-a-level-religious-studies) + AQA Religious Studies 7062 spec-at-a-glance,
Religious Studies,law-ethics,2,2,0,final,2,"'Application of ethical theory to two personal, societal or global issues of importance', assessed via Component 1 ethics section (50%)","Religion and ethics is a compulsory approach (AQA 7062 Component 1, 50%): 3 normative ethical theories applied to 'personal, societal or global issues' (DfE p.5).",DFE RS para14 p.5,https://assets.publishing.service.gov.uk/media/5a756b46e5274a1baf95e6dd/Religious_Studies_AS_and_A_level_subject_content.pdf p.5; https://www.aqa.org.uk/subjects/religious-studies/a-level/religious-studies-7062/specification/specification-at-a-glance
Religious Studies,writing,3,3,0,final,3,"All-exam essay-based (2 components, 100%); AO requires 'well informed and reasoned arguments substantiated by relevant evidence'",AQA 7062: 100% exam; DfE requires students to 'construct well informed and reasoned arguments substantiated by relevant evidence' and 'present responses...clear and coherent' (p.7).,DFE RS para22 p.7,https://assets.publishing.service.gov.uk/media/5a756b46e5274a1baf95e6dd/Religious_Studies_AS_and_A_level_subject_content.pdf p.7; https://www.aqa.org.uk/subjects/religious-studies/a-level/religious-studies-7062/specification/specification-at-a-glance
Religious Studies,speaking,0,0,0,final,0,,,DfE religious studies content (gov.uk/gce-as-and-a-level-religious-studies) + AQA Religious Studies 7062 spec-at-a-glance,
Religious Studies,languages,0,0,0,final,0,,,DfE religious studies content (gov.uk/gce-as-and-a-level-religious-studies) + AQA Religious Studies 7062 spec-at-a-glance,
Religious Studies,care-empathy,0,0,0,final,0,,,DfE religious studies content (gov.uk/gce-as-and-a-level-religious-studies) + AQA Religious Studies 7062 spec-at-a-glance,
Religious Studies,teamwork,0,0,0,final,0,,,DfE religious studies content (gov.uk/gce-as-and-a-level-religious-studies) + AQA Religious Studies 7062 spec-at-a-glance,
Religious Studies,customer-service,0,0,0,final,0,,,DfE religious studies content (gov.uk/gce-as-and-a-level-religious-studies) + AQA Religious Studies 7062 spec-at-a-glance,
Religious Studies,self-management,1,1,0,final,1,"Exam-only course, no NEA (AQA 7062: 2 written components, 100% exam)",,AQA 7062 spec-at-a-glance,
Religious Studies,critical-thinking,3,3,0,final,3,"Core AO: 'identify, investigate and critically analyse questions, arguments, ideas and issues'","DfE RS: 'adopt an enquiring, critical and reflective approach' (p.3); A level requires students to 'critically analyse and evaluate the views and arguments of scholars/academics' (p.8).",DFE RS para22 p.7,"https://assets.publishing.service.gov.uk/media/5a756b46e5274a1baf95e6dd/Religious_Studies_AS_and_A_level_subject_content.pdf p.3, p.8; https://www.aqa.org.uk/subjects/religious-studies/a-level/religious-studies-7062/specification/specification-at-a-glance"
Religious Studies,problem-solving,1,0,1,lower,0,,,DfE religious studies content (gov.uk/gce-as-and-a-level-religious-studies) + AQA Religious Studies 7062 spec-at-a-glance,
Religious Studies,creativity,0,0,0,final,0,,,DfE religious studies content (gov.uk/gce-as-and-a-level-religious-studies) + AQA Religious Studies 7062 spec-at-a-glance,
Religious Studies,content-production,0,0,0,final,0,,,DfE religious studies content (gov.uk/gce-as-and-a-level-religious-studies) + AQA Religious Studies 7062 spec-at-a-glance,
Criminology,data-analysis,2,2,0,final,2,"Unit1 AC1.6 'Evaluate methods of collecting statistics about crime' (Home Office stats, Crime Survey for England & Wales), internal 25%","Unit 1 'Changing awareness of crime' covers how crime is measured (crime statistics, victim surveys), an internally-assessed unit (1 of 4).",WJEC crim spec p.24,https://www.eduqas.co.uk/media/yzqlsmq4/wjec-applied-diploma-in-criminology-spec-e-22-06-22-2.pdf Unit 1
Criminology,programming,0,0,0,final,0,,,WJEC L3 Applied Diploma in Criminology spec (wjec.co.uk/media/21xjkr24),
Criminology,digital-ai,0,0,0,final,0,,,WJEC L3 Applied Diploma in Criminology spec (wjec.co.uk/media/21xjkr24),
Criminology,cyber-security,0,0,0,final,0,,,WJEC L3 Applied Diploma in Criminology spec (wjec.co.uk/media/21xjkr24),
Criminology,numeracy,1,1,0,final,1,,,WJEC L3 Applied Diploma in Criminology spec (wjec.co.uk/media/21xjkr24),
Criminology,scientific-method,2,1,1,lower,1,"Unit3 Crime Scene to Courtroom (internal, 25%) requires analysing/assessing usefulness of forensic and investigative techniques via case-study scenarios",,WJEC crim spec p.42,
Criminology,engineering,0,0,0,final,0,,,WJEC L3 Applied Diploma in Criminology spec (wjec.co.uk/media/21xjkr24),
Criminology,practical-making,0,0,0,final,0,,,WJEC L3 Applied Diploma in Criminology spec (wjec.co.uk/media/21xjkr24),
Criminology,sustainability,0,0,0,final,0,,,WJEC L3 Applied Diploma in Criminology spec (wjec.co.uk/media/21xjkr24),
Criminology,commercial,0,0,0,final,0,,,WJEC L3 Applied Diploma in Criminology spec (wjec.co.uk/media/21xjkr24),
Criminology,leadership,0,0,0,final,0,,,WJEC L3 Applied Diploma in Criminology spec (wjec.co.uk/media/21xjkr24),
Criminology,law-ethics,3,3,0,final,3,"Qualification core: Unit3 trial process/rules of evidence + Unit4 aims and forms of punishment, sentencing (combined ~50% of marks)","Units 3-4 (of 4, ~50% of content) cover the criminal justice process, courts, sentencing and punishment, both externally/internally assessed — core to the qualification.","WJEC crim spec p.42,54",https://www.eduqas.co.uk/media/yzqlsmq4/wjec-applied-diploma-in-criminology-spec-e-22-06-22-2.pdf Units 3-4
Criminology,writing,2,2,0,final,2,"Units 1 and 3 (internal, 50% combined) assessed via extended report writing","Written controlled-assessment reports (Units 1 and 3, internal) and exam essays (Units 2 and 4) are regularly assessed.",WJEC crim spec p.481 unit weighting,https://www.eduqas.co.uk/media/yzqlsmq4/wjec-applied-diploma-in-criminology-spec-e-22-06-22-2.pdf
Criminology,speaking,0,1,1,lower,0,,,WJEC L3 Applied Diploma in Criminology spec (wjec.co.uk/media/21xjkr24),
Criminology,languages,0,0,0,final,0,,,WJEC L3 Applied Diploma in Criminology spec (wjec.co.uk/media/21xjkr24),
Criminology,care-empathy,1,1,0,final,1,,,WJEC L3 Applied Diploma in Criminology spec (wjec.co.uk/media/21xjkr24),
Criminology,teamwork,0,0,0,final,0,,,WJEC L3 Applied Diploma in Criminology spec (wjec.co.uk/media/21xjkr24),
Criminology,customer-service,0,0,0,final,0,,,WJEC L3 Applied Diploma in Criminology spec (wjec.co.uk/media/21xjkr24),
Criminology,self-management,2,2,0,final,2,"Units 1 and 3 (internal, 50% combined) are individually produced extended investigations/reports","Units 1 and 3 (40% of the qualification, from Sept 2026 weighting) are internally-assessed extended controlled-assessment tasks.","WJEC crim spec p.24,42",https://www.eduqas.co.uk/media/yzqlsmq4/wjec-applied-diploma-in-criminology-spec-e-22-06-22-2.pdf
Criminology,critical-thinking,3,2,1,lower,2,'Evaluate'/'assess usefulness'/'analyse' are the core command words across all 4 units' assessment criteria,Unit 2 requires evaluating competing criminological theories of crime; Unit 4 evaluates sentencing and campaigns for legal change (both exam units).,WJEC crim spec Units 1-4,"https://www.eduqas.co.uk/media/yzqlsmq4/wjec-applied-diploma-in-criminology-spec-e-22-06-22-2.pdf Units 2, 4"
Criminology,problem-solving,1,0,1,lower,0,,,WJEC L3 Applied Diploma in Criminology spec (wjec.co.uk/media/21xjkr24),
Criminology,creativity,0,0,0,final,0,,,WJEC L3 Applied Diploma in Criminology spec (wjec.co.uk/media/21xjkr24),
Criminology,content-production,0,1,1,lower,0,,,WJEC L3 Applied Diploma in Criminology spec (wjec.co.uk/media/21xjkr24),
English Language,data-analysis,2,2,0,final,2,'Apply language concepts and methods of analysis...to data'; NEA language investigation (2000-word linguistic data analysis),DfE requires analysing language 'data' systematically (p.1-2); NEA Language Investigation (part of 20% NEA) is a data-based independent study.,DFE englang para11 p.1; AQA 7702 NEA 20%,https://assets.publishing.service.gov.uk/media/5a7ea47040f0b6230268a9be/A_level_English_language_subject_content.pdf p.1-2; https://www.aqa.org.uk/subjects/english/a-level/english-7702/specification/specification-at-a-glance
English Language,programming,0,0,0,final,0,,,DfE English language content (gov.uk/gce-as-and-a-levels-for-english-language) + AQA English Language 7702 spec-at-a-glance,
English Language,digital-ai,0,0,0,final,0,,,DfE English language content (gov.uk/gce-as-and-a-levels-for-english-language) + AQA English Language 7702 spec-at-a-glance,
English Language,cyber-security,0,0,0,final,0,,,DfE English language content (gov.uk/gce-as-and-a-levels-for-english-language) + AQA English Language 7702 spec-at-a-glance,
English Language,numeracy,0,0,0,final,0,,,DfE English language content (gov.uk/gce-as-and-a-levels-for-english-language) + AQA English Language 7702 spec-at-a-glance,
English Language,scientific-method,0,0,0,final,0,,,DfE English language content (gov.uk/gce-as-and-a-levels-for-english-language) + AQA English Language 7702 spec-at-a-glance,
English Language,engineering,0,0,0,final,0,,,DfE English language content (gov.uk/gce-as-and-a-levels-for-english-language) + AQA English Language 7702 spec-at-a-glance,
English Language,practical-making,0,0,0,final,0,,,DfE English language content (gov.uk/gce-as-and-a-levels-for-english-language) + AQA English Language 7702 spec-at-a-glance,
English Language,sustainability,0,0,0,final,0,,,DfE English language content (gov.uk/gce-as-and-a-levels-for-english-language) + AQA English Language 7702 spec-at-a-glance,
English Language,commercial,0,0,0,final,0,,,DfE English language content (gov.uk/gce-as-and-a-levels-for-english-language) + AQA English Language 7702 spec-at-a-glance,
English Language,leadership,0,0,0,final,0,,,DfE English language content (gov.uk/gce-as-and-a-levels-for-english-language) + AQA English Language 7702 spec-at-a-glance,
English Language,law-ethics,0,0,0,final,0,,,DfE English language content (gov.uk/gce-as-and-a-levels-for-english-language) + AQA English Language 7702 spec-at-a-glance,
English Language,writing,3,3,0,final,3,Core AO: 'develop skills as producers...of language'; NEA original writing component; directed writing across papers,DfE aim: 'develop their skills as producers...of language' (p.1); NEA 'Language in Action' (20%) includes an original writing task marked out of 50.,DFE englang para2 p.1,https://assets.publishing.service.gov.uk/media/5a7ea47040f0b6230268a9be/A_level_English_language_subject_content.pdf p.1; https://www.aqa.org.uk/subjects/english/a-level/english-7702/specification/specification-at-a-glance
English Language,speaking,1,1,0,final,1,,,DfE English language content (gov.uk/gce-as-and-a-levels-for-english-language) + AQA English Language 7702 spec-at-a-glance,
English Language,languages,1,1,0,final,1,"Studies language itself (phonetics, grammar, discourse) but is not a foreign language",,DFE englang para7 p.1-2,
English Language,care-empathy,0,0,0,final,0,,,DfE English language content (gov.uk/gce-as-and-a-levels-for-english-language) + AQA English Language 7702 spec-at-a-glance,
English Language,teamwork,0,0,0,final,0,,,DfE English language content (gov.uk/gce-as-and-a-levels-for-english-language) + AQA English Language 7702 spec-at-a-glance,
English Language,customer-service,0,0,0,final,0,,,DfE English language content (gov.uk/gce-as-and-a-levels-for-english-language) + AQA English Language 7702 spec-at-a-glance,
English Language,self-management,2,2,0,final,2,"NEA 'Language in Action' (20%): independent investigation + original writing, self-directed","NEA (20%) requires students to 'undertake independent investigations of language, selecting appropriate methods and techniques' (DfE p.2).","AQA 7702 spec-at-a-glance, NEA 20%",https://assets.publishing.service.gov.uk/media/5a7ea47040f0b6230268a9be/A_level_English_language_subject_content.pdf p.2; https://www.aqa.org.uk/subjects/english/a-level/english-7702/specification/specification-at-a-glance
English Language,critical-thinking,2,3,1,audit,2,A level addition: 'critically evaluate attitudes towards language and its users',"DfE: 'critically evaluate attitudes towards language and its users' (p.2); 'apply critical and creative skills in...evaluation, analysis, interpretation' (p.2).",DFE englang para12 p.2,https://assets.publishing.service.gov.uk/media/5a7ea47040f0b6230268a9be/A_level_English_language_subject_content.pdf p.2; https://www.aqa.org.uk/subjects/english/a-level/english-7702/specification/specification-at-a-glance
English Language,problem-solving,0,0,0,final,0,,,DfE English language content (gov.uk/gce-as-and-a-levels-for-english-language) + AQA English Language 7702 spec-at-a-glance,
English Language,creativity,2,2,0,final,2,NEA includes an Original Writing component (creative writing with commentary),"NEA original writing task (part of 20% NEA, marked out of 25) requires creative production; DfE aim: 'engage creatively and critically' (p.1).",AQA 7702 NEA: Original Writing task,https://assets.publishing.service.gov.uk/media/5a7ea47040f0b6230268a9be/A_level_English_language_subject_content.pdf p.1; https://www.aqa.org.uk/subjects/english/a-level/english-7702/specification/specification-at-a-glance NEA guidance
English Language,content-production,0,0,0,final,0,,,DfE English language content (gov.uk/gce-as-and-a-levels-for-english-language) + AQA English Language 7702 spec-at-a-glance,
English Literature,data-analysis,0,0,0,final,0,,,DfE English literature content (gov.uk/gce-as-and-a-level-for-english-literature) + AQA English Literature A 7712 scheme-of-assessment,
English Literature,programming,0,0,0,final,0,,,DfE English literature content (gov.uk/gce-as-and-a-level-for-english-literature) + AQA English Literature A 7712 scheme-of-assessment,
English Literature,digital-ai,0,0,0,final,0,,,DfE English literature content (gov.uk/gce-as-and-a-level-for-english-literature) + AQA English Literature A 7712 scheme-of-assessment,
English Literature,cyber-security,0,0,0,final,0,,,DfE English literature content (gov.uk/gce-as-and-a-level-for-english-literature) + AQA English Literature A 7712 scheme-of-assessment,
English Literature,numeracy,0,0,0,final,0,,,DfE English literature content (gov.uk/gce-as-and-a-level-for-english-literature) + AQA English Literature A 7712 scheme-of-assessment,
English Literature,scientific-method,0,0,0,final,0,,,DfE English literature content (gov.uk/gce-as-and-a-level-for-english-literature) + AQA English Literature A 7712 scheme-of-assessment,
English Literature,engineering,0,0,0,final,0,,,DfE English literature content (gov.uk/gce-as-and-a-level-for-english-literature) + AQA English Literature A 7712 scheme-of-assessment,
English Literature,practical-making,0,0,0,final,0,,,DfE English literature content (gov.uk/gce-as-and-a-level-for-english-literature) + AQA English Literature A 7712 scheme-of-assessment,
English Literature,sustainability,0,0,0,final,0,,,DfE English literature content (gov.uk/gce-as-and-a-level-for-english-literature) + AQA English Literature A 7712 scheme-of-assessment,
English Literature,commercial,0,0,0,final,0,,,DfE English literature content (gov.uk/gce-as-and-a-level-for-english-literature) + AQA English Literature A 7712 scheme-of-assessment,
English Literature,leadership,0,0,0,final,0,,,DfE English literature content (gov.uk/gce-as-and-a-level-for-english-literature) + AQA English Literature A 7712 scheme-of-assessment,
English Literature,law-ethics,0,0,0,final,0,,,DfE English literature content (gov.uk/gce-as-and-a-level-for-english-literature) + AQA English Literature A 7712 scheme-of-assessment,
English Literature,writing,3,3,0,final,3,Anchor-analog: all assessment (2 papers 80% + NEA 20%) is extended critical essay writing,"DfE: students must 'communicate fluently, accurately and effectively their knowledge, understanding and judgement of texts' (p.2-3); assessed via two 40% exams plus 20% NEA essay.",DFE englit para17 p.2,https://assets.publishing.service.gov.uk/media/5a7eb05740f0b6230268ae6b/A_level_English_literature_content.pdf p.2-3; https://www.aqa.org.uk/subjects/english/a-level/english-7712/specification/specification-at-a-glance
English Literature,speaking,0,0,0,final,0,,,DfE English literature content (gov.uk/gce-as-and-a-level-for-english-literature) + AQA English Literature A 7712 scheme-of-assessment,
English Literature,languages,0,0,0,final,0,,,DfE English literature content (gov.uk/gce-as-and-a-level-for-english-literature) + AQA English Literature A 7712 scheme-of-assessment,
English Literature,care-empathy,0,0,0,final,0,,,DfE English literature content (gov.uk/gce-as-and-a-level-for-english-literature) + AQA English Literature A 7712 scheme-of-assessment,
English Literature,teamwork,0,0,0,final,0,,,DfE English literature content (gov.uk/gce-as-and-a-level-for-english-literature) + AQA English Literature A 7712 scheme-of-assessment,
English Literature,customer-service,0,0,0,final,0,,,DfE English literature content (gov.uk/gce-as-and-a-level-for-english-literature) + AQA English Literature A 7712 scheme-of-assessment,
English Literature,self-management,2,2,0,final,2,"NEA 'Independent critical study: texts across time' (20%), self-directed comparative essay","AQA 7712 NEA (20%) 'Independent critical study: texts across time': one extended essay plus bibliography, independently researched.",AQA 7712 NEA 20% scheme-of-assessment,https://assets.publishing.service.gov.uk/media/5a7eb05740f0b6230268ae6b/A_level_English_literature_content.pdf; https://www.aqa.org.uk/subjects/english/a-level/english-7712/specification/specification-at-a-glance
English Literature,critical-thinking,3,3,0,final,3,Core AO across all components: 'draw on...different interpretations in responding to and evaluating texts',DfE: 'read texts...respond critically and creatively' (p.2); 'draw on their understanding of different interpretations in responding to and evaluating texts' (p.2); core to 100% assessment.,DFE englit para17 p.2,https://assets.publishing.service.gov.uk/media/5a7eb05740f0b6230268ae6b/A_level_English_literature_content.pdf p.2; https://www.aqa.org.uk/subjects/english/a-level/english-7712/specification/specification-at-a-glance
English Literature,problem-solving,0,0,0,final,0,,,DfE English literature content (gov.uk/gce-as-and-a-level-for-english-literature) + AQA English Literature A 7712 scheme-of-assessment,
English Literature,creativity,1,1,0,final,1,,,DfE English literature content (gov.uk/gce-as-and-a-level-for-english-literature) + AQA English Literature A 7712 scheme-of-assessment,
English Literature,content-production,0,0,0,final,0,,,DfE English literature content (gov.uk/gce-as-and-a-level-for-english-literature) + AQA English Literature A 7712 scheme-of-assessment,
English Language & Literature,data-analysis,1,1,0,final,1,,,DfE English language & literature content (gov.uk/gce-as-and-a-level-for-english-language-and-literature) + AQA English Language & Literature 7707 spec-at-a-glance,
English Language & Literature,programming,0,0,0,final,0,,,DfE English language & literature content (gov.uk/gce-as-and-a-level-for-english-language-and-literature) + AQA English Language & Literature 7707 spec-at-a-glance,
English Language & Literature,digital-ai,0,0,0,final,0,,,DfE English language & literature content (gov.uk/gce-as-and-a-level-for-english-language-and-literature) + AQA English Language & Literature 7707 spec-at-a-glance,
English Language & Literature,cyber-security,0,0,0,final,0,,,DfE English language & literature content (gov.uk/gce-as-and-a-level-for-english-language-and-literature) + AQA English Language & Literature 7707 spec-at-a-glance,
English Language & Literature,numeracy,0,0,0,final,0,,,DfE English language & literature content (gov.uk/gce-as-and-a-level-for-english-language-and-literature) + AQA English Language & Literature 7707 spec-at-a-glance,
English Language & Literature,scientific-method,0,0,0,final,0,,,DfE English language & literature content (gov.uk/gce-as-and-a-level-for-english-language-and-literature) + AQA English Language & Literature 7707 spec-at-a-glance,
English Language & Literature,engineering,0,0,0,final,0,,,DfE English language & literature content (gov.uk/gce-as-and-a-level-for-english-language-and-literature) + AQA English Language & Literature 7707 spec-at-a-glance,
English Language & Literature,practical-making,0,0,0,final,0,,,DfE English language & literature content (gov.uk/gce-as-and-a-level-for-english-language-and-literature) + AQA English Language & Literature 7707 spec-at-a-glance,
English Language & Literature,sustainability,0,0,0,final,0,,,DfE English language & literature content (gov.uk/gce-as-and-a-level-for-english-language-and-literature) + AQA English Language & Literature 7707 spec-at-a-glance,
English Language & Literature,commercial,0,0,0,final,0,,,DfE English language & literature content (gov.uk/gce-as-and-a-level-for-english-language-and-literature) + AQA English Language & Literature 7707 spec-at-a-glance,
English Language & Literature,leadership,0,0,0,final,0,,,DfE English language & literature content (gov.uk/gce-as-and-a-level-for-english-language-and-literature) + AQA English Language & Literature 7707 spec-at-a-glance,
English Language & Literature,law-ethics,0,0,0,final,0,,,DfE English language & literature content (gov.uk/gce-as-and-a-level-for-english-language-and-literature) + AQA English Language & Literature 7707 spec-at-a-glance,
English Language & Literature,writing,3,3,0,final,3,All components require extended writing; AO5 requires producing texts for different audiences and purposes,"DfE: 'use a range of techniques to produce and evaluate the effectiveness of texts for different audiences and purposes' (p.2); NEA 'Theory and independence' (20%, two essays) plus two 40% exams.",DFE engll para12 p.2,https://assets.publishing.service.gov.uk/media/5a75afd7e5274a545822d70b/A_level_English_language_and_literature_content.pdf p.2; https://www.aqa.org.uk/subjects/english/a-level/english-7717/specification/specification-at-a-glance
English Language & Literature,speaking,0,0,0,final,0,,,DfE English language & literature content (gov.uk/gce-as-and-a-level-for-english-language-and-literature) + AQA English Language & Literature 7707 spec-at-a-glance,
English Language & Literature,languages,1,1,0,final,1,Studies language as a discipline (linguistics) but is not a foreign language,,DFE engll para8 p.2,
English Language & Literature,care-empathy,0,0,0,final,0,,,DfE English language & literature content (gov.uk/gce-as-and-a-level-for-english-language-and-literature) + AQA English Language & Literature 7707 spec-at-a-glance,
English Language & Literature,teamwork,0,0,0,final,0,,,DfE English language & literature content (gov.uk/gce-as-and-a-level-for-english-language-and-literature) + AQA English Language & Literature 7707 spec-at-a-glance,
English Language & Literature,customer-service,0,0,0,final,0,,,DfE English language & literature content (gov.uk/gce-as-and-a-level-for-english-language-and-literature) + AQA English Language & Literature 7707 spec-at-a-glance,
English Language & Literature,self-management,2,2,0,final,2,"NEA 'Making connections' (20%): personal investigation exploring a technique/theme, self-directed","AQA 7717 NEA (20%, 'Theory and independence'): two essays; DfE requires students to 'undertake independent and sustained studies' (p.1).",AQA 7707 NEA 20% spec-at-a-glance,https://assets.publishing.service.gov.uk/media/5a75afd7e5274a545822d70b/A_level_English_language_and_literature_content.pdf p.1; https://www.aqa.org.uk/subjects/english/a-level/english-7717/specification/specification-at-a-glance
English Language & Literature,critical-thinking,3,3,0,final,3,Core AO combining literary and linguistic critical analysis across all components,DfE: 'explore connections across a wide range of literary and non-literary texts' and 'synthesise and reflect' (p.2); core to 100% assessment (exams + NEA).,DFE engll para12 p.2,https://assets.publishing.service.gov.uk/media/5a75afd7e5274a545822d70b/A_level_English_language_and_literature_content.pdf p.2; https://www.aqa.org.uk/subjects/english/a-level/english-7717/specification/specification-at-a-glance
English Language & Literature,problem-solving,0,0,0,final,0,,,DfE English language & literature content (gov.uk/gce-as-and-a-level-for-english-language-and-literature) + AQA English Language & Literature 7707 spec-at-a-glance,
English Language & Literature,creativity,2,2,0,final,2,"'Use English appropriately, accurately and creatively'; production of texts for different audiences is an assessed AO","DfE requires students to 'use English appropriately, accurately and creatively' (p.2) and 'engage creatively and critically with a wide range of texts' (p.1).",DFE engll para12 p.2,https://assets.publishing.service.gov.uk/media/5a75afd7e5274a545822d70b/A_level_English_language_and_literature_content.pdf p.1-2; https://www.aqa.org.uk/subjects/english/a-level/english-7717/specification/specification-at-a-glance
English Language & Literature,content-production,0,0,0,final,0,,,DfE English language & literature content (gov.uk/gce-as-and-a-level-for-english-language-and-literature) + AQA English Language & Literature 7707 spec-at-a-glance,
French,data-analysis,0,0,0,final,0,,,DfE modern foreign languages content (gov.uk/gce-as-and-a-level-modern-foreign-languages) + AQA French 7652 spec-at-a-glance,
French,programming,0,0,0,final,0,,,DfE modern foreign languages content (gov.uk/gce-as-and-a-level-modern-foreign-languages) + AQA French 7652 spec-at-a-glance,
French,digital-ai,1,1,0,final,1,,,DfE modern foreign languages content (gov.uk/gce-as-and-a-level-modern-foreign-languages) + AQA French 7652 spec-at-a-glance,
French,cyber-security,0,0,0,final,0,,,DfE modern foreign languages content (gov.uk/gce-as-and-a-level-modern-foreign-languages) + AQA French 7652 spec-at-a-glance,
French,numeracy,0,0,0,final,0,,,DfE modern foreign languages content (gov.uk/gce-as-and-a-level-modern-foreign-languages) + AQA French 7652 spec-at-a-glance,
French,scientific-method,0,0,0,final,0,,,DfE modern foreign languages content (gov.uk/gce-as-and-a-level-modern-foreign-languages) + AQA French 7652 spec-at-a-glance,
French,engineering,0,0,0,final,0,,,DfE modern foreign languages content (gov.uk/gce-as-and-a-level-modern-foreign-languages) + AQA French 7652 spec-at-a-glance,
French,practical-making,0,0,0,final,0,,,DfE modern foreign languages content (gov.uk/gce-as-and-a-level-modern-foreign-languages) + AQA French 7652 spec-at-a-glance,
French,sustainability,0,0,0,final,0,,,DfE modern foreign languages content (gov.uk/gce-as-and-a-level-modern-foreign-languages) + AQA French 7652 spec-at-a-glance,
French,commercial,0,0,0,final,0,,,DfE modern foreign languages content (gov.uk/gce-as-and-a-level-modern-foreign-languages) + AQA French 7652 spec-at-a-glance,
French,leadership,0,0,0,final,0,,,DfE modern foreign languages content (gov.uk/gce-as-and-a-level-modern-foreign-languages) + AQA French 7652 spec-at-a-glance,
French,law-ethics,0,0,0,final,0,,,DfE modern foreign languages content (gov.uk/gce-as-and-a-level-modern-foreign-languages) + AQA French 7652 spec-at-a-glance,
French,writing,2,3,1,lower,2,"Paper 2 Writing is a named 20%-weighted paper (essay on literary work/film in language of study, plus translation)","AQA 7652 Paper 2 (Writing, 20%) plus Paper 1 writing tasks; DfE requires 'develop arguments; persuade; and analyse and evaluate' in writing, and translation both ways (p.4-5).","AQA 7652 Paper 2, 20%",https://assets.publishing.service.gov.uk/media/64aebaa0fe36e0000d6fa848/GCE_AS_and_A_level_subject_content_for_modern_foreign_languages.pdf p.4-5; https://www.aqa.org.uk/subjects/french/a-level/french-7652/specification/specification-at-a-glance
French,speaking,3,3,0,final,3,"Anchor A13: Paper 3 speaking exam, 30% of A-level, includes presentation/discussion of individual research project","AQA 7652 Paper 3: a speaking exam worth 30%, including presentation and discussion of an individual research project. DfE MFL: communicate 'through oral presentation and discussion' (p.6).","AQA 7652 Paper 3, 30%, spec-at-a-glance",https://assets.publishing.service.gov.uk/media/64aebaa0fe36e0000d6fa848/GCE_AS_and_A_level_subject_content_for_modern_foreign_languages.pdf p.6; https://www.aqa.org.uk/subjects/french/a-level/french-7652/specification/specification-at-a-glance
French,languages,3,3,0,final,3,Anchor A13: DfE MFL communicate 'through oral presentation and discussion'; core to the qualification,"AQA 7652 Paper 3: a speaking exam worth 30%, including presentation and discussion of an individual research project. DfE MFL: communicate 'through oral presentation and discussion' (p.6).",DFE MFL para3 p.3,https://assets.publishing.service.gov.uk/media/64aebaa0fe36e0000d6fa848/GCE_AS_and_A_level_subject_content_for_modern_foreign_languages.pdf p.6; https://www.aqa.org.uk/subjects/french/a-level/french-7652/specification/specification-at-a-glance
French,care-empathy,0,0,0,final,0,,,DfE modern foreign languages content (gov.uk/gce-as-and-a-level-modern-foreign-languages) + AQA French 7652 spec-at-a-glance,
French,teamwork,0,0,0,final,0,,,DfE modern foreign languages content (gov.uk/gce-as-and-a-level-modern-foreign-languages) + AQA French 7652 spec-at-a-glance,
French,customer-service,0,0,0,final,0,,,DfE modern foreign languages content (gov.uk/gce-as-and-a-level-modern-foreign-languages) + AQA French 7652 spec-at-a-glance,
French,self-management,2,2,0,final,2,"DfE requires independent research skills, 'initiate and conduct individual research'; assessed within Paper 3 (30%, incl. oral exam)","A level requires an independent research project ('identify a key question...select relevant information...analyse and summarise', DfE p.6), assessed as a live oral performance in Paper 3 (30%).",DFE MFL para14 p.6,https://assets.publishing.service.gov.uk/media/64aebaa0fe36e0000d6fa848/GCE_AS_and_A_level_subject_content_for_modern_foreign_languages.pdf p.6; https://www.aqa.org.uk/subjects/french/a-level/french-7652/specification/specification-at-a-glance
French,critical-thinking,2,2,0,final,2,"'Engage critically with intellectually stimulating texts, films'; critical response to literary work/film assessed in Paper 2 (20%)","DfE: 'develop their capacity for critical and analytical thinking through the language of study' (p.4, A-level only); assessed via 2 literary/film works and the research project.","DFE MFL para3,11 p.3,6",https://assets.publishing.service.gov.uk/media/64aebaa0fe36e0000d6fa848/GCE_AS_and_A_level_subject_content_for_modern_foreign_languages.pdf p.4; https://www.aqa.org.uk/subjects/french/a-level/french-7652/specification/specification-at-a-glance
French,problem-solving,0,0,0,final,0,,,DfE modern foreign languages content (gov.uk/gce-as-and-a-level-modern-foreign-languages) + AQA French 7652 spec-at-a-glance,
French,creativity,1,1,0,final,1,,,DfE modern foreign languages content (gov.uk/gce-as-and-a-level-modern-foreign-languages) + AQA French 7652 spec-at-a-glance,
French,content-production,0,0,0,final,0,,,DfE modern foreign languages content (gov.uk/gce-as-and-a-level-modern-foreign-languages) + AQA French 7652 spec-at-a-glance,
Spanish,data-analysis,0,0,0,final,0,,,DfE modern foreign languages content (gov.uk/gce-as-and-a-level-modern-foreign-languages) + AQA Spanish 7692 (same structure as French 7652),
Spanish,programming,0,0,0,final,0,,,DfE modern foreign languages content (gov.uk/gce-as-and-a-level-modern-foreign-languages) + AQA Spanish 7692 (same structure as French 7652),
Spanish,digital-ai,1,1,0,final,1,,,DfE modern foreign languages content (gov.uk/gce-as-and-a-level-modern-foreign-languages) + AQA Spanish 7692 (same structure as French 7652),
Spanish,cyber-security,0,0,0,final,0,,,DfE modern foreign languages content (gov.uk/gce-as-and-a-level-modern-foreign-languages) + AQA Spanish 7692 (same structure as French 7652),
Spanish,numeracy,0,0,0,final,0,,,DfE modern foreign languages content (gov.uk/gce-as-and-a-level-modern-foreign-languages) + AQA Spanish 7692 (same structure as French 7652),
Spanish,scientific-method,0,0,0,final,0,,,DfE modern foreign languages content (gov.uk/gce-as-and-a-level-modern-foreign-languages) + AQA Spanish 7692 (same structure as French 7652),
Spanish,engineering,0,0,0,final,0,,,DfE modern foreign languages content (gov.uk/gce-as-and-a-level-modern-foreign-languages) + AQA Spanish 7692 (same structure as French 7652),
Spanish,practical-making,0,0,0,final,0,,,DfE modern foreign languages content (gov.uk/gce-as-and-a-level-modern-foreign-languages) + AQA Spanish 7692 (same structure as French 7652),
Spanish,sustainability,0,0,0,final,0,,,DfE modern foreign languages content (gov.uk/gce-as-and-a-level-modern-foreign-languages) + AQA Spanish 7692 (same structure as French 7652),
Spanish,commercial,0,0,0,final,0,,,DfE modern foreign languages content (gov.uk/gce-as-and-a-level-modern-foreign-languages) + AQA Spanish 7692 (same structure as French 7652),
Spanish,leadership,0,0,0,final,0,,,DfE modern foreign languages content (gov.uk/gce-as-and-a-level-modern-foreign-languages) + AQA Spanish 7692 (same structure as French 7652),
Spanish,law-ethics,0,0,0,final,0,,,DfE modern foreign languages content (gov.uk/gce-as-and-a-level-modern-foreign-languages) + AQA Spanish 7692 (same structure as French 7652),
Spanish,writing,2,3,1,lower,2,"Paper 2 Writing is a named 20%-weighted paper (essay on literary work/film in language of study, plus translation)","AQA 7692 Paper 2 (Writing, 20%) plus Paper 1 writing tasks; DfE requires 'develop arguments; persuade; and analyse and evaluate' in writing, and translation both ways (p.4-5).","AQA 7692 Paper 2, 20% (same structure as French 7652)",https://assets.publishing.service.gov.uk/media/64aebaa0fe36e0000d6fa848/GCE_AS_and_A_level_subject_content_for_modern_foreign_languages.pdf p.4-5; https://www.aqa.org.uk/subjects/spanish/a-level/spanish-7692/specification/specification-at-a-glance
Spanish,speaking,3,3,0,final,3,"Anchor A13: Paper 3 speaking exam, 30% of A-level, includes presentation/discussion of individual research project","AQA 7652 Paper 3: a speaking exam worth 30%, including presentation and discussion of an individual research project. DfE MFL: communicate 'through oral presentation and discussion' (p.6).","AQA 7692 Paper 3, 30% (same structure as French 7652)",https://assets.publishing.service.gov.uk/media/64aebaa0fe36e0000d6fa848/GCE_AS_and_A_level_subject_content_for_modern_foreign_languages.pdf p.6; https://www.aqa.org.uk/subjects/spanish/a-level/spanish-7692/specification/specification-at-a-glance
Spanish,languages,3,3,0,final,3,Anchor A13: DfE MFL communicate 'through oral presentation and discussion'; core to the qualification,"AQA 7652 Paper 3: a speaking exam worth 30%, including presentation and discussion of an individual research project. DfE MFL: communicate 'through oral presentation and discussion' (p.6).",DFE MFL para3 p.3,https://assets.publishing.service.gov.uk/media/64aebaa0fe36e0000d6fa848/GCE_AS_and_A_level_subject_content_for_modern_foreign_languages.pdf p.6; https://www.aqa.org.uk/subjects/spanish/a-level/spanish-7692/specification/specification-at-a-glance
Spanish,care-empathy,0,0,0,final,0,,,DfE modern foreign languages content (gov.uk/gce-as-and-a-level-modern-foreign-languages) + AQA Spanish 7692 (same structure as French 7652),
Spanish,teamwork,0,0,0,final,0,,,DfE modern foreign languages content (gov.uk/gce-as-and-a-level-modern-foreign-languages) + AQA Spanish 7692 (same structure as French 7652),
Spanish,customer-service,0,0,0,final,0,,,DfE modern foreign languages content (gov.uk/gce-as-and-a-level-modern-foreign-languages) + AQA Spanish 7692 (same structure as French 7652),
Spanish,self-management,2,2,0,final,2,"DfE requires independent research skills, 'initiate and conduct individual research'; assessed within Paper 3 (30%, incl. oral exam)","A level requires an independent research project ('identify a key question...select relevant information...analyse and summarise', DfE p.6), assessed as a live oral performance in Paper 3 (30%).",DFE MFL para14 p.6,https://assets.publishing.service.gov.uk/media/64aebaa0fe36e0000d6fa848/GCE_AS_and_A_level_subject_content_for_modern_foreign_languages.pdf p.6; https://www.aqa.org.uk/subjects/spanish/a-level/spanish-7692/specification/specification-at-a-glance
Spanish,critical-thinking,2,2,0,final,2,"'Engage critically with intellectually stimulating texts, films'; critical response to literary work/film assessed in Paper 2 (20%)","DfE: 'develop their capacity for critical and analytical thinking through the language of study' (p.4, A-level only); assessed via 2 literary/film works and the research project.","DFE MFL para3,11 p.3,6",https://assets.publishing.service.gov.uk/media/64aebaa0fe36e0000d6fa848/GCE_AS_and_A_level_subject_content_for_modern_foreign_languages.pdf p.4; https://www.aqa.org.uk/subjects/spanish/a-level/spanish-7692/specification/specification-at-a-glance
Spanish,problem-solving,0,0,0,final,0,,,DfE modern foreign languages content (gov.uk/gce-as-and-a-level-modern-foreign-languages) + AQA Spanish 7692 (same structure as French 7652),
Spanish,creativity,1,1,0,final,1,,,DfE modern foreign languages content (gov.uk/gce-as-and-a-level-modern-foreign-languages) + AQA Spanish 7692 (same structure as French 7652),
Spanish,content-production,0,0,0,final,0,,,DfE modern foreign languages content (gov.uk/gce-as-and-a-level-modern-foreign-languages) + AQA Spanish 7692 (same structure as French 7652),
German,data-analysis,0,0,0,final,0,,,DfE modern foreign languages content (gov.uk/gce-as-and-a-level-modern-foreign-languages) + AQA German 7662 (same structure as French 7652),
German,programming,0,0,0,final,0,,,DfE modern foreign languages content (gov.uk/gce-as-and-a-level-modern-foreign-languages) + AQA German 7662 (same structure as French 7652),
German,digital-ai,1,1,0,final,1,,,DfE modern foreign languages content (gov.uk/gce-as-and-a-level-modern-foreign-languages) + AQA German 7662 (same structure as French 7652),
German,cyber-security,0,0,0,final,0,,,DfE modern foreign languages content (gov.uk/gce-as-and-a-level-modern-foreign-languages) + AQA German 7662 (same structure as French 7652),
German,numeracy,0,0,0,final,0,,,DfE modern foreign languages content (gov.uk/gce-as-and-a-level-modern-foreign-languages) + AQA German 7662 (same structure as French 7652),
German,scientific-method,0,0,0,final,0,,,DfE modern foreign languages content (gov.uk/gce-as-and-a-level-modern-foreign-languages) + AQA German 7662 (same structure as French 7652),
German,engineering,0,0,0,final,0,,,DfE modern foreign languages content (gov.uk/gce-as-and-a-level-modern-foreign-languages) + AQA German 7662 (same structure as French 7652),
German,practical-making,0,0,0,final,0,,,DfE modern foreign languages content (gov.uk/gce-as-and-a-level-modern-foreign-languages) + AQA German 7662 (same structure as French 7652),
German,sustainability,0,0,0,final,0,,,DfE modern foreign languages content (gov.uk/gce-as-and-a-level-modern-foreign-languages) + AQA German 7662 (same structure as French 7652),
German,commercial,0,0,0,final,0,,,DfE modern foreign languages content (gov.uk/gce-as-and-a-level-modern-foreign-languages) + AQA German 7662 (same structure as French 7652),
German,leadership,0,0,0,final,0,,,DfE modern foreign languages content (gov.uk/gce-as-and-a-level-modern-foreign-languages) + AQA German 7662 (same structure as French 7652),
German,law-ethics,0,0,0,final,0,,,DfE modern foreign languages content (gov.uk/gce-as-and-a-level-modern-foreign-languages) + AQA German 7662 (same structure as French 7652),
German,writing,2,3,1,lower,2,"Paper 2 Writing is a named 20%-weighted paper (essay on literary work/film in language of study, plus translation)","AQA 7662 Paper 2 (Writing, 20%) plus Paper 1 writing tasks; DfE requires 'develop arguments; persuade; and analyse and evaluate' in writing, and translation both ways (p.4-5).","AQA 7662 Paper 2, 20% (same structure as French 7652)",https://assets.publishing.service.gov.uk/media/64aebaa0fe36e0000d6fa848/GCE_AS_and_A_level_subject_content_for_modern_foreign_languages.pdf p.4-5; https://www.aqa.org.uk/subjects/german/a-level/german-7662/specification/specification-at-a-glance
German,speaking,3,3,0,final,3,"Anchor A13: Paper 3 speaking exam, 30% of A-level, includes presentation/discussion of individual research project","AQA 7652 Paper 3: a speaking exam worth 30%, including presentation and discussion of an individual research project. DfE MFL: communicate 'through oral presentation and discussion' (p.6).","AQA 7662 Paper 3, 30% (same structure as French 7652)",https://assets.publishing.service.gov.uk/media/64aebaa0fe36e0000d6fa848/GCE_AS_and_A_level_subject_content_for_modern_foreign_languages.pdf p.6; https://www.aqa.org.uk/subjects/german/a-level/german-7662/specification/specification-at-a-glance
German,languages,3,3,0,final,3,Anchor A13: DfE MFL communicate 'through oral presentation and discussion'; core to the qualification,"AQA 7652 Paper 3: a speaking exam worth 30%, including presentation and discussion of an individual research project. DfE MFL: communicate 'through oral presentation and discussion' (p.6).",DFE MFL para3 p.3,https://assets.publishing.service.gov.uk/media/64aebaa0fe36e0000d6fa848/GCE_AS_and_A_level_subject_content_for_modern_foreign_languages.pdf p.6; https://www.aqa.org.uk/subjects/german/a-level/german-7662/specification/specification-at-a-glance
German,care-empathy,0,0,0,final,0,,,DfE modern foreign languages content (gov.uk/gce-as-and-a-level-modern-foreign-languages) + AQA German 7662 (same structure as French 7652),
German,teamwork,0,0,0,final,0,,,DfE modern foreign languages content (gov.uk/gce-as-and-a-level-modern-foreign-languages) + AQA German 7662 (same structure as French 7652),
German,customer-service,0,0,0,final,0,,,DfE modern foreign languages content (gov.uk/gce-as-and-a-level-modern-foreign-languages) + AQA German 7662 (same structure as French 7652),
German,self-management,2,2,0,final,2,"DfE requires independent research skills, 'initiate and conduct individual research'; assessed within Paper 3 (30%, incl. oral exam)","A level requires an independent research project ('identify a key question...select relevant information...analyse and summarise', DfE p.6), assessed as a live oral performance in Paper 3 (30%).",DFE MFL para14 p.6,https://assets.publishing.service.gov.uk/media/64aebaa0fe36e0000d6fa848/GCE_AS_and_A_level_subject_content_for_modern_foreign_languages.pdf p.6; https://www.aqa.org.uk/subjects/german/a-level/german-7662/specification/specification-at-a-glance
German,critical-thinking,2,2,0,final,2,"'Engage critically with intellectually stimulating texts, films'; critical response to literary work/film assessed in Paper 2 (20%)","DfE: 'develop their capacity for critical and analytical thinking through the language of study' (p.4, A-level only); assessed via 2 literary/film works and the research project.","DFE MFL para3,11 p.3,6",https://assets.publishing.service.gov.uk/media/64aebaa0fe36e0000d6fa848/GCE_AS_and_A_level_subject_content_for_modern_foreign_languages.pdf p.4; https://www.aqa.org.uk/subjects/german/a-level/german-7662/specification/specification-at-a-glance
German,problem-solving,0,0,0,final,0,,,DfE modern foreign languages content (gov.uk/gce-as-and-a-level-modern-foreign-languages) + AQA German 7662 (same structure as French 7652),
German,creativity,1,1,0,final,1,,,DfE modern foreign languages content (gov.uk/gce-as-and-a-level-modern-foreign-languages) + AQA German 7662 (same structure as French 7652),
German,content-production,0,0,0,final,0,,,DfE modern foreign languages content (gov.uk/gce-as-and-a-level-modern-foreign-languages) + AQA German 7662 (same structure as French 7652),
Chinese (Mandarin),data-analysis,0,0,0,final,0,,,DfE modern foreign languages content (gov.uk/gce-as-and-a-level-modern-foreign-languages) + Pearson Edexcel Chinese 9CN0 spec + savemyexams summary,
Chinese (Mandarin),programming,0,0,0,final,0,,,DfE modern foreign languages content (gov.uk/gce-as-and-a-level-modern-foreign-languages) + Pearson Edexcel Chinese 9CN0 spec + savemyexams summary,
Chinese (Mandarin),digital-ai,0,1,1,lower,0,,,DfE modern foreign languages content (gov.uk/gce-as-and-a-level-modern-foreign-languages) + Pearson Edexcel Chinese 9CN0 spec + savemyexams summary,
Chinese (Mandarin),cyber-security,0,0,0,final,0,,,DfE modern foreign languages content (gov.uk/gce-as-and-a-level-modern-foreign-languages) + Pearson Edexcel Chinese 9CN0 spec + savemyexams summary,
Chinese (Mandarin),numeracy,0,0,0,final,0,,,DfE modern foreign languages content (gov.uk/gce-as-and-a-level-modern-foreign-languages) + Pearson Edexcel Chinese 9CN0 spec + savemyexams summary,
Chinese (Mandarin),scientific-method,0,0,0,final,0,,,DfE modern foreign languages content (gov.uk/gce-as-and-a-level-modern-foreign-languages) + Pearson Edexcel Chinese 9CN0 spec + savemyexams summary,
Chinese (Mandarin),engineering,0,0,0,final,0,,,DfE modern foreign languages content (gov.uk/gce-as-and-a-level-modern-foreign-languages) + Pearson Edexcel Chinese 9CN0 spec + savemyexams summary,
Chinese (Mandarin),practical-making,0,0,0,final,0,,,DfE modern foreign languages content (gov.uk/gce-as-and-a-level-modern-foreign-languages) + Pearson Edexcel Chinese 9CN0 spec + savemyexams summary,
Chinese (Mandarin),sustainability,0,0,0,final,0,,,DfE modern foreign languages content (gov.uk/gce-as-and-a-level-modern-foreign-languages) + Pearson Edexcel Chinese 9CN0 spec + savemyexams summary,
Chinese (Mandarin),commercial,0,0,0,final,0,,,DfE modern foreign languages content (gov.uk/gce-as-and-a-level-modern-foreign-languages) + Pearson Edexcel Chinese 9CN0 spec + savemyexams summary,
Chinese (Mandarin),leadership,0,0,0,final,0,,,DfE modern foreign languages content (gov.uk/gce-as-and-a-level-modern-foreign-languages) + Pearson Edexcel Chinese 9CN0 spec + savemyexams summary,
Chinese (Mandarin),law-ethics,0,0,0,final,0,,,DfE modern foreign languages content (gov.uk/gce-as-and-a-level-modern-foreign-languages) + Pearson Edexcel Chinese 9CN0 spec + savemyexams summary,
Chinese (Mandarin),writing,2,2,0,final,2,"Paper 2 'written response to works and translation', 30%: essays on novel/film plus translation",DfE Chinese exception: comprehension answers may be in English 'unless writing skills are also intentionally being assessed'; literary/film responses still required in Chinese (p.7).,"Pearson 9CN0 Paper 2, 30%",https://assets.publishing.service.gov.uk/media/64aebaa0fe36e0000d6fa848/GCE_AS_and_A_level_subject_content_for_modern_foreign_languages.pdf p.7; https://qualifications.pearson.com/en/qualifications/edexcel-a-levels/chinese-2017.html
Chinese (Mandarin),speaking,3,3,0,final,3,"Paper 3 Speaking, 30% of qualification, internally conducted/externally assessed oral exam","Pearson Edexcel 9CN0 Paper 3 Speaking = 30% (72 marks), including presentation and discussion of an individual research project.","Pearson 9CN0 Paper 3, 30%",https://qualifications.pearson.com/en/qualifications/edexcel-a-levels/chinese-2017.html
Chinese (Mandarin),languages,3,3,0,final,3,Core to the qualification; DfE MFL communication aims apply to Chinese via the main MFL document,"Chinese is a defining foreign-language A level; DfE MFL Chinese annex retains full oral assessment (Edexcel Paper 3 Speaking, 30%, 72 marks) despite comprehension exceptions.",DFE MFL para3 p.3 + Chinese annex p.7,https://assets.publishing.service.gov.uk/media/64aebaa0fe36e0000d6fa848/GCE_AS_and_A_level_subject_content_for_modern_foreign_languages.pdf p.7; https://qualifications.pearson.com/en/qualifications/edexcel-a-levels/chinese-2017.html
Chinese (Mandarin),care-empathy,0,0,0,final,0,,,DfE modern foreign languages content (gov.uk/gce-as-and-a-level-modern-foreign-languages) + Pearson Edexcel Chinese 9CN0 spec + savemyexams summary,
Chinese (Mandarin),teamwork,0,0,0,final,0,,,DfE modern foreign languages content (gov.uk/gce-as-and-a-level-modern-foreign-languages) + Pearson Edexcel Chinese 9CN0 spec + savemyexams summary,
Chinese (Mandarin),customer-service,0,0,0,final,0,,,DfE modern foreign languages content (gov.uk/gce-as-and-a-level-modern-foreign-languages) + Pearson Edexcel Chinese 9CN0 spec + savemyexams summary,
Chinese (Mandarin),self-management,2,2,0,final,2,"DfE MFL para14 requires independent research skills for all modern languages incl. Chinese (exceptions annex covers only comprehension language, not this)","A level research-skills requirement (DfE p.6, applies to Chinese) feeds into an individual research project assessed as a live oral performance.","DFE MFL para14 p.6 (hard call, see notes)",https://assets.publishing.service.gov.uk/media/64aebaa0fe36e0000d6fa848/GCE_AS_and_A_level_subject_content_for_modern_foreign_languages.pdf p.6; https://qualifications.pearson.com/en/qualifications/edexcel-a-levels/chinese-2017.html
Chinese (Mandarin),critical-thinking,2,2,0,final,2,Critical response to literary/film set works assessed in Paper 2 (30%),"Literary/film works are studied critically with responses required 'in the language of study' (DfE p.7 exceptions annex), regularly assessed.",Pearson 9CN0 Paper 2,https://assets.publishing.service.gov.uk/media/64aebaa0fe36e0000d6fa848/GCE_AS_and_A_level_subject_content_for_modern_foreign_languages.pdf p.7; https://qualifications.pearson.com/en/qualifications/edexcel-a-levels/chinese-2017.html
Chinese (Mandarin),problem-solving,0,0,0,final,0,,,DfE modern foreign languages content (gov.uk/gce-as-and-a-level-modern-foreign-languages) + Pearson Edexcel Chinese 9CN0 spec + savemyexams summary,
Chinese (Mandarin),creativity,1,1,0,final,1,,,DfE modern foreign languages content (gov.uk/gce-as-and-a-level-modern-foreign-languages) + Pearson Edexcel Chinese 9CN0 spec + savemyexams summary,
Chinese (Mandarin),content-production,0,0,0,final,0,,,DfE modern foreign languages content (gov.uk/gce-as-and-a-level-modern-foreign-languages) + Pearson Edexcel Chinese 9CN0 spec + savemyexams summary,
Art & Design (Fine Art),data-analysis,0,0,0,final,0,,,DfE art and design content (gov.uk/gce-as-and-a-level-for-art-and-design) + AQA Art & Design 7202 scheme-of-assessment,
Art & Design (Fine Art),programming,0,0,0,final,0,,,DfE art and design content (gov.uk/gce-as-and-a-level-for-art-and-design) + AQA Art & Design 7202 scheme-of-assessment,
Art & Design (Fine Art),digital-ai,1,1,0,final,1,,,DfE art and design content (gov.uk/gce-as-and-a-level-for-art-and-design) + AQA Art & Design 7202 scheme-of-assessment,
Art & Design (Fine Art),cyber-security,0,0,0,final,0,,,DfE art and design content (gov.uk/gce-as-and-a-level-for-art-and-design) + AQA Art & Design 7202 scheme-of-assessment,
Art & Design (Fine Art),numeracy,0,0,0,final,0,,,DfE art and design content (gov.uk/gce-as-and-a-level-for-art-and-design) + AQA Art & Design 7202 scheme-of-assessment,
Art & Design (Fine Art),scientific-method,0,0,0,final,0,,,DfE art and design content (gov.uk/gce-as-and-a-level-for-art-and-design) + AQA Art & Design 7202 scheme-of-assessment,
Art & Design (Fine Art),engineering,0,0,0,final,0,,,DfE art and design content (gov.uk/gce-as-and-a-level-for-art-and-design) + AQA Art & Design 7202 scheme-of-assessment,
Art & Design (Fine Art),practical-making,3,3,0,final,3,Core practical skill: 'apply knowledge and understanding in making images and artefacts'; 100% NEA,"100% NEA: Personal Investigation (60%) + Externally Set Assignment (40%), both practical portfolio work. DfE: 'apply knowledge and understanding in making images and artefacts' (p.2).",DFE art para7 p.1-2,https://assets.publishing.service.gov.uk/media/5a7ec531ed915d74e33f24fd/A_level_art_and_design_subject_content.pdf p.2; https://www.aqa.org.uk/subjects/art-and-design/a-level/art-and-design-7202/specification/specification-at-a-glance
Art & Design (Fine Art),sustainability,0,0,0,final,0,,,DfE art and design content (gov.uk/gce-as-and-a-level-for-art-and-design) + AQA Art & Design 7202 scheme-of-assessment,
Art & Design (Fine Art),commercial,0,0,0,final,0,,,DfE art and design content (gov.uk/gce-as-and-a-level-for-art-and-design) + AQA Art & Design 7202 scheme-of-assessment,
Art & Design (Fine Art),leadership,0,0,0,final,0,,,DfE art and design content (gov.uk/gce-as-and-a-level-for-art-and-design) + AQA Art & Design 7202 scheme-of-assessment,
Art & Design (Fine Art),law-ethics,0,0,0,final,0,,,DfE art and design content (gov.uk/gce-as-and-a-level-for-art-and-design) + AQA Art & Design 7202 scheme-of-assessment,
Art & Design (Fine Art),writing,2,2,0,final,2,"Personal Investigation requires 1000-3000 words of supporting written work (Component 1, 60%)","Personal Investigation NEA requires 'between 1000 and 3000 words of continuous prose' (Component 1, 60% of A-level).",AQA 7202 scheme-of-assessment,https://www.aqa.org.uk/subjects/art-and-design/a-level/art-and-design-7202/specification/specification-at-a-glance
Art & Design (Fine Art),speaking,0,0,0,final,0,,,DfE art and design content (gov.uk/gce-as-and-a-level-for-art-and-design) + AQA Art & Design 7202 scheme-of-assessment,
Art & Design (Fine Art),languages,0,0,0,final,0,,,DfE art and design content (gov.uk/gce-as-and-a-level-for-art-and-design) + AQA Art & Design 7202 scheme-of-assessment,
Art & Design (Fine Art),care-empathy,0,0,0,final,0,,,DfE art and design content (gov.uk/gce-as-and-a-level-for-art-and-design) + AQA Art & Design 7202 scheme-of-assessment,
Art & Design (Fine Art),teamwork,0,0,0,final,0,,,DfE art and design content (gov.uk/gce-as-and-a-level-for-art-and-design) + AQA Art & Design 7202 scheme-of-assessment,
Art & Design (Fine Art),customer-service,0,0,0,final,0,,,DfE art and design content (gov.uk/gce-as-and-a-level-for-art-and-design) + AQA Art & Design 7202 scheme-of-assessment,
Art & Design (Fine Art),self-management,3,3,0,final,3,"Rule 4: Personal Investigation alone is 60% NEA, self-directed extended project","Rule 4 anchor: the Personal Investigation (60% NEA, Component 1) is a self-directed extended project >=50% of the qualification.","AQA 7202 Component 1, 60% NEA",https://www.aqa.org.uk/subjects/art-and-design/a-level/art-and-design-7202/specification/specification-at-a-glance
Art & Design (Fine Art),critical-thinking,2,2,0,final,2,"'Explore relevant resources; analyse, discuss and evaluate images, objects and artefacts; make independent judgements'","DfE: 'explore relevant resources; analyse, discuss and evaluate images, objects and artefacts; and make and record independent judgements' (p.2), assessed within the personal investigation.",DFE art para7 p.1-2,https://assets.publishing.service.gov.uk/media/5a7ec531ed915d74e33f24fd/A_level_art_and_design_subject_content.pdf p.2; https://www.aqa.org.uk/subjects/art-and-design/a-level/art-and-design-7202/specification/specification-at-a-glance
Art & Design (Fine Art),problem-solving,1,0,1,lower,0,,,DfE art and design content (gov.uk/gce-as-and-a-level-for-art-and-design) + AQA Art & Design 7202 scheme-of-assessment,
Art & Design (Fine Art),creativity,3,3,0,final,3,"Core to qualification: 'intellectual, imaginative, creative and intuitive capabilities', 100% NEA","DfE: 'intellectual, imaginative, creative and intuitive capabilities' and 'independence of mind in developing...own ideas' (p.1); 100% of the A-level is NEA personal/externally-set projects.",DFE art para2 p.1,https://assets.publishing.service.gov.uk/media/5a7ec531ed915d74e33f24fd/A_level_art_and_design_subject_content.pdf p.1; https://www.aqa.org.uk/subjects/art-and-design/a-level/art-and-design-7202/specification/specification-at-a-glance
Art & Design (Fine Art),content-production,1,1,0,final,1,,,DfE art and design content (gov.uk/gce-as-and-a-level-for-art-and-design) + AQA Art & Design 7202 scheme-of-assessment,
Graphic Communication,data-analysis,0,0,0,final,0,,,DfE art and design content (gov.uk/gce-as-and-a-level-for-art-and-design) + AQA Art & Design 7202 scheme-of-assessment,
Graphic Communication,programming,0,0,0,final,0,,,DfE art and design content (gov.uk/gce-as-and-a-level-for-art-and-design) + AQA Art & Design 7202 scheme-of-assessment,
Graphic Communication,digital-ai,2,1,1,lower,1,Students may work entirely in digital media,,DFE art para8 p.1,
Graphic Communication,cyber-security,0,0,0,final,0,,,DfE art and design content (gov.uk/gce-as-and-a-level-for-art-and-design) + AQA Art & Design 7202 scheme-of-assessment,
Graphic Communication,numeracy,0,0,0,final,0,,,DfE art and design content (gov.uk/gce-as-and-a-level-for-art-and-design) + AQA Art & Design 7202 scheme-of-assessment,
Graphic Communication,scientific-method,0,0,0,final,0,,,DfE art and design content (gov.uk/gce-as-and-a-level-for-art-and-design) + AQA Art & Design 7202 scheme-of-assessment,
Graphic Communication,engineering,0,0,0,final,0,,,DfE art and design content (gov.uk/gce-as-and-a-level-for-art-and-design) + AQA Art & Design 7202 scheme-of-assessment,
Graphic Communication,practical-making,3,3,0,final,3,Core practical skill: 'apply knowledge and understanding in making images and artefacts'; 100% NEA,"100% NEA: Personal Investigation (60%) + Externally Set Assignment (40%), both practical portfolio work. DfE: 'apply knowledge and understanding in making images and artefacts' (p.2).",DFE art para7 p.1-2,https://assets.publishing.service.gov.uk/media/5a7ec531ed915d74e33f24fd/A_level_art_and_design_subject_content.pdf p.2; https://www.aqa.org.uk/subjects/art-and-design/a-level/art-and-design-7203/specification/specification-at-a-glance
Graphic Communication,sustainability,0,0,0,final,0,,,DfE art and design content (gov.uk/gce-as-and-a-level-for-art-and-design) + AQA Art & Design 7202 scheme-of-assessment,
Graphic Communication,commercial,1,1,0,final,1,,,DfE art and design content (gov.uk/gce-as-and-a-level-for-art-and-design) + AQA Art & Design 7202 scheme-of-assessment,
Graphic Communication,leadership,0,0,0,final,0,,,DfE art and design content (gov.uk/gce-as-and-a-level-for-art-and-design) + AQA Art & Design 7202 scheme-of-assessment,
Graphic Communication,law-ethics,0,0,0,final,0,,,DfE art and design content (gov.uk/gce-as-and-a-level-for-art-and-design) + AQA Art & Design 7202 scheme-of-assessment,
Graphic Communication,writing,2,2,0,final,2,"Personal Investigation requires 1000-3000 words of supporting written work (Component 1, 60%)","Personal Investigation NEA requires 'between 1000 and 3000 words of continuous prose' (Component 1, 60% of A-level).",AQA 7202 scheme-of-assessment,https://www.aqa.org.uk/subjects/art-and-design/a-level/art-and-design-7203/specification/specification-at-a-glance
Graphic Communication,speaking,0,0,0,final,0,,,DfE art and design content (gov.uk/gce-as-and-a-level-for-art-and-design) + AQA Art & Design 7202 scheme-of-assessment,
Graphic Communication,languages,0,0,0,final,0,,,DfE art and design content (gov.uk/gce-as-and-a-level-for-art-and-design) + AQA Art & Design 7202 scheme-of-assessment,
Graphic Communication,care-empathy,0,0,0,final,0,,,DfE art and design content (gov.uk/gce-as-and-a-level-for-art-and-design) + AQA Art & Design 7202 scheme-of-assessment,
Graphic Communication,teamwork,0,0,0,final,0,,,DfE art and design content (gov.uk/gce-as-and-a-level-for-art-and-design) + AQA Art & Design 7202 scheme-of-assessment,
Graphic Communication,customer-service,0,0,0,final,0,,,DfE art and design content (gov.uk/gce-as-and-a-level-for-art-and-design) + AQA Art & Design 7202 scheme-of-assessment,
Graphic Communication,self-management,3,3,0,final,3,"Rule 4: Personal Investigation alone is 60% NEA, self-directed extended project","Rule 4 anchor: the Personal Investigation (60% NEA, Component 1) is a self-directed extended project >=50% of the qualification.","AQA 7202 Component 1, 60% NEA",https://www.aqa.org.uk/subjects/art-and-design/a-level/art-and-design-7203/specification/specification-at-a-glance
Graphic Communication,critical-thinking,2,2,0,final,2,"'Explore relevant resources; analyse, discuss and evaluate images, objects and artefacts; make independent judgements'","DfE: 'explore relevant resources; analyse, discuss and evaluate images, objects and artefacts; and make and record independent judgements' (p.2), assessed within the personal investigation.",DFE art para7 p.1-2,https://assets.publishing.service.gov.uk/media/5a7ec531ed915d74e33f24fd/A_level_art_and_design_subject_content.pdf p.2; https://www.aqa.org.uk/subjects/art-and-design/a-level/art-and-design-7203/specification/specification-at-a-glance
Graphic Communication,problem-solving,1,1,0,final,1,,,DfE art and design content (gov.uk/gce-as-and-a-level-for-art-and-design) + AQA Art & Design 7202 scheme-of-assessment,
Graphic Communication,creativity,3,3,0,final,3,"Core to qualification: 'intellectual, imaginative, creative and intuitive capabilities', 100% NEA","DfE: 'intellectual, imaginative, creative and intuitive capabilities' and 'independence of mind in developing...own ideas' (p.1); 100% of the A-level is NEA personal/externally-set projects.",DFE art para2 p.1,https://assets.publishing.service.gov.uk/media/5a7ec531ed915d74e33f24fd/A_level_art_and_design_subject_content.pdf p.1; https://www.aqa.org.uk/subjects/art-and-design/a-level/art-and-design-7203/specification/specification-at-a-glance
Graphic Communication,content-production,3,3,0,final,3,"Title covers 'illustration, web and app design, advertising, packaging, design for print, multimedia, animation and game design'","DfE title: 'illustration, web and app design, advertising, packaging,...animation and game design' (p.3); 100% NEA portfolio (AQA 7203); rubric aid lists this as typical 3.",DFE art para10 p.2-3 (title examples),https://assets.publishing.service.gov.uk/media/5a7ec531ed915d74e33f24fd/A_level_art_and_design_subject_content.pdf p.3; https://www.aqa.org.uk/subjects/art-and-design/a-level/art-and-design-7203/specification/specification-at-a-glance
Photography,data-analysis,0,0,0,final,0,,,DfE art and design content (gov.uk/gce-as-and-a-level-for-art-and-design) + AQA Art & Design 7202 scheme-of-assessment,
Photography,programming,0,0,0,final,0,,,DfE art and design content (gov.uk/gce-as-and-a-level-for-art-and-design) + AQA Art & Design 7202 scheme-of-assessment,
Photography,digital-ai,2,1,1,lower,1,Students may work entirely in digital media,,DFE art para8 p.1,
Photography,cyber-security,0,0,0,final,0,,,DfE art and design content (gov.uk/gce-as-and-a-level-for-art-and-design) + AQA Art & Design 7202 scheme-of-assessment,
Photography,numeracy,0,0,0,final,0,,,DfE art and design content (gov.uk/gce-as-and-a-level-for-art-and-design) + AQA Art & Design 7202 scheme-of-assessment,
Photography,scientific-method,0,0,0,final,0,,,DfE art and design content (gov.uk/gce-as-and-a-level-for-art-and-design) + AQA Art & Design 7202 scheme-of-assessment,
Photography,engineering,0,0,0,final,0,,,DfE art and design content (gov.uk/gce-as-and-a-level-for-art-and-design) + AQA Art & Design 7202 scheme-of-assessment,
Photography,practical-making,3,3,0,final,3,Core practical skill: 'apply knowledge and understanding in making images and artefacts'; 100% NEA,"100% NEA: Personal Investigation (60%) + Externally Set Assignment (40%), both practical portfolio work. DfE: 'apply knowledge and understanding in making images and artefacts' (p.2).",DFE art para7 p.1-2,https://assets.publishing.service.gov.uk/media/5a7ec531ed915d74e33f24fd/A_level_art_and_design_subject_content.pdf p.2; https://www.aqa.org.uk/subjects/art-and-design/a-level/art-and-design-7206/specification/specification-at-a-glance
Photography,sustainability,0,0,0,final,0,,,DfE art and design content (gov.uk/gce-as-and-a-level-for-art-and-design) + AQA Art & Design 7202 scheme-of-assessment,
Photography,commercial,0,0,0,final,0,,,DfE art and design content (gov.uk/gce-as-and-a-level-for-art-and-design) + AQA Art & Design 7202 scheme-of-assessment,
Photography,leadership,0,0,0,final,0,,,DfE art and design content (gov.uk/gce-as-and-a-level-for-art-and-design) + AQA Art & Design 7202 scheme-of-assessment,
Photography,law-ethics,0,0,0,final,0,,,DfE art and design content (gov.uk/gce-as-and-a-level-for-art-and-design) + AQA Art & Design 7202 scheme-of-assessment,
Photography,writing,2,2,0,final,2,"Personal Investigation requires 1000-3000 words of supporting written work (Component 1, 60%)","Personal Investigation NEA requires 'between 1000 and 3000 words of continuous prose' (Component 1, 60% of A-level).",AQA 7202 scheme-of-assessment,https://www.aqa.org.uk/subjects/art-and-design/a-level/art-and-design-7206/specification/specification-at-a-glance
Photography,speaking,0,0,0,final,0,,,DfE art and design content (gov.uk/gce-as-and-a-level-for-art-and-design) + AQA Art & Design 7202 scheme-of-assessment,
Photography,languages,0,0,0,final,0,,,DfE art and design content (gov.uk/gce-as-and-a-level-for-art-and-design) + AQA Art & Design 7202 scheme-of-assessment,
Photography,care-empathy,0,0,0,final,0,,,DfE art and design content (gov.uk/gce-as-and-a-level-for-art-and-design) + AQA Art & Design 7202 scheme-of-assessment,
Photography,teamwork,0,0,0,final,0,,,DfE art and design content (gov.uk/gce-as-and-a-level-for-art-and-design) + AQA Art & Design 7202 scheme-of-assessment,
Photography,customer-service,0,0,0,final,0,,,DfE art and design content (gov.uk/gce-as-and-a-level-for-art-and-design) + AQA Art & Design 7202 scheme-of-assessment,
Photography,self-management,3,3,0,final,3,"Rule 4: Personal Investigation alone is 60% NEA, self-directed extended project","Rule 4 anchor: the Personal Investigation (60% NEA, Component 1) is a self-directed extended project >=50% of the qualification.","AQA 7202 Component 1, 60% NEA",https://www.aqa.org.uk/subjects/art-and-design/a-level/art-and-design-7206/specification/specification-at-a-glance
Photography,critical-thinking,2,2,0,final,2,"'Explore relevant resources; analyse, discuss and evaluate images, objects and artefacts; make independent judgements'","DfE: 'explore relevant resources; analyse, discuss and evaluate images, objects and artefacts; and make and record independent judgements' (p.2), assessed within the personal investigation.",DFE art para7 p.1-2,https://assets.publishing.service.gov.uk/media/5a7ec531ed915d74e33f24fd/A_level_art_and_design_subject_content.pdf p.2; https://www.aqa.org.uk/subjects/art-and-design/a-level/art-and-design-7206/specification/specification-at-a-glance
Photography,problem-solving,1,0,1,lower,0,,,DfE art and design content (gov.uk/gce-as-and-a-level-for-art-and-design) + AQA Art & Design 7202 scheme-of-assessment,
Photography,creativity,3,3,0,final,3,"Core to qualification: 'intellectual, imaginative, creative and intuitive capabilities', 100% NEA","DfE: 'intellectual, imaginative, creative and intuitive capabilities' and 'independence of mind in developing...own ideas' (p.1); 100% of the A-level is NEA personal/externally-set projects.",DFE art para2 p.1,https://assets.publishing.service.gov.uk/media/5a7ec531ed915d74e33f24fd/A_level_art_and_design_subject_content.pdf p.1; https://www.aqa.org.uk/subjects/art-and-design/a-level/art-and-design-7206/specification/specification-at-a-glance
Photography,content-production,3,3,0,final,3,"Title covers 'portraiture, landscape photography, still life, documentary, photojournalism, fashion photography...moving image (video, film, animation)'","DfE title example: 'documentary, photojournalism,...moving image (video, film, animation)' (p.3); 100% NEA portfolio (AQA 7206). Rubric aid lists Photography as typical 3 for content-production.",DFE art para10 p.2-3 (title examples),https://assets.publishing.service.gov.uk/media/5a7ec531ed915d74e33f24fd/A_level_art_and_design_subject_content.pdf p.3; https://www.aqa.org.uk/subjects/art-and-design/a-level/art-and-design-7206/specification/specification-at-a-glance
Textile Design,data-analysis,0,0,0,final,0,,,DfE art and design content (gov.uk/gce-as-and-a-level-for-art-and-design) + AQA Art & Design 7202 scheme-of-assessment,
Textile Design,programming,0,0,0,final,0,,,DfE art and design content (gov.uk/gce-as-and-a-level-for-art-and-design) + AQA Art & Design 7202 scheme-of-assessment,
Textile Design,digital-ai,1,1,0,final,1,,,DfE art and design content (gov.uk/gce-as-and-a-level-for-art-and-design) + AQA Art & Design 7202 scheme-of-assessment,
Textile Design,cyber-security,0,0,0,final,0,,,DfE art and design content (gov.uk/gce-as-and-a-level-for-art-and-design) + AQA Art & Design 7202 scheme-of-assessment,
Textile Design,numeracy,0,0,0,final,0,,,DfE art and design content (gov.uk/gce-as-and-a-level-for-art-and-design) + AQA Art & Design 7202 scheme-of-assessment,
Textile Design,scientific-method,0,0,0,final,0,,,DfE art and design content (gov.uk/gce-as-and-a-level-for-art-and-design) + AQA Art & Design 7202 scheme-of-assessment,
Textile Design,engineering,0,0,0,final,0,,,DfE art and design content (gov.uk/gce-as-and-a-level-for-art-and-design) + AQA Art & Design 7202 scheme-of-assessment,
Textile Design,practical-making,3,3,0,final,3,Core practical skill: 'apply knowledge and understanding in making images and artefacts'; 100% NEA,"DfE title example: 'printed and/or dyed fabrics, constructed textiles' (p.3) — hands-on making with materials; 100% NEA (AQA 7208).",DFE art para7 p.1-2,https://assets.publishing.service.gov.uk/media/5a7ec531ed915d74e33f24fd/A_level_art_and_design_subject_content.pdf p.3; https://www.aqa.org.uk/subjects/art-and-design/a-level/art-and-design-7208/specification/specification-at-a-glance
Textile Design,sustainability,0,1,1,lower,0,,,DfE art and design content (gov.uk/gce-as-and-a-level-for-art-and-design) + AQA Art & Design 7202 scheme-of-assessment,
Textile Design,commercial,0,0,0,final,0,,,DfE art and design content (gov.uk/gce-as-and-a-level-for-art-and-design) + AQA Art & Design 7202 scheme-of-assessment,
Textile Design,leadership,0,0,0,final,0,,,DfE art and design content (gov.uk/gce-as-and-a-level-for-art-and-design) + AQA Art & Design 7202 scheme-of-assessment,
Textile Design,law-ethics,0,0,0,final,0,,,DfE art and design content (gov.uk/gce-as-and-a-level-for-art-and-design) + AQA Art & Design 7202 scheme-of-assessment,
Textile Design,writing,2,2,0,final,2,"Personal Investigation requires 1000-3000 words of supporting written work (Component 1, 60%)","Personal Investigation NEA requires 'between 1000 and 3000 words of continuous prose' (Component 1, 60% of A-level).",AQA 7202 scheme-of-assessment,https://www.aqa.org.uk/subjects/art-and-design/a-level/art-and-design-7208/specification/specification-at-a-glance
Textile Design,speaking,0,0,0,final,0,,,DfE art and design content (gov.uk/gce-as-and-a-level-for-art-and-design) + AQA Art & Design 7202 scheme-of-assessment,
Textile Design,languages,0,0,0,final,0,,,DfE art and design content (gov.uk/gce-as-and-a-level-for-art-and-design) + AQA Art & Design 7202 scheme-of-assessment,
Textile Design,care-empathy,0,0,0,final,0,,,DfE art and design content (gov.uk/gce-as-and-a-level-for-art-and-design) + AQA Art & Design 7202 scheme-of-assessment,
Textile Design,teamwork,0,0,0,final,0,,,DfE art and design content (gov.uk/gce-as-and-a-level-for-art-and-design) + AQA Art & Design 7202 scheme-of-assessment,
Textile Design,customer-service,0,0,0,final,0,,,DfE art and design content (gov.uk/gce-as-and-a-level-for-art-and-design) + AQA Art & Design 7202 scheme-of-assessment,
Textile Design,self-management,3,3,0,final,3,"Rule 4: Personal Investigation alone is 60% NEA, self-directed extended project","Rule 4 anchor: the Personal Investigation (60% NEA, Component 1) is a self-directed extended project >=50% of the qualification.","AQA 7202 Component 1, 60% NEA",https://www.aqa.org.uk/subjects/art-and-design/a-level/art-and-design-7208/specification/specification-at-a-glance
Textile Design,critical-thinking,2,2,0,final,2,"'Explore relevant resources; analyse, discuss and evaluate images, objects and artefacts; make independent judgements'","DfE: 'explore relevant resources; analyse, discuss and evaluate images, objects and artefacts; and make and record independent judgements' (p.2), assessed within the personal investigation.",DFE art para7 p.1-2,https://assets.publishing.service.gov.uk/media/5a7ec531ed915d74e33f24fd/A_level_art_and_design_subject_content.pdf p.2; https://www.aqa.org.uk/subjects/art-and-design/a-level/art-and-design-7208/specification/specification-at-a-glance
Textile Design,problem-solving,1,0,1,audit,0,,,DfE art and design content (gov.uk/gce-as-and-a-level-for-art-and-design) + AQA Art & Design 7202 scheme-of-assessment,
Textile Design,creativity,3,3,0,final,3,"Core to qualification: 'intellectual, imaginative, creative and intuitive capabilities', 100% NEA","DfE: 'intellectual, imaginative, creative and intuitive capabilities' and 'independence of mind in developing...own ideas' (p.1); 100% of the A-level is NEA personal/externally-set projects.",DFE art para2 p.1,https://assets.publishing.service.gov.uk/media/5a7ec531ed915d74e33f24fd/A_level_art_and_design_subject_content.pdf p.1; https://www.aqa.org.uk/subjects/art-and-design/a-level/art-and-design-7208/specification/specification-at-a-glance
Textile Design,content-production,1,1,0,final,1,,,DfE art and design content (gov.uk/gce-as-and-a-level-for-art-and-design) + AQA Art & Design 7202 scheme-of-assessment,
Film Studies,data-analysis,0,0,0,final,0,,,DfE film studies content (gov.uk/gce-as-and-a-level-film-studies) + WJEC Eduqas A-level Film Studies spec (eduqas.co.uk),
Film Studies,programming,0,0,0,final,0,,,DfE film studies content (gov.uk/gce-as-and-a-level-film-studies) + WJEC Eduqas A-level Film Studies spec (eduqas.co.uk),
Film Studies,digital-ai,1,0,1,lower,0,,,DfE film studies content (gov.uk/gce-as-and-a-level-film-studies) + WJEC Eduqas A-level Film Studies spec (eduqas.co.uk),
Film Studies,cyber-security,0,0,0,final,0,,,DfE film studies content (gov.uk/gce-as-and-a-level-film-studies) + WJEC Eduqas A-level Film Studies spec (eduqas.co.uk),
Film Studies,numeracy,0,0,0,final,0,,,DfE film studies content (gov.uk/gce-as-and-a-level-film-studies) + WJEC Eduqas A-level Film Studies spec (eduqas.co.uk),
Film Studies,scientific-method,0,0,0,final,0,,,DfE film studies content (gov.uk/gce-as-and-a-level-film-studies) + WJEC Eduqas A-level Film Studies spec (eduqas.co.uk),
Film Studies,engineering,0,0,0,final,0,,,DfE film studies content (gov.uk/gce-as-and-a-level-film-studies) + WJEC Eduqas A-level Film Studies spec (eduqas.co.uk),
Film Studies,practical-making,1,1,0,final,1,,,DfE film studies content (gov.uk/gce-as-and-a-level-film-studies) + WJEC Eduqas A-level Film Studies spec (eduqas.co.uk),
Film Studies,sustainability,0,0,0,final,0,,,DfE film studies content (gov.uk/gce-as-and-a-level-film-studies) + WJEC Eduqas A-level Film Studies spec (eduqas.co.uk),
Film Studies,commercial,0,1,1,lower,0,,,DfE film studies content (gov.uk/gce-as-and-a-level-film-studies) + WJEC Eduqas A-level Film Studies spec (eduqas.co.uk),
Film Studies,leadership,0,0,0,final,0,,,DfE film studies content (gov.uk/gce-as-and-a-level-film-studies) + WJEC Eduqas A-level Film Studies spec (eduqas.co.uk),
Film Studies,law-ethics,0,0,0,final,0,,,DfE film studies content (gov.uk/gce-as-and-a-level-film-studies) + WJEC Eduqas A-level Film Studies spec (eduqas.co.uk),
Film Studies,writing,2,3,1,lower,2,"Discursive written argument assessed across Components 1 and 2 (70% combined, written exams)",Two written exams (70% of A-level) are assessed via 'discursive argument' (p.11); NEA also includes a written evaluative analysis (Eduqas Component 3).,"Eduqas Components 1-2, 70%",https://assets.publishing.service.gov.uk/media/5a7f74e0e5274a2e87db5f79/Film_studies_AS_A_level_subject_content.pdf p.11; https://www.eduqas.co.uk/qualifications/film-studies-asa-level/
Film Studies,speaking,0,0,0,final,0,,,DfE film studies content (gov.uk/gce-as-and-a-level-film-studies) + WJEC Eduqas A-level Film Studies spec (eduqas.co.uk),
Film Studies,languages,0,0,0,final,0,,,DfE film studies content (gov.uk/gce-as-and-a-level-film-studies) + WJEC Eduqas A-level Film Studies spec (eduqas.co.uk),
Film Studies,care-empathy,0,0,0,final,0,,,DfE film studies content (gov.uk/gce-as-and-a-level-film-studies) + WJEC Eduqas A-level Film Studies spec (eduqas.co.uk),
Film Studies,teamwork,0,0,0,final,0,,,DfE film studies content (gov.uk/gce-as-and-a-level-film-studies) + WJEC Eduqas A-level Film Studies spec (eduqas.co.uk),
Film Studies,customer-service,0,0,0,final,0,,,DfE film studies content (gov.uk/gce-as-and-a-level-film-studies) + WJEC Eduqas A-level Film Studies spec (eduqas.co.uk),
Film Studies,self-management,2,2,0,final,2,"Component 3 NEA production (30%): 'all aspects of research, planning and production must be completed individually'","NEA Production (30%): a short film or screenplay that must be 'individually produced' (DfE p.12, footnote 17; Eduqas Component 3).","Eduqas Component 3, 30% NEA",https://assets.publishing.service.gov.uk/media/5a7f74e0e5274a2e87db5f79/Film_studies_AS_A_level_subject_content.pdf p.12; https://www.eduqas.co.uk/qualifications/film-studies-asa-level/
Film Studies,critical-thinking,3,3,0,final,3,"Core AO: 'analyse, interpret and compare films critically...apply key critical approaches', central across all components","DfE: 'apply critical approaches to film' (p.1) and 'analyse, interpret and compare films critically' (p.11); core to the 70% exam assessment.",DFE film para33 p.11-12,"https://assets.publishing.service.gov.uk/media/5a7f74e0e5274a2e87db5f79/Film_studies_AS_A_level_subject_content.pdf p.1, p.11; https://www.eduqas.co.uk/qualifications/film-studies-asa-level/"
Film Studies,problem-solving,1,0,1,lower,0,,,DfE film studies content (gov.uk/gce-as-and-a-level-film-studies) + WJEC Eduqas A-level Film Studies spec (eduqas.co.uk),
Film Studies,creativity,2,2,0,final,2,NEA production (30%) requires original narrative/screenplay construction to a brief,NEA Production (30%) requires devising an original short film or screenplay to a set brief (Eduqas Component 3; DfE p.12).,"Eduqas Component 3, 30% NEA",https://assets.publishing.service.gov.uk/media/5a7f74e0e5274a2e87db5f79/Film_studies_AS_A_level_subject_content.pdf p.12; https://www.eduqas.co.uk/qualifications/film-studies-asa-level/
Film Studies,content-production,3,3,0,final,3,NEA Production (30%): produce a short film or screenplay using industry filmmaking techniques,NEA Production (30%): produce a short film (4-5 min) or screenplay to a brief (Eduqas Component 3; DfE p.12) - core practical filmmaking. Rubric aid lists Film Studies as typical 3.,"Eduqas Component 3, 30% NEA",https://assets.publishing.service.gov.uk/media/5a7f74e0e5274a2e87db5f79/Film_studies_AS_A_level_subject_content.pdf p.12; https://www.eduqas.co.uk/qualifications/film-studies-asa-level/
Media Studies,data-analysis,0,1,1,lower,0,,,DfE media studies content (gov.uk/gce-as-and-a-level-media-studies) + AQA Media Studies 7572 spec-at-a-glance,
Media Studies,programming,0,0,0,final,0,,,DfE media studies content (gov.uk/gce-as-and-a-level-media-studies) + AQA Media Studies 7572 spec-at-a-glance,
Media Studies,digital-ai,1,1,0,final,1,,,DfE media studies content (gov.uk/gce-as-and-a-level-media-studies) + AQA Media Studies 7572 spec-at-a-glance,
Media Studies,cyber-security,0,0,0,final,0,,,DfE media studies content (gov.uk/gce-as-and-a-level-media-studies) + AQA Media Studies 7572 spec-at-a-glance,
Media Studies,numeracy,0,0,0,final,0,,,DfE media studies content (gov.uk/gce-as-and-a-level-media-studies) + AQA Media Studies 7572 spec-at-a-glance,
Media Studies,scientific-method,0,0,0,final,0,,,DfE media studies content (gov.uk/gce-as-and-a-level-media-studies) + AQA Media Studies 7572 spec-at-a-glance,
Media Studies,engineering,0,0,0,final,0,,,DfE media studies content (gov.uk/gce-as-and-a-level-media-studies) + AQA Media Studies 7572 spec-at-a-glance,
Media Studies,practical-making,0,0,0,final,0,,,DfE media studies content (gov.uk/gce-as-and-a-level-media-studies) + AQA Media Studies 7572 spec-at-a-glance,
Media Studies,sustainability,0,0,0,final,0,,,DfE media studies content (gov.uk/gce-as-and-a-level-media-studies) + AQA Media Studies 7572 spec-at-a-glance,
Media Studies,commercial,1,2,1,lower,1,,"Media Industries (1 of 4 compulsory framework areas) covers 'economic factors, including commercial...public funding' and 'ownership and control' (DfE p.4), assessed in both exam papers.",DfE media studies content (gov.uk/gce-as-and-a-level-media-studies) + AQA Media Studies 7572 spec-at-a-glance,https://assets.publishing.service.gov.uk/media/5a80ec6840f0b62305b8de9a/Media_studies_AS_A_level_subject_content.pdf p.4; https://www.aqa.org.uk/subjects/media-studies/a-level/media-studies-7572/specification/specification-at-a-glance
Media Studies,leadership,0,0,0,final,0,,,DfE media studies content (gov.uk/gce-as-and-a-level-media-studies) + AQA Media Studies 7572 spec-at-a-glance,
Media Studies,law-ethics,1,1,0,final,1,,,DfE media studies content (gov.uk/gce-as-and-a-level-media-studies) + AQA Media Studies 7572 spec-at-a-glance,
Media Studies,writing,2,3,1,lower,2,"'Debate key questions...through discursive writing', assessed in Media One and Two (70% combined)",DfE: A level students must 'debate critically key questions...through sustained discursive writing' (p.10); two written exam papers = 70% of the A-level.,DFE media para29 p.10,https://assets.publishing.service.gov.uk/media/5a80ec6840f0b62305b8de9a/Media_studies_AS_A_level_subject_content.pdf p.10; https://www.aqa.org.uk/subjects/media-studies/a-level/media-studies-7572/specification/specification-at-a-glance
Media Studies,speaking,0,0,0,final,0,,,DfE media studies content (gov.uk/gce-as-and-a-level-media-studies) + AQA Media Studies 7572 spec-at-a-glance,
Media Studies,languages,0,0,0,final,0,,,DfE media studies content (gov.uk/gce-as-and-a-level-media-studies) + AQA Media Studies 7572 spec-at-a-glance,
Media Studies,care-empathy,0,0,0,final,0,,,DfE media studies content (gov.uk/gce-as-and-a-level-media-studies) + AQA Media Studies 7572 spec-at-a-glance,
Media Studies,teamwork,0,0,0,final,0,,,DfE media studies content (gov.uk/gce-as-and-a-level-media-studies) + AQA Media Studies 7572 spec-at-a-glance,
Media Studies,customer-service,0,0,0,final,0,,,DfE media studies content (gov.uk/gce-as-and-a-level-media-studies) + AQA Media Studies 7572 spec-at-a-glance,
Media Studies,self-management,2,2,0,final,2,NEA 'Creating a cross-media production' (30%): independently creating media to a brief,"NEA cross-media production (30%) is independently created ('In independently creating media...', DfE p.9-10; AQA 7572).","AQA 7572 NEA, 30%",https://assets.publishing.service.gov.uk/media/5a80ec6840f0b62305b8de9a/Media_studies_AS_A_level_subject_content.pdf p.9-10; https://www.aqa.org.uk/subjects/media-studies/a-level/media-studies-7572/specification/specification-at-a-glance
Media Studies,critical-thinking,3,3,0,final,3,Core AO: 'analyse and compare how media products construct and communicate meanings...use key theories',"DfE first aim: 'demonstrate skills of enquiry, critical thinking, decision-making and analysis' (p.1); A level requires 'reflect critically upon...complex theories' (p.10).",DFE media para29-31 p.10-11,"https://assets.publishing.service.gov.uk/media/5a80ec6840f0b62305b8de9a/Media_studies_AS_A_level_subject_content.pdf p.1, p.10; https://www.aqa.org.uk/subjects/media-studies/a-level/media-studies-7572/specification/specification-at-a-glance"
Media Studies,problem-solving,1,0,1,lower,0,,,DfE media studies content (gov.uk/gce-as-and-a-level-media-studies) + AQA Media Studies 7572 spec-at-a-glance,
Media Studies,creativity,2,2,0,final,2,NEA cross-media production (30%) requires creative media-making to a brief,NEA cross-media production (30%) requires devising original media content for an intended audience to an AQA-set brief.,"AQA 7572 NEA, 30%",https://assets.publishing.service.gov.uk/media/5a80ec6840f0b62305b8de9a/Media_studies_AS_A_level_subject_content.pdf p.9-10; https://www.aqa.org.uk/subjects/media-studies/a-level/media-studies-7572/specification/specification-at-a-glance
Media Studies,content-production,3,3,0,final,3,NEA 'Creating a cross-media production' (30%) is the qualification's practical production focus,"NEA (30%): cross-media production (e.g. TV programme + website); 'apply knowledge...of media language, representation, industries and audiences to a cross-media production' (DfE p.10).","AQA 7572 NEA, 30%",https://assets.publishing.service.gov.uk/media/5a80ec6840f0b62305b8de9a/Media_studies_AS_A_level_subject_content.pdf p.10; https://www.aqa.org.uk/subjects/media-studies/a-level/media-studies-7572/specification/specification-at-a-glance
Music,data-analysis,0,0,0,final,0,,,"DfE music content (docx, gov.uk/gce-as-and-a-level-music) + AQA Music 7272 scheme-of-assessment / subject-content",
Music,programming,0,0,0,final,0,,,"DfE music content (docx, gov.uk/gce-as-and-a-level-music) + AQA Music 7272 scheme-of-assessment / subject-content",
Music,digital-ai,0,1,1,lower,0,,,"DfE music content (docx, gov.uk/gce-as-and-a-level-music) + AQA Music 7272 scheme-of-assessment / subject-content",
Music,cyber-security,0,0,0,final,0,,,"DfE music content (docx, gov.uk/gce-as-and-a-level-music) + AQA Music 7272 scheme-of-assessment / subject-content",
Music,numeracy,0,1,1,audit,0,,,"DfE music content (docx, gov.uk/gce-as-and-a-level-music) + AQA Music 7272 scheme-of-assessment / subject-content",
Music,scientific-method,0,0,0,final,0,,,"DfE music content (docx, gov.uk/gce-as-and-a-level-music) + AQA Music 7272 scheme-of-assessment / subject-content",
Music,engineering,0,0,0,final,0,,,"DfE music content (docx, gov.uk/gce-as-and-a-level-music) + AQA Music 7272 scheme-of-assessment / subject-content",
Music,practical-making,1,1,0,final,1,,,"DfE music content (docx, gov.uk/gce-as-and-a-level-music) + AQA Music 7272 scheme-of-assessment / subject-content",
Music,sustainability,0,0,0,final,0,,,"DfE music content (docx, gov.uk/gce-as-and-a-level-music) + AQA Music 7272 scheme-of-assessment / subject-content",
Music,commercial,0,0,0,final,0,,,"DfE music content (docx, gov.uk/gce-as-and-a-level-music) + AQA Music 7272 scheme-of-assessment / subject-content",
Music,leadership,0,0,0,final,0,,,"DfE music content (docx, gov.uk/gce-as-and-a-level-music) + AQA Music 7272 scheme-of-assessment / subject-content",
Music,law-ethics,0,0,0,final,0,,,"DfE music content (docx, gov.uk/gce-as-and-a-level-music) + AQA Music 7272 scheme-of-assessment / subject-content",
Music,writing,0,2,2,adjudicate,,,"Appraising Music (40%, written exam, AQA Component 1) requires written critical judgements on repertoire; DfE: 'informed discussion (in writing and/or through speech)'.","DfE music content (docx, gov.uk/gce-as-and-a-level-music) + AQA Music 7272 scheme-of-assessment / subject-content",https://assets.publishing.service.gov.uk/media/5a7d701340f0b64a5813f01b/GCE_AS_and_A_level_subject_content_for_music.docx; https://www.aqa.org.uk/subjects/music/a-level/music-7272/specification/specification-at-a-glance
Music,speaking,0,0,0,final,0,,,"DfE music content (docx, gov.uk/gce-as-and-a-level-music) + AQA Music 7272 scheme-of-assessment / subject-content",
Music,languages,0,0,0,final,0,,,"DfE music content (docx, gov.uk/gce-as-and-a-level-music) + AQA Music 7272 scheme-of-assessment / subject-content",
Music,care-empathy,0,0,0,final,0,,,"DfE music content (docx, gov.uk/gce-as-and-a-level-music) + AQA Music 7272 scheme-of-assessment / subject-content",
Music,teamwork,1,1,0,final,1,"Ensemble performance is allowed but optional (up to 8 musicians); not required of every student, so rule 5 threshold not met",,AQA 7272 subject-content/performance,
Music,customer-service,0,0,0,final,0,,,"DfE music content (docx, gov.uk/gce-as-and-a-level-music) + AQA Music 7272 scheme-of-assessment / subject-content",
Music,self-management,2,2,0,final,2,"Performance (35% NEA, live assessed) + Composition (25% NEA) are individually prepared","Composition (25% NEA) plus Performance (35% NEA/practical) = 60% of the A-level, independently prepared over the course (AQA 7272 Components 2-3).",AQA 7272 scheme-of-assessment,https://www.aqa.org.uk/subjects/music/a-level/music-7272/specification/specification-at-a-glance
Music,critical-thinking,2,2,0,final,2,Appraising Music (40% written exam) requires analysis/comparison of set and unfamiliar works,Appraising Music (40% exam) requires students to 'analyse and evaluate music...to make critical judgements'; a substantial but not dominant part of the qualification.,"AQA 7272 scheme-of-assessment, Component 1, 40%",https://assets.publishing.service.gov.uk/media/5a7d701340f0b64a5813f01b/GCE_AS_and_A_level_subject_content_for_music.docx; https://www.aqa.org.uk/subjects/music/a-level/music-7272/specification/specification-at-a-glance
Music,problem-solving,0,0,0,final,0,,,"DfE music content (docx, gov.uk/gce-as-and-a-level-music) + AQA Music 7272 scheme-of-assessment / subject-content",
Music,creativity,3,3,0,final,3,Composition component (25% NEA) is the explicit focus for generating and developing original musical ideas,Rubric aid lists Music (composing) as typical 3 for creativity. DfE aim: 'develop composing skills to demonstrate the manipulation of musical ideas'; Composition NEA = 25% (AQA 7272 Component 3).,"AQA 7272 scheme-of-assessment, Composition 25%",https://assets.publishing.service.gov.uk/media/5a7d701340f0b64a5813f01b/GCE_AS_and_A_level_subject_content_for_music.docx; https://www.aqa.org.uk/subjects/music/a-level/music-7272/specification/specification-at-a-glance
Music,content-production,1,0,1,lower,0,,,"DfE music content (docx, gov.uk/gce-as-and-a-level-music) + AQA Music 7272 scheme-of-assessment / subject-content",
Music Technology,data-analysis,1,1,0,final,1,,,DfE music technology content (gov.uk/gce-as-and-a-level-music-technology) + Pearson Edexcel Music Technology 9MT0 spec,
Music Technology,programming,0,0,0,final,0,,,DfE music technology content (gov.uk/gce-as-and-a-level-music-technology) + Pearson Edexcel Music Technology 9MT0 spec,
Music Technology,digital-ai,1,1,0,final,1,,,DfE music technology content (gov.uk/gce-as-and-a-level-music-technology) + Pearson Edexcel Music Technology 9MT0 spec,
Music Technology,cyber-security,0,0,0,final,0,,,DfE music technology content (gov.uk/gce-as-and-a-level-music-technology) + Pearson Edexcel Music Technology 9MT0 spec,
Music Technology,numeracy,2,2,0,final,2,"DfE names 'Numeracy' as an explicit content area: technical numeracy (binary, formulae, logarithms), reading EQ/frequency graphs","DfE names a 'Numeracy' area: 'technical numeracy incl. binary, formulae, logarithms', calculations on waveforms/frequency/phase (p.8); examined in Components 3-4 (60%).","DFE mustech p.8, Numeracy row",https://assets.publishing.service.gov.uk/media/5a750aeae5274a59fa716f10/Music_Technology_A_level.pdf p.8; https://qualifications.pearson.com/content/dam/pdf/A%20Level/Music-Technology/2017/specification-and-sample-assessments/Pearson_Edexcel_Level_3_Advanced_GCE_in_Music_Technology_Specification_issue3.pdf
Music Technology,scientific-method,1,0,1,lower,0,,,DfE music technology content (gov.uk/gce-as-and-a-level-music-technology) + Pearson Edexcel Music Technology 9MT0 spec,
Music Technology,engineering,1,1,0,final,1,,,DfE music technology content (gov.uk/gce-as-and-a-level-music-technology) + Pearson Edexcel Music Technology 9MT0 spec,
Music Technology,practical-making,1,1,0,final,1,,,DfE music technology content (gov.uk/gce-as-and-a-level-music-technology) + Pearson Edexcel Music Technology 9MT0 spec,
Music Technology,sustainability,0,0,0,final,0,,,DfE music technology content (gov.uk/gce-as-and-a-level-music-technology) + Pearson Edexcel Music Technology 9MT0 spec,
Music Technology,commercial,0,0,0,final,0,,,DfE music technology content (gov.uk/gce-as-and-a-level-music-technology) + Pearson Edexcel Music Technology 9MT0 spec,
Music Technology,leadership,0,0,0,final,0,,,DfE music technology content (gov.uk/gce-as-and-a-level-music-technology) + Pearson Edexcel Music Technology 9MT0 spec,
Music Technology,law-ethics,0,0,0,final,0,,,DfE music technology content (gov.uk/gce-as-and-a-level-music-technology) + Pearson Edexcel Music Technology 9MT0 spec,
Music Technology,writing,0,1,1,lower,0,,,DfE music technology content (gov.uk/gce-as-and-a-level-music-technology) + Pearson Edexcel Music Technology 9MT0 spec,
Music Technology,speaking,0,0,0,final,0,,,DfE music technology content (gov.uk/gce-as-and-a-level-music-technology) + Pearson Edexcel Music Technology 9MT0 spec,
Music Technology,languages,0,0,0,final,0,,,DfE music technology content (gov.uk/gce-as-and-a-level-music-technology) + Pearson Edexcel Music Technology 9MT0 spec,
Music Technology,care-empathy,0,0,0,final,0,,,DfE music technology content (gov.uk/gce-as-and-a-level-music-technology) + Pearson Edexcel Music Technology 9MT0 spec,
Music Technology,teamwork,0,0,0,final,0,,,DfE music technology content (gov.uk/gce-as-and-a-level-music-technology) + Pearson Edexcel Music Technology 9MT0 spec,
Music Technology,customer-service,0,0,0,final,0,,,DfE music technology content (gov.uk/gce-as-and-a-level-music-technology) + Pearson Edexcel Music Technology 9MT0 spec,
Music Technology,self-management,2,2,0,final,2,"Components 1 (Recording) + 2 (Composition) = 40% NEA, individually managed technology-based projects","Components 1-2 (Recording + Composition, 40% NEA, Pearson Edexcel 9MT0) are independently produced over time; DfE aim: 'manage music technology projects from inception to completion'.","Pearson 9MT0 Components 1-2, 40%",https://assets.publishing.service.gov.uk/media/5a750aeae5274a59fa716f10/Music_Technology_A_level.pdf; https://qualifications.pearson.com/content/dam/pdf/A%20Level/Music-Technology/2017/specification-and-sample-assessments/Pearson_Edexcel_Level_3_Advanced_GCE_in_Music_Technology_Specification_issue3.pdf
Music Technology,critical-thinking,2,2,0,final,2,'Analyse critically and comment perceptively on music production techniques'; 'use aural discrimination to identify and evaluate',Component 3 'Listening and analysing' (25% exam); DfE aim: 'develop skills in critical and analytical listening to evaluate the use of sound and audio technology' (p.3).,DFE mustech para13 p.9,https://assets.publishing.service.gov.uk/media/5a750aeae5274a59fa716f10/Music_Technology_A_level.pdf p.3; https://qualifications.pearson.com/content/dam/pdf/A%20Level/Music-Technology/2017/specification-and-sample-assessments/Pearson_Edexcel_Level_3_Advanced_GCE_in_Music_Technology_Specification_issue3.pdf
Music Technology,problem-solving,1,0,1,lower,0,,,DfE music technology content (gov.uk/gce-as-and-a-level-music-technology) + Pearson Edexcel Music Technology 9MT0 spec,
Music Technology,creativity,2,2,0,final,2,Component 2 Technology-based Composition (20% NEA): 'create and manipulate sound in imaginative and creative ways',DfE aim: 'develop the skills to create and manipulate sound in imaginative and creative ways'; Composition is a 20% NEA component (9MT0 Component 2).,"Pearson 9MT0 Component 2, 20%",https://assets.publishing.service.gov.uk/media/5a750aeae5274a59fa716f10/Music_Technology_A_level.pdf; https://qualifications.pearson.com/content/dam/pdf/A%20Level/Music-Technology/2017/specification-and-sample-assessments/Pearson_Edexcel_Level_3_Advanced_GCE_in_Music_Technology_Specification_issue3.pdf
Music Technology,content-production,3,3,0,final,3,"Components 1+2 (Recording + Composition, 40% NEA) are the qualification's core practical production focus",Rubric aid lists Music Technology as typical 3. Components 1-2 (40% NEA) are recording and technology-based composition (Pearson Edexcel 9MT0); DfE content is entirely production technique.,"Pearson 9MT0 Components 1-2, 40%",https://assets.publishing.service.gov.uk/media/5a750aeae5274a59fa716f10/Music_Technology_A_level.pdf; https://qualifications.pearson.com/content/dam/pdf/A%20Level/Music-Technology/2017/specification-and-sample-assessments/Pearson_Edexcel_Level_3_Advanced_GCE_in_Music_Technology_Specification_issue3.pdf
Drama & Theatre,data-analysis,0,0,0,final,0,,,DfE drama and theatre content (gov.uk/gce-as-and-a-level-drama-and-theatre) + AQA Drama and Theatre 7262 spec-at-a-glance,
Drama & Theatre,programming,0,0,0,final,0,,,DfE drama and theatre content (gov.uk/gce-as-and-a-level-drama-and-theatre) + AQA Drama and Theatre 7262 spec-at-a-glance,
Drama & Theatre,digital-ai,0,0,0,final,0,,,DfE drama and theatre content (gov.uk/gce-as-and-a-level-drama-and-theatre) + AQA Drama and Theatre 7262 spec-at-a-glance,
Drama & Theatre,cyber-security,0,0,0,final,0,,,DfE drama and theatre content (gov.uk/gce-as-and-a-level-drama-and-theatre) + AQA Drama and Theatre 7262 spec-at-a-glance,
Drama & Theatre,numeracy,0,0,0,final,0,,,DfE drama and theatre content (gov.uk/gce-as-and-a-level-drama-and-theatre) + AQA Drama and Theatre 7262 spec-at-a-glance,
Drama & Theatre,scientific-method,0,0,0,final,0,,,DfE drama and theatre content (gov.uk/gce-as-and-a-level-drama-and-theatre) + AQA Drama and Theatre 7262 spec-at-a-glance,
Drama & Theatre,engineering,0,0,0,final,0,,,DfE drama and theatre content (gov.uk/gce-as-and-a-level-drama-and-theatre) + AQA Drama and Theatre 7262 spec-at-a-glance,
Drama & Theatre,practical-making,1,1,0,final,1,,,DfE drama and theatre content (gov.uk/gce-as-and-a-level-drama-and-theatre) + AQA Drama and Theatre 7262 spec-at-a-glance,
Drama & Theatre,sustainability,0,0,0,final,0,,,DfE drama and theatre content (gov.uk/gce-as-and-a-level-drama-and-theatre) + AQA Drama and Theatre 7262 spec-at-a-glance,
Drama & Theatre,commercial,0,0,0,final,0,,,DfE drama and theatre content (gov.uk/gce-as-and-a-level-drama-and-theatre) + AQA Drama and Theatre 7262 spec-at-a-glance,
Drama & Theatre,leadership,1,1,0,final,1,,,DfE drama and theatre content (gov.uk/gce-as-and-a-level-drama-and-theatre) + AQA Drama and Theatre 7262 spec-at-a-glance,
Drama & Theatre,law-ethics,0,0,0,final,0,,,DfE drama and theatre content (gov.uk/gce-as-and-a-level-drama-and-theatre) + AQA Drama and Theatre 7262 spec-at-a-glance,
Drama & Theatre,writing,2,2,0,final,2,Component 1 written exam (40%) requires analysis and evaluation of set plays and live theatre,Component 1 written exam (40%) is essay-based; the Component 2 working notebook and Component 3 reflective report (60% combined) also require sustained writing (AQA 7262).,"AQA 7262 Component 1, 40%",https://www.aqa.org.uk/subjects/drama-and-theatre/a-level/drama-and-theatre-7262/specification/specification-at-a-glance
Drama & Theatre,speaking,1,3,2,adjudicate,,,Rubric aid: Drama is typical 3 for speaking. Component 3 'Making Theatre' (30%) requires live vocal/physical performance to an audience; DfE: 'vocal...interpretation of character' (p.6).,DfE drama and theatre content (gov.uk/gce-as-and-a-level-drama-and-theatre) + AQA Drama and Theatre 7262 spec-at-a-glance,https://assets.publishing.service.gov.uk/media/5a7f27b8ed915d74e33f4aca/Drama_and_theatre_GCE_revised2017_FORMATTED__004_.pdf p.6; https://www.aqa.org.uk/subjects/drama-and-theatre/a-level/drama-and-theatre-7262/specification/specification-at-a-glance
Drama & Theatre,languages,0,0,0,final,0,,,DfE drama and theatre content (gov.uk/gce-as-and-a-level-drama-and-theatre) + AQA Drama and Theatre 7262 spec-at-a-glance,
Drama & Theatre,care-empathy,0,0,0,final,0,,,DfE drama and theatre content (gov.uk/gce-as-and-a-level-drama-and-theatre) + AQA Drama and Theatre 7262 spec-at-a-glance,
Drama & Theatre,teamwork,3,3,0,final,3,"Anchor A17: 'collaborative relationship between various roles'; minimum two performances, one devised, practically assessed","DfE: 'collaborative relationship between various roles' (p.4); A level needs 'two performances, one devised' (p.5); devising (Component 2) is group work, individually marked.","DFE drama para4,8 p.3-4",https://assets.publishing.service.gov.uk/media/5a7f27b8ed915d74e33f4aca/Drama_and_theatre_GCE_revised2017_FORMATTED__004_.pdf p.4-5; https://www.aqa.org.uk/subjects/drama-and-theatre/a-level/drama-and-theatre-7262/specification/specification-at-a-glance
Drama & Theatre,customer-service,0,0,0,final,0,,,DfE drama and theatre content (gov.uk/gce-as-and-a-level-drama-and-theatre) + AQA Drama and Theatre 7262 spec-at-a-glance,
Drama & Theatre,self-management,2,2,0,final,2,"Components 2+3 (60% combined NEA/practical) include working notebook and reflective report, individually evidenced","Components 2-3 (60% of A-level): devising NEA and practical performance, independently developed and rehearsed (AQA 7262).","AQA 7262 Components 2-3, 60%",https://www.aqa.org.uk/subjects/drama-and-theatre/a-level/drama-and-theatre-7262/specification/specification-at-a-glance
Drama & Theatre,critical-thinking,2,2,0,final,2,"'Analyse and evaluate the process of creating their own live theatre'; 'interpreting, analysing and evaluating live theatre by others'",Component 1 (40% exam) requires analysis of prescribed plays and live theatre; DfE: 'analyse and evaluate their own work and the work of others' (p.3).,DFE drama para12 p.6-7,https://assets.publishing.service.gov.uk/media/5a7f27b8ed915d74e33f4aca/Drama_and_theatre_GCE_revised2017_FORMATTED__004_.pdf p.3; https://www.aqa.org.uk/subjects/drama-and-theatre/a-level/drama-and-theatre-7262/specification/specification-at-a-glance
Drama & Theatre,problem-solving,1,0,1,lower,0,,,DfE drama and theatre content (gov.uk/gce-as-and-a-level-drama-and-theatre) + AQA Drama and Theatre 7262 spec-at-a-glance,
Drama & Theatre,creativity,3,3,0,final,3,"Devising work is central (Component 2 'Creating Original Drama', 30%); 'creativity and coherence when communicating meaning'","DfE: 'develop the creativity and independence to become effective theatre makers' (p.4); devised work (Component 2, 30% NEA) is student-created (AQA 7262).","AQA 7262 Component 2, 30%; DFE drama para12 p.6",https://assets.publishing.service.gov.uk/media/5a7f27b8ed915d74e33f4aca/Drama_and_theatre_GCE_revised2017_FORMATTED__004_.pdf p.4; https://www.aqa.org.uk/subjects/drama-and-theatre/a-level/drama-and-theatre-7262/specification/specification-at-a-glance
Drama & Theatre,content-production,0,0,0,final,0,,,DfE drama and theatre content (gov.uk/gce-as-and-a-level-drama-and-theatre) + AQA Drama and Theatre 7262 spec-at-a-glance,
Dance,data-analysis,0,0,0,final,0,,,DfE dance content (gov.uk/gce-as-and-a-level-dance) + AQA Dance 7237 spec-at-a-glance,
Dance,programming,0,0,0,final,0,,,DfE dance content (gov.uk/gce-as-and-a-level-dance) + AQA Dance 7237 spec-at-a-glance,
Dance,digital-ai,0,0,0,final,0,,,DfE dance content (gov.uk/gce-as-and-a-level-dance) + AQA Dance 7237 spec-at-a-glance,
Dance,cyber-security,0,0,0,final,0,,,DfE dance content (gov.uk/gce-as-and-a-level-dance) + AQA Dance 7237 spec-at-a-glance,
Dance,numeracy,0,0,0,final,0,,,DfE dance content (gov.uk/gce-as-and-a-level-dance) + AQA Dance 7237 spec-at-a-glance,
Dance,scientific-method,0,0,0,final,0,,,DfE dance content (gov.uk/gce-as-and-a-level-dance) + AQA Dance 7237 spec-at-a-glance,
Dance,engineering,0,0,0,final,0,,,DfE dance content (gov.uk/gce-as-and-a-level-dance) + AQA Dance 7237 spec-at-a-glance,
Dance,practical-making,0,1,1,lower,0,,,DfE dance content (gov.uk/gce-as-and-a-level-dance) + AQA Dance 7237 spec-at-a-glance,
Dance,sustainability,0,0,0,final,0,,,DfE dance content (gov.uk/gce-as-and-a-level-dance) + AQA Dance 7237 spec-at-a-glance,
Dance,commercial,0,0,0,final,0,,,DfE dance content (gov.uk/gce-as-and-a-level-dance) + AQA Dance 7237 spec-at-a-glance,
Dance,leadership,1,2,1,lower,1,,"A level choreography (Component 1) requires a 'group dance consisting of three, four or five dancers' (p.4), applying organisational/leadership skills; DfE aim lists 'leadership' explicitly (p.1).",DfE dance content (gov.uk/gce-as-and-a-level-dance) + AQA Dance 7237 spec-at-a-glance,"https://assets.publishing.service.gov.uk/media/5a7efc2f40f0b62305b84695/GCE_AS_and_A_level_subject_content_for_dance.pdf p.1, p.4; https://www.aqa.org.uk/subjects/dance/a-level/dance-7237/specification/specification-at-a-glance"
Dance,law-ethics,0,0,0,final,0,,,DfE dance content (gov.uk/gce-as-and-a-level-dance) + AQA Dance 7237 spec-at-a-glance,
Dance,writing,2,3,1,lower,2,"Component 2 Critical Engagement (50% written exam) requires 'extended writing skills...clear, coherent, perceptive'","Component 2 Critical Engagement (50%, written exam) requires 'extended writing skills in order to present responses which are clear, coherent, perceptive' (DfE p.5).","DFE dance para18 p.4; AQA 7237 Component 2, 50%",https://assets.publishing.service.gov.uk/media/5a7efc2f40f0b62305b84695/GCE_AS_and_A_level_subject_content_for_dance.pdf p.5; https://www.aqa.org.uk/subjects/dance/a-level/dance-7237/specification/specification-at-a-glance
Dance,speaking,0,0,0,final,0,,,DfE dance content (gov.uk/gce-as-and-a-level-dance) + AQA Dance 7237 spec-at-a-glance,
Dance,languages,0,0,0,final,0,,,DfE dance content (gov.uk/gce-as-and-a-level-dance) + AQA Dance 7237 spec-at-a-glance,
Dance,care-empathy,0,0,0,final,0,,,DfE dance content (gov.uk/gce-as-and-a-level-dance) + AQA Dance 7237 spec-at-a-glance,
Dance,teamwork,3,3,0,final,3,"Component 1 (50% NEA) requires 'performance in a quartet' and 'group choreography', required and assessed","DfE A level requires a quartet ensemble performance and group choreography (3-5 dancers) (p.3-4), assessed in Component 1 (50%). Rubric aid lists Dance (group choreography) as typical 3.","AQA 7237 Component 1, 50%",https://assets.publishing.service.gov.uk/media/5a7efc2f40f0b62305b84695/GCE_AS_and_A_level_subject_content_for_dance.pdf p.3-4; https://www.aqa.org.uk/subjects/dance/a-level/dance-7237/specification/specification-at-a-glance
Dance,customer-service,0,0,0,final,0,,,DfE dance content (gov.uk/gce-as-and-a-level-dance) + AQA Dance 7237 spec-at-a-glance,
Dance,self-management,2,2,0,final,2,Component 1 (50% NEA) includes self-directed solo choreography and live assessed performance,"Component 1 (50% NEA/practical): solo, quartet and choreography works to externally set tasks (AQA 7237).","AQA 7237 Component 1, 50%",https://www.aqa.org.uk/subjects/dance/a-level/dance-7237/specification/specification-at-a-glance
Dance,critical-thinking,2,2,0,final,2,"Component 2 requires students to 'analyse, interpret, reflect on and evaluate' set works","Component 2 (50% exam) requires students to 'analyse, reflect on and evaluate the performance and choreographic experience' and develop 'in-depth critical appreciation' of set works (DfE p.4-5).",DFE dance para18 p.4,https://assets.publishing.service.gov.uk/media/5a7efc2f40f0b62305b84695/GCE_AS_and_A_level_subject_content_for_dance.pdf p.4-5; https://www.aqa.org.uk/subjects/dance/a-level/dance-7237/specification/specification-at-a-glance
Dance,problem-solving,1,1,0,final,1,,,DfE dance content (gov.uk/gce-as-and-a-level-dance) + AQA Dance 7237 spec-at-a-glance,
Dance,creativity,3,3,0,final,3,"Choreographic process is central: 'experiment, develop ideas, craft and structure dance material'","Rubric aid lists Dance (choreography) as typical 3 for creativity. DfE: 'cultivate creativity in the student...within the areas of performance, choreography' (p.1); Component 1 = 50% of A-level.",DFE dance para16 p.3-4,https://assets.publishing.service.gov.uk/media/5a7efc2f40f0b62305b84695/GCE_AS_and_A_level_subject_content_for_dance.pdf p.1; https://www.aqa.org.uk/subjects/dance/a-level/dance-7237/specification/specification-at-a-glance
Dance,content-production,0,0,0,final,0,,,DfE dance content (gov.uk/gce-as-and-a-level-dance) + AQA Dance 7237 spec-at-a-glance,
Physical Education,data-analysis,2,2,0,final,2,"'Interpret and analyse a range of data, graphical representations and diagrams' is a required, assessed skill",'Understanding of types of and use of data analysis to optimise performance' is named content; these skills are a minimum of 5% of A-level marks.,DfE physical education content https://assets.publishing.service.gov.uk/media/5a74ccc1e5274a3f93b48e60/GCE_AS_and_A_level_subject_content_for_PE.pdf p.7,https://assets.publishing.service.gov.uk/media/5a74ccc1e5274a3f93b48e60/GCE_AS_and_A_level_subject_content_for_PE.pdf p.8
Physical Education,programming,0,0,0,final,0,,,,
Physical Education,digital-ai,1,0,1,lower,0,"'Role of technology in physical activity and sport' is studied as content about sport technology, not the student's own tool use",,DfE physical education content https://assets.publishing.service.gov.uk/media/5a74ccc1e5274a3f93b48e60/GCE_AS_and_A_level_subject_content_for_PE.pdf p.4,
Physical Education,cyber-security,0,0,0,final,0,,,,
Physical Education,numeracy,1,1,0,final,1,"Quantitative skills are a minimum of only 5% of marks, below the 10% band for a 2 (rule 2, judgement call)","The DfE-stated minimum for data-analysis/quantitative skills is 5% of marks, below the 10% floor for a numeracy score of 2.",DfE physical education content https://assets.publishing.service.gov.uk/media/5a74ccc1e5274a3f93b48e60/GCE_AS_and_A_level_subject_content_for_PE.pdf p.8,https://assets.publishing.service.gov.uk/media/5a74ccc1e5274a3f93b48e60/GCE_AS_and_A_level_subject_content_for_PE.pdf p.8
Physical Education,scientific-method,1,1,0,final,1,Physiology/biomechanics apply scientific knowledge but there are no required practicals or investigations,Physiology/biomechanics is examined as knowledge; there are no required practicals or investigations.,DfE physical education content https://assets.publishing.service.gov.uk/media/5a74ccc1e5274a3f93b48e60/GCE_AS_and_A_level_subject_content_for_PE.pdf p.3-4,
Physical Education,engineering,0,0,0,final,0,,,,
Physical Education,practical-making,0,0,0,final,0,,,,
Physical Education,sustainability,0,0,0,final,0,,,,
Physical Education,commercial,1,0,1,audit,0,"'Impact of commercialisation on physical activity and sport' is A-level-only content, studied as knowledge (rule 1)",,DfE physical education content https://assets.publishing.service.gov.uk/media/5a74ccc1e5274a3f93b48e60/GCE_AS_and_A_level_subject_content_for_PE.pdf p.6,
Physical Education,leadership,2,2,0,final,2,"PE with a coaching role scores 2 (methodology 'what a 3 looks like' table, rule 1 cap)",The NEA requires assessment 'in one practical activity as either a player/performer or coach' (matches PE-coaching anchor).,DfE physical education content https://assets.publishing.service.gov.uk/media/5a74ccc1e5274a3f93b48e60/GCE_AS_and_A_level_subject_content_for_PE.pdf p.6,https://assets.publishing.service.gov.uk/media/5a74ccc1e5274a3f93b48e60/GCE_AS_and_A_level_subject_content_for_PE.pdf p.4
Physical Education,law-ethics,1,1,0,final,1,'Impact of ethics on sport...including deviance' is A-level-only content studied as knowledge (rule 1),Drugs in sport/ethical issues are touched on but are not a core assessed focus.,DfE physical education content https://assets.publishing.service.gov.uk/media/5a74ccc1e5274a3f93b48e60/GCE_AS_and_A_level_subject_content_for_PE.pdf p.6,
Physical Education,writing,1,2,1,lower,1,Extended-response questions occur but writing is not separately assessed,Both written papers include an 'extended writing' question type across all sections.,DfE physical education content https://assets.publishing.service.gov.uk/media/5a74ccc1e5274a3f93b48e60/GCE_AS_and_A_level_subject_content_for_PE.pdf p.7,https://www.aqa.org.uk/subjects/physical-education/a-level/physical-education-7582/specification/specification-at-a-glance
Physical Education,speaking,0,2,2,adjudicate,,,The NEA requires learners to 'provide written or verbal analysis of their performance' as part of the practical assessment.,,https://www.aqa.org.uk/subjects/physical-education/a-level/physical-education-7582/specification/specification-at-a-glance
Physical Education,languages,0,0,0,final,0,,,,
Physical Education,care-empathy,0,0,0,final,0,,,,
Physical Education,teamwork,1,1,0,final,1,"'Dynamics of a group/team' is studied as sport-psychology knowledge, not the student's own assessed collaboration (rule 5)",The practical NEA can be an individual or team activity; group performance is not itself a guaranteed assessed criterion.,DfE physical education content https://assets.publishing.service.gov.uk/media/5a74ccc1e5274a3f93b48e60/GCE_AS_and_A_level_subject_content_for_PE.pdf p.6,
Physical Education,customer-service,0,0,0,final,0,,,,
Physical Education,self-management,1,2,1,lower,1,Mostly exam plus individually-assessed practical performance; no substantial self-directed NEA,The 30%-weighted NEA is a live assessed performance (rule 4).,DfE physical education content https://assets.publishing.service.gov.uk/media/5a74ccc1e5274a3f93b48e60/GCE_AS_and_A_level_subject_content_for_PE.pdf p.7,https://assets.publishing.service.gov.uk/media/5a74ccc1e5274a3f93b48e60/GCE_AS_and_A_level_subject_content_for_PE.pdf p.4
Physical Education,critical-thinking,2,2,0,final,2,"'Discuss, make judgements, present arguments and draw conclusions' about performance is a required, assessed skill",'Develop their ability to analyse and evaluate to improve performance' is a named assessed objective across both papers.,DfE physical education content https://assets.publishing.service.gov.uk/media/5a74ccc1e5274a3f93b48e60/GCE_AS_and_A_level_subject_content_for_PE.pdf p.7,https://assets.publishing.service.gov.uk/media/5a74ccc1e5274a3f93b48e60/GCE_AS_and_A_level_subject_content_for_PE.pdf p.3
Physical Education,problem-solving,1,1,0,final,1,Tactical/strategic decision-making in performance occurs but is not a distinct named AO,,DfE physical education content https://assets.publishing.service.gov.uk/media/5a74ccc1e5274a3f93b48e60/GCE_AS_and_A_level_subject_content_for_PE.pdf p.7,
Physical Education,creativity,0,0,0,final,0,,,,
Physical Education,content-production,0,0,0,final,0,,,,
Sport & Exercise Science,data-analysis,1,1,0,final,1,Fitness-testing data interpretation occurs across units but is not a dedicated strand,No mandatory research-methods/data-analysis unit in the Extended Certificate (Unit 5 is optional).,Pearson BTEC L3 Nat. Ext. Certificate in Sport and Exercise Science spec https://qualifications.pearson.com/content/dam/pdf/BTEC-Nationals/sport-and-exercise-science/2016/specification-and-sample-assessments/9781446940174-btec-nat-l3-extended-cert-sport-and-exercise-science.pdf,https://qualifications.pearson.com/content/dam/pdf/BTEC-Nationals/sport-and-exercise-science/2016/specification-and-sample-assessments/9781446940174-btec-nat-l3-extended-cert-sport-and-exercise-science.pdf p.18
Sport & Exercise Science,programming,0,0,0,final,0,,,,
Sport & Exercise Science,digital-ai,1,0,1,lower,0,'Technology and sports professionals' is a named sub-point within Unit 6,,"Pearson BTEC L3 Nat. Ext. Certificate in Sport and Exercise Science spec https://qualifications.pearson.com/content/dam/pdf/BTEC-Nationals/sport-and-exercise-science/2016/specification-and-sample-assessments/9781446940174-btec-nat-l3-extended-cert-sport-and-exercise-science.pdf Unit 6, p.40",
Sport & Exercise Science,cyber-security,0,0,0,final,0,,,,
Sport & Exercise Science,numeracy,1,1,0,final,1,Physiological calculations (e.g. training zones) occur but no minimum weighting is stated,"Functional Anatomy (Unit 2, external) includes some calculation but no stated maths percentage.",Pearson BTEC L3 Nat. Ext. Certificate in Sport and Exercise Science spec https://qualifications.pearson.com/content/dam/pdf/BTEC-Nationals/sport-and-exercise-science/2016/specification-and-sample-assessments/9781446940174-btec-nat-l3-extended-cert-sport-and-exercise-science.pdf,
Sport & Exercise Science,scientific-method,1,1,0,final,1,Unit 2 Functional Anatomy is knowledge-based; there is no dedicated investigation-skills unit in this Extended Certificate,Functional Anatomy (Unit 2) and Applied Sport and Exercise Psychology (Unit 3) are exam-based knowledge units with no required practicals.,Pearson BTEC L3 Nat. Ext. Certificate in Sport and Exercise Science spec https://qualifications.pearson.com/content/dam/pdf/BTEC-Nationals/sport-and-exercise-science/2016/specification-and-sample-assessments/9781446940174-btec-nat-l3-extended-cert-sport-and-exercise-science.pdf Unit 2,https://qualifications.pearson.com/content/dam/pdf/BTEC-Nationals/sport-and-exercise-science/2016/specification-and-sample-assessments/9781446940174-btec-nat-l3-extended-cert-sport-and-exercise-science.pdf p.18
Sport & Exercise Science,engineering,0,0,0,final,0,,,,
Sport & Exercise Science,practical-making,1,0,1,lower,0,"Coaching delivery (Unit 6) is hands-on but focused on leading people, not making with tools/materials",,Pearson BTEC L3 Nat. Ext. Certificate in Sport and Exercise Science spec https://qualifications.pearson.com/content/dam/pdf/BTEC-Nationals/sport-and-exercise-science/2016/specification-and-sample-assessments/9781446940174-btec-nat-l3-extended-cert-sport-and-exercise-science.pdf Unit 6,
Sport & Exercise Science,sustainability,0,0,0,final,0,,,,
Sport & Exercise Science,commercial,0,0,0,final,0,,,,
Sport & Exercise Science,leadership,2,2,0,final,2,"Unit 6 Coaching for Performance and Fitness (25% internal, synoptic) mirrors the PE 'coaching role' precedent, capped at 2 (rule 1)","Unit 6: Coaching for Performance and Fitness (mandatory, synoptic, internal, 25%) requires learners to plan, deliver and evaluate coaching sessions.","Pearson BTEC L3 Nat. Ext. Certificate in Sport and Exercise Science spec https://qualifications.pearson.com/content/dam/pdf/BTEC-Nationals/sport-and-exercise-science/2016/specification-and-sample-assessments/9781446940174-btec-nat-l3-extended-cert-sport-and-exercise-science.pdf Unit 6, p.39-40",https://qualifications.pearson.com/content/dam/pdf/BTEC-Nationals/sport-and-exercise-science/2016/specification-and-sample-assessments/9781446940174-btec-nat-l3-extended-cert-sport-and-exercise-science.pdf p.47
Sport & Exercise Science,law-ethics,0,0,0,final,0,,,,
Sport & Exercise Science,writing,0,1,1,lower,0,,"Coaching plans/reports are required in Unit 6, a minor written element.",,
Sport & Exercise Science,speaking,1,2,1,lower,1,"Delivering a coaching session requires verbal instruction, assessed via observation, but is incidental to the practical task","Unit 6 requires learners to actually deliver coaching sessions to athletes, an assessed live-communication task.",Pearson BTEC L3 Nat. Ext. Certificate in Sport and Exercise Science spec https://qualifications.pearson.com/content/dam/pdf/BTEC-Nationals/sport-and-exercise-science/2016/specification-and-sample-assessments/9781446940174-btec-nat-l3-extended-cert-sport-and-exercise-science.pdf Unit 6,https://qualifications.pearson.com/content/dam/pdf/BTEC-Nationals/sport-and-exercise-science/2016/specification-and-sample-assessments/9781446940174-btec-nat-l3-extended-cert-sport-and-exercise-science.pdf p.47
Sport & Exercise Science,languages,0,0,0,final,0,,,,
Sport & Exercise Science,care-empathy,0,1,1,lower,0,,"Athlete welfare is a minor consideration within coaching, not a core assessed focus.",,
Sport & Exercise Science,teamwork,0,1,1,lower,0,,"Working with athletes/squads is coaching, not being assessed as a team member oneself.",,
Sport & Exercise Science,customer-service,1,0,1,lower,0,Coaching treats athletes as clients loosely; not a dedicated customer-service context,,Pearson BTEC L3 Nat. Ext. Certificate in Sport and Exercise Science spec https://qualifications.pearson.com/content/dam/pdf/BTEC-Nationals/sport-and-exercise-science/2016/specification-and-sample-assessments/9781446940174-btec-nat-l3-extended-cert-sport-and-exercise-science.pdf Unit 6,
Sport & Exercise Science,self-management,2,2,0,final,2,"Unit 6 (90/360 GLH=25% internal) requires independent planning, delivery and evaluation of a coaching session (rule 4)",Unit 6 is a live assessed coaching performance with self-evaluation of impact (rule 4).,"Pearson BTEC L3 Nat. Ext. Certificate in Sport and Exercise Science spec https://qualifications.pearson.com/content/dam/pdf/BTEC-Nationals/sport-and-exercise-science/2016/specification-and-sample-assessments/9781446940174-btec-nat-l3-extended-cert-sport-and-exercise-science.pdf Unit 6, p.39",https://qualifications.pearson.com/content/dam/pdf/BTEC-Nationals/sport-and-exercise-science/2016/specification-and-sample-assessments/9781446940174-btec-nat-l3-extended-cert-sport-and-exercise-science.pdf p.47
Sport & Exercise Science,critical-thinking,1,2,1,audit,1,Evaluating coaching effectiveness and psychological theory occurs but is not a majority-weighted AO,"Unit 6 Learning aim D: 'Explore the impact of coaching for performance and fitness', requiring evaluation of own practice.",Pearson BTEC L3 Nat. Ext. Certificate in Sport and Exercise Science spec https://qualifications.pearson.com/content/dam/pdf/BTEC-Nationals/sport-and-exercise-science/2016/specification-and-sample-assessments/9781446940174-btec-nat-l3-extended-cert-sport-and-exercise-science.pdf Unit 6,https://qualifications.pearson.com/content/dam/pdf/BTEC-Nationals/sport-and-exercise-science/2016/specification-and-sample-assessments/9781446940174-btec-nat-l3-extended-cert-sport-and-exercise-science.pdf p.47
Sport & Exercise Science,problem-solving,1,1,0,final,1,Adapting coaching practice to athlete needs is present but not a distinct named AO,,Pearson BTEC L3 Nat. Ext. Certificate in Sport and Exercise Science spec https://qualifications.pearson.com/content/dam/pdf/BTEC-Nationals/sport-and-exercise-science/2016/specification-and-sample-assessments/9781446940174-btec-nat-l3-extended-cert-sport-and-exercise-science.pdf Unit 6,
Sport & Exercise Science,creativity,1,1,0,final,1,Designing coaching sessions/practices requires some creative planning,Adapting coaching sessions to athletes is a minor creative element.,Pearson BTEC L3 Nat. Ext. Certificate in Sport and Exercise Science spec https://qualifications.pearson.com/content/dam/pdf/BTEC-Nationals/sport-and-exercise-science/2016/specification-and-sample-assessments/9781446940174-btec-nat-l3-extended-cert-sport-and-exercise-science.pdf Unit 6,
Sport & Exercise Science,content-production,0,0,0,final,0,,,,
Food Science & Nutrition,data-analysis,1,1,0,final,1,Nutritional calculation for individuals occurs (AC4.2) but is not general data analysis,Dietary analysis is required but is not framed as general statistical data analysis.,"WJEC/Eduqas L3 Applied Cert in Food Science and Nutrition spec, Unit 2 https://www.wjec.co.uk/media/gf2pi3mi/level-3-certificate-in-food-science-and-nutrition.pdf p.9",https://www.wjec.co.uk/media/atbneifg/wjec-applied-cert-dip-fsn-from-2015-gft-e-23-04-2020-1.pdf p.12
Food Science & Nutrition,programming,0,0,0,final,0,,,,
Food Science & Nutrition,digital-ai,0,0,0,final,0,,,,
Food Science & Nutrition,cyber-security,0,0,0,final,0,,,,
Food Science & Nutrition,numeracy,2,2,0,final,2,Unit 1 (50% of qualification) requires calculating nutritional requirements for given individuals as a named assessed criterion,'Application of knowledge through dietary analysis' (nutrient/calorie calculation) is regularly assessed via scenarios in Unit 1.,"WJEC/Eduqas L3 Applied Cert in Food Science and Nutrition spec, Unit 2 https://www.wjec.co.uk/media/gf2pi3mi/level-3-certificate-in-food-science-and-nutrition.pdf p.9",https://www.wjec.co.uk/media/atbneifg/wjec-applied-cert-dip-fsn-from-2015-gft-e-23-04-2020-1.pdf p.12
Food Science & Nutrition,scientific-method,1,2,1,lower,1,Some food-science investigation is touched (e.g. effect of methods on nutrients) but the mandatory units are not a dedicated investigation strand,"Unit 1 (properties of nutrients) and Unit 2 (how micro-organisms affect food safety) are science content, but assessed via written exam, not required practicals.","WJEC/Eduqas L3 Applied Diploma in Food Science and Nutrition, guidance for teaching https://www.eduqas.co.uk/media/hhwpkmg4/wjec-applied-cert-dip-fsn-from-2015-gft-e-080119.pdf","https://www.wjec.co.uk/media/atbneifg/wjec-applied-cert-dip-fsn-from-2015-gft-e-23-04-2020-1.pdf p.12,35"
Food Science & Nutrition,engineering,0,0,0,final,0,,,,
Food Science & Nutrition,practical-making,3,3,0,final,3,"Unit 1 (50%, mandatory) is explicitly to 'plan and cook complex dishes' to meet nutritional needs, a substantial hands-on component","Unit 1 (180 GLH, half the Diploma) requires learners to 'plan the production of complex dishes' and 'cook complex dishes', internally assessed.","WJEC/Eduqas L3 Applied Diploma in Food Science and Nutrition, guidance for teaching https://www.eduqas.co.uk/media/hhwpkmg4/wjec-applied-cert-dip-fsn-from-2015-gft-e-080119.pdf Unit 1",https://www.wjec.co.uk/media/atbneifg/wjec-applied-cert-dip-fsn-from-2015-gft-e-23-04-2020-1.pdf p.12
Food Science & Nutrition,sustainability,0,0,0,final,0,,,,
Food Science & Nutrition,commercial,1,1,0,final,1,"Costing/menu planning for catering contexts (e.g. conference catering) is touched as an example, not assessed commercial skill","Recipe/costing adaptation is a minor element, not a named assessed focus.","WJEC/Eduqas L3 Applied Diploma in Food Science and Nutrition, guidance for teaching https://www.eduqas.co.uk/media/hhwpkmg4/wjec-applied-cert-dip-fsn-from-2015-gft-e-080119.pdf Unit 1",
Food Science & Nutrition,leadership,0,0,0,final,0,,,,
Food Science & Nutrition,law-ethics,3,3,0,final,3,"Unit 2 (25%, mandatory, external) is wholly about food safety/hygiene law and government food-standards control","Unit 2: Ensuring Food is Safe to Eat (90 GLH, external, mandatory, 25%) is entirely about hazards, risks and control measures for food safety/hygiene.","WJEC/Eduqas L3 Applied Cert in Food Science and Nutrition spec, Unit 2 https://www.wjec.co.uk/media/gf2pi3mi/level-3-certificate-in-food-science-and-nutrition.pdf Unit 2, p.36-37",https://www.wjec.co.uk/media/atbneifg/wjec-applied-cert-dip-fsn-from-2015-gft-e-23-04-2020-1.pdf p.35
Food Science & Nutrition,writing,1,1,0,final,1,Written guidance/reports are produced but writing is not the assessed focus,"Exam answers and food-safety guidance materials are required, not extended essay writing.","WJEC/Eduqas L3 Applied Cert in Food Science and Nutrition spec, Unit 2 https://www.wjec.co.uk/media/gf2pi3mi/level-3-certificate-in-food-science-and-nutrition.pdf Unit 2",
Food Science & Nutrition,speaking,0,0,0,final,0,,,,
Food Science & Nutrition,languages,0,0,0,final,0,,,,
Food Science & Nutrition,care-empathy,2,2,0,final,2,"Unit 1 requires planning to meet the nutritional needs of specific vulnerable groups (elderly, sick), applied to realistic cases (rule 1)","Unit 1 requires meeting the nutritional needs of specific groups (e.g. elderly, cultural/religious diets), applied to realistic scenarios.","WJEC/Eduqas L3 Applied Diploma in Food Science and Nutrition, guidance for teaching https://www.eduqas.co.uk/media/hhwpkmg4/wjec-applied-cert-dip-fsn-from-2015-gft-e-080119.pdf Unit 1",https://www.wjec.co.uk/media/atbneifg/wjec-applied-cert-dip-fsn-from-2015-gft-e-23-04-2020-1.pdf p.12
Food Science & Nutrition,teamwork,0,0,0,final,0,,,,
Food Science & Nutrition,customer-service,1,1,0,final,1,"Catering for clients/patients is touched as context, not a dedicated customer-service assessment",Catering scenarios touch on client needs but are not a core assessed focus.,"WJEC/Eduqas L3 Applied Diploma in Food Science and Nutrition, guidance for teaching https://www.eduqas.co.uk/media/hhwpkmg4/wjec-applied-cert-dip-fsn-from-2015-gft-e-080119.pdf Unit 1",
Food Science & Nutrition,self-management,2,2,0,final,2,Unit 1 (50%) requires independently planning and organising complex practical cookery tasks (rule 4),"Unit 1's complex-dish planning and production is a substantial (50% of qualification) internally-assessed practical task under timed conditions (rule 4, live/practical performance).","WJEC/Eduqas L3 Applied Diploma in Food Science and Nutrition, guidance for teaching https://www.eduqas.co.uk/media/hhwpkmg4/wjec-applied-cert-dip-fsn-from-2015-gft-e-080119.pdf Unit 1",https://www.wjec.co.uk/media/atbneifg/wjec-applied-cert-dip-fsn-from-2015-gft-e-23-04-2020-1.pdf p.12
Food Science & Nutrition,critical-thinking,1,1,0,final,1,Analysing food-safety risks and nutritional needs occurs at AC level but is not the qualification's core focus,Evaluating diets/dishes against nutritional needs is a minor element.,"WJEC/Eduqas L3 Applied Cert in Food Science and Nutrition spec, Unit 2 https://www.wjec.co.uk/media/gf2pi3mi/level-3-certificate-in-food-science-and-nutrition.pdf p.9",
Food Science & Nutrition,problem-solving,2,1,1,lower,1,The specification's rationale explicitly 'employs an investigative and problem solving approach' across practical scenarios,Adapting recipes to meet specific dietary requirements is a minor problem-solving element.,"WJEC/Eduqas L3 Applied Diploma in Food Science and Nutrition, guidance for teaching https://www.eduqas.co.uk/media/hhwpkmg4/wjec-applied-cert-dip-fsn-from-2015-gft-e-080119.pdf p.3",
Food Science & Nutrition,creativity,1,1,0,final,1,Presenting dishes attractively is part of Unit 1 practical cookery but is a minor sub-point,"Planning dishes involves minor recipe-adaptation creativity, not a dedicated design objective.","WJEC/Eduqas L3 Applied Diploma in Food Science and Nutrition, guidance for teaching https://www.eduqas.co.uk/media/hhwpkmg4/wjec-applied-cert-dip-fsn-from-2015-gft-e-080119.pdf Unit 1",
Food Science & Nutrition,content-production,0,0,0,final,0,,,,
